ISO-10303-21;
HEADER;
/* Generated by software containing ST-Developer
 * from STEP Tools, Inc. (www.steptools.com) 
 */

FILE_DESCRIPTION(
/* description */ (''),
/* implementation_level */ '2;1');

FILE_NAME(
/* name */ '',
/* time_stamp */ '2026-06-12T23:46:12+08:00',
/* author */ (''),
/* organization */ (''),
/* preprocessor_version */ 'ST-DEVELOPER v20.1',
/* originating_system */ 'Autodesk Translation Framework v15.8.0.0',
/* authorisation */ '');

FILE_SCHEMA (('AUTOMOTIVE_DESIGN { 1 0 10303 214 3 1 1 }'));
ENDSEC;

DATA;
#10=MECHANICAL_DESIGN_GEOMETRIC_PRESENTATION_REPRESENTATION('',(#13),#8048);
#11=SHAPE_REPRESENTATION_RELATIONSHIP('SRR','None',#8055,#12);
#12=ADVANCED_BREP_SHAPE_REPRESENTATION('',(#14),#8047);
#13=STYLED_ITEM('',(#8064),#14);
#14=MANIFOLD_SOLID_BREP('\X2\5B9E4F53\X0\1',#5092);
#15=CYLINDRICAL_SURFACE('',#5344,2.85);
#16=CYLINDRICAL_SURFACE('',#5358,2.);
#17=CYLINDRICAL_SURFACE('',#5360,2.);
#18=CYLINDRICAL_SURFACE('',#5362,2.);
#19=CYLINDRICAL_SURFACE('',#5365,2.);
#20=CYLINDRICAL_SURFACE('',#5368,2.);
#21=CYLINDRICAL_SURFACE('',#5376,2.);
#22=CYLINDRICAL_SURFACE('',#5379,2.);
#23=CYLINDRICAL_SURFACE('',#5382,2.);
#24=TOROIDAL_SURFACE('',#5339,2.55,0.3);
#25=FACE_BOUND('',#551,.T.);
#26=FACE_BOUND('',#552,.T.);
#27=FACE_BOUND('',#553,.T.);
#28=FACE_BOUND('',#554,.T.);
#29=FACE_BOUND('',#555,.T.);
#30=FACE_BOUND('',#556,.T.);
#31=FACE_BOUND('',#557,.T.);
#32=FACE_BOUND('',#558,.T.);
#33=FACE_BOUND('',#559,.T.);
#34=FACE_BOUND('',#560,.T.);
#35=FACE_BOUND('',#561,.T.);
#36=FACE_BOUND('',#562,.T.);
#37=FACE_BOUND('',#563,.T.);
#38=FACE_BOUND('',#571,.T.);
#39=FACE_BOUND('',#591,.T.);
#40=FACE_BOUND('',#612,.T.);
#41=FACE_BOUND('',#613,.T.);
#42=FACE_BOUND('',#614,.T.);
#43=FACE_BOUND('',#615,.T.);
#44=FACE_BOUND('',#616,.T.);
#45=FACE_BOUND('',#617,.T.);
#46=FACE_BOUND('',#619,.T.);
#47=FACE_BOUND('',#622,.T.);
#48=FACE_BOUND('',#623,.T.);
#49=FACE_BOUND('',#624,.T.);
#50=FACE_BOUND('',#625,.T.);
#51=FACE_BOUND('',#626,.T.);
#52=FACE_BOUND('',#627,.T.);
#53=FACE_BOUND('',#630,.T.);
#54=FACE_BOUND('',#631,.T.);
#55=FACE_BOUND('',#632,.T.);
#56=FACE_BOUND('',#633,.T.);
#57=FACE_BOUND('',#634,.T.);
#58=FACE_BOUND('',#635,.T.);
#59=FACE_BOUND('',#638,.T.);
#60=FACE_BOUND('',#639,.T.);
#61=FACE_BOUND('',#640,.T.);
#62=FACE_BOUND('',#641,.T.);
#63=FACE_BOUND('',#642,.T.);
#64=FACE_BOUND('',#643,.T.);
#65=CIRCLE('',#5108,2.);
#66=CIRCLE('',#5119,2.);
#67=CIRCLE('',#5129,2.);
#68=CIRCLE('',#5139,2.);
#69=CIRCLE('',#5322,2.85);
#70=CIRCLE('',#5340,2.55);
#71=CIRCLE('',#5341,0.3);
#72=CIRCLE('',#5342,2.85);
#73=CIRCLE('',#5343,2.85);
#74=CIRCLE('',#5359,2.);
#75=CIRCLE('',#5361,2.);
#76=CIRCLE('',#5363,2.);
#77=CIRCLE('',#5366,2.);
#78=CIRCLE('',#5369,2.);
#79=CIRCLE('',#5370,2.);
#80=CIRCLE('',#5373,2.);
#81=CIRCLE('',#5374,2.);
#82=CIRCLE('',#5375,2.);
#83=CIRCLE('',#5377,2.);
#84=CIRCLE('',#5380,2.);
#85=CIRCLE('',#5383,2.);
#86=FACE_OUTER_BOUND('',#346,.T.);
#87=FACE_OUTER_BOUND('',#347,.T.);
#88=FACE_OUTER_BOUND('',#348,.T.);
#89=FACE_OUTER_BOUND('',#349,.T.);
#90=FACE_OUTER_BOUND('',#350,.T.);
#91=FACE_OUTER_BOUND('',#351,.T.);
#92=FACE_OUTER_BOUND('',#352,.T.);
#93=FACE_OUTER_BOUND('',#353,.T.);
#94=FACE_OUTER_BOUND('',#354,.T.);
#95=FACE_OUTER_BOUND('',#355,.T.);
#96=FACE_OUTER_BOUND('',#356,.T.);
#97=FACE_OUTER_BOUND('',#357,.T.);
#98=FACE_OUTER_BOUND('',#358,.T.);
#99=FACE_OUTER_BOUND('',#359,.T.);
#100=FACE_OUTER_BOUND('',#360,.T.);
#101=FACE_OUTER_BOUND('',#361,.T.);
#102=FACE_OUTER_BOUND('',#362,.T.);
#103=FACE_OUTER_BOUND('',#363,.T.);
#104=FACE_OUTER_BOUND('',#364,.T.);
#105=FACE_OUTER_BOUND('',#365,.T.);
#106=FACE_OUTER_BOUND('',#366,.T.);
#107=FACE_OUTER_BOUND('',#367,.T.);
#108=FACE_OUTER_BOUND('',#368,.T.);
#109=FACE_OUTER_BOUND('',#369,.T.);
#110=FACE_OUTER_BOUND('',#370,.T.);
#111=FACE_OUTER_BOUND('',#371,.T.);
#112=FACE_OUTER_BOUND('',#372,.T.);
#113=FACE_OUTER_BOUND('',#373,.T.);
#114=FACE_OUTER_BOUND('',#374,.T.);
#115=FACE_OUTER_BOUND('',#375,.T.);
#116=FACE_OUTER_BOUND('',#376,.T.);
#117=FACE_OUTER_BOUND('',#377,.T.);
#118=FACE_OUTER_BOUND('',#378,.T.);
#119=FACE_OUTER_BOUND('',#379,.T.);
#120=FACE_OUTER_BOUND('',#380,.T.);
#121=FACE_OUTER_BOUND('',#381,.T.);
#122=FACE_OUTER_BOUND('',#382,.T.);
#123=FACE_OUTER_BOUND('',#383,.T.);
#124=FACE_OUTER_BOUND('',#384,.T.);
#125=FACE_OUTER_BOUND('',#385,.T.);
#126=FACE_OUTER_BOUND('',#386,.T.);
#127=FACE_OUTER_BOUND('',#387,.T.);
#128=FACE_OUTER_BOUND('',#388,.T.);
#129=FACE_OUTER_BOUND('',#389,.T.);
#130=FACE_OUTER_BOUND('',#390,.T.);
#131=FACE_OUTER_BOUND('',#391,.T.);
#132=FACE_OUTER_BOUND('',#392,.T.);
#133=FACE_OUTER_BOUND('',#393,.T.);
#134=FACE_OUTER_BOUND('',#394,.T.);
#135=FACE_OUTER_BOUND('',#395,.T.);
#136=FACE_OUTER_BOUND('',#396,.T.);
#137=FACE_OUTER_BOUND('',#397,.T.);
#138=FACE_OUTER_BOUND('',#398,.T.);
#139=FACE_OUTER_BOUND('',#399,.T.);
#140=FACE_OUTER_BOUND('',#400,.T.);
#141=FACE_OUTER_BOUND('',#401,.T.);
#142=FACE_OUTER_BOUND('',#402,.T.);
#143=FACE_OUTER_BOUND('',#403,.T.);
#144=FACE_OUTER_BOUND('',#404,.T.);
#145=FACE_OUTER_BOUND('',#405,.T.);
#146=FACE_OUTER_BOUND('',#406,.T.);
#147=FACE_OUTER_BOUND('',#407,.T.);
#148=FACE_OUTER_BOUND('',#408,.T.);
#149=FACE_OUTER_BOUND('',#409,.T.);
#150=FACE_OUTER_BOUND('',#410,.T.);
#151=FACE_OUTER_BOUND('',#411,.T.);
#152=FACE_OUTER_BOUND('',#412,.T.);
#153=FACE_OUTER_BOUND('',#413,.T.);
#154=FACE_OUTER_BOUND('',#414,.T.);
#155=FACE_OUTER_BOUND('',#415,.T.);
#156=FACE_OUTER_BOUND('',#416,.T.);
#157=FACE_OUTER_BOUND('',#417,.T.);
#158=FACE_OUTER_BOUND('',#418,.T.);
#159=FACE_OUTER_BOUND('',#419,.T.);
#160=FACE_OUTER_BOUND('',#420,.T.);
#161=FACE_OUTER_BOUND('',#421,.T.);
#162=FACE_OUTER_BOUND('',#422,.T.);
#163=FACE_OUTER_BOUND('',#423,.T.);
#164=FACE_OUTER_BOUND('',#424,.T.);
#165=FACE_OUTER_BOUND('',#425,.T.);
#166=FACE_OUTER_BOUND('',#426,.T.);
#167=FACE_OUTER_BOUND('',#427,.T.);
#168=FACE_OUTER_BOUND('',#428,.T.);
#169=FACE_OUTER_BOUND('',#429,.T.);
#170=FACE_OUTER_BOUND('',#430,.T.);
#171=FACE_OUTER_BOUND('',#431,.T.);
#172=FACE_OUTER_BOUND('',#432,.T.);
#173=FACE_OUTER_BOUND('',#433,.T.);
#174=FACE_OUTER_BOUND('',#434,.T.);
#175=FACE_OUTER_BOUND('',#435,.T.);
#176=FACE_OUTER_BOUND('',#436,.T.);
#177=FACE_OUTER_BOUND('',#437,.T.);
#178=FACE_OUTER_BOUND('',#438,.T.);
#179=FACE_OUTER_BOUND('',#439,.T.);
#180=FACE_OUTER_BOUND('',#440,.T.);
#181=FACE_OUTER_BOUND('',#441,.T.);
#182=FACE_OUTER_BOUND('',#442,.T.);
#183=FACE_OUTER_BOUND('',#443,.T.);
#184=FACE_OUTER_BOUND('',#444,.T.);
#185=FACE_OUTER_BOUND('',#445,.T.);
#186=FACE_OUTER_BOUND('',#446,.T.);
#187=FACE_OUTER_BOUND('',#447,.T.);
#188=FACE_OUTER_BOUND('',#448,.T.);
#189=FACE_OUTER_BOUND('',#449,.T.);
#190=FACE_OUTER_BOUND('',#450,.T.);
#191=FACE_OUTER_BOUND('',#451,.T.);
#192=FACE_OUTER_BOUND('',#452,.T.);
#193=FACE_OUTER_BOUND('',#453,.T.);
#194=FACE_OUTER_BOUND('',#454,.T.);
#195=FACE_OUTER_BOUND('',#455,.T.);
#196=FACE_OUTER_BOUND('',#456,.T.);
#197=FACE_OUTER_BOUND('',#457,.T.);
#198=FACE_OUTER_BOUND('',#458,.T.);
#199=FACE_OUTER_BOUND('',#459,.T.);
#200=FACE_OUTER_BOUND('',#460,.T.);
#201=FACE_OUTER_BOUND('',#461,.T.);
#202=FACE_OUTER_BOUND('',#462,.T.);
#203=FACE_OUTER_BOUND('',#463,.T.);
#204=FACE_OUTER_BOUND('',#464,.T.);
#205=FACE_OUTER_BOUND('',#465,.T.);
#206=FACE_OUTER_BOUND('',#466,.T.);
#207=FACE_OUTER_BOUND('',#467,.T.);
#208=FACE_OUTER_BOUND('',#468,.T.);
#209=FACE_OUTER_BOUND('',#469,.T.);
#210=FACE_OUTER_BOUND('',#470,.T.);
#211=FACE_OUTER_BOUND('',#471,.T.);
#212=FACE_OUTER_BOUND('',#472,.T.);
#213=FACE_OUTER_BOUND('',#473,.T.);
#214=FACE_OUTER_BOUND('',#474,.T.);
#215=FACE_OUTER_BOUND('',#475,.T.);
#216=FACE_OUTER_BOUND('',#476,.T.);
#217=FACE_OUTER_BOUND('',#477,.T.);
#218=FACE_OUTER_BOUND('',#478,.T.);
#219=FACE_OUTER_BOUND('',#479,.T.);
#220=FACE_OUTER_BOUND('',#480,.T.);
#221=FACE_OUTER_BOUND('',#481,.T.);
#222=FACE_OUTER_BOUND('',#482,.T.);
#223=FACE_OUTER_BOUND('',#483,.T.);
#224=FACE_OUTER_BOUND('',#484,.T.);
#225=FACE_OUTER_BOUND('',#485,.T.);
#226=FACE_OUTER_BOUND('',#486,.T.);
#227=FACE_OUTER_BOUND('',#487,.T.);
#228=FACE_OUTER_BOUND('',#488,.T.);
#229=FACE_OUTER_BOUND('',#489,.T.);
#230=FACE_OUTER_BOUND('',#490,.T.);
#231=FACE_OUTER_BOUND('',#491,.T.);
#232=FACE_OUTER_BOUND('',#492,.T.);
#233=FACE_OUTER_BOUND('',#493,.T.);
#234=FACE_OUTER_BOUND('',#494,.T.);
#235=FACE_OUTER_BOUND('',#495,.T.);
#236=FACE_OUTER_BOUND('',#496,.T.);
#237=FACE_OUTER_BOUND('',#497,.T.);
#238=FACE_OUTER_BOUND('',#498,.T.);
#239=FACE_OUTER_BOUND('',#499,.T.);
#240=FACE_OUTER_BOUND('',#500,.T.);
#241=FACE_OUTER_BOUND('',#501,.T.);
#242=FACE_OUTER_BOUND('',#502,.T.);
#243=FACE_OUTER_BOUND('',#503,.T.);
#244=FACE_OUTER_BOUND('',#504,.T.);
#245=FACE_OUTER_BOUND('',#505,.T.);
#246=FACE_OUTER_BOUND('',#506,.T.);
#247=FACE_OUTER_BOUND('',#507,.T.);
#248=FACE_OUTER_BOUND('',#508,.T.);
#249=FACE_OUTER_BOUND('',#509,.T.);
#250=FACE_OUTER_BOUND('',#510,.T.);
#251=FACE_OUTER_BOUND('',#511,.T.);
#252=FACE_OUTER_BOUND('',#512,.T.);
#253=FACE_OUTER_BOUND('',#513,.T.);
#254=FACE_OUTER_BOUND('',#514,.T.);
#255=FACE_OUTER_BOUND('',#515,.T.);
#256=FACE_OUTER_BOUND('',#516,.T.);
#257=FACE_OUTER_BOUND('',#517,.T.);
#258=FACE_OUTER_BOUND('',#518,.T.);
#259=FACE_OUTER_BOUND('',#519,.T.);
#260=FACE_OUTER_BOUND('',#520,.T.);
#261=FACE_OUTER_BOUND('',#521,.T.);
#262=FACE_OUTER_BOUND('',#522,.T.);
#263=FACE_OUTER_BOUND('',#523,.T.);
#264=FACE_OUTER_BOUND('',#524,.T.);
#265=FACE_OUTER_BOUND('',#525,.T.);
#266=FACE_OUTER_BOUND('',#526,.T.);
#267=FACE_OUTER_BOUND('',#527,.T.);
#268=FACE_OUTER_BOUND('',#528,.T.);
#269=FACE_OUTER_BOUND('',#529,.T.);
#270=FACE_OUTER_BOUND('',#530,.T.);
#271=FACE_OUTER_BOUND('',#531,.T.);
#272=FACE_OUTER_BOUND('',#532,.T.);
#273=FACE_OUTER_BOUND('',#533,.T.);
#274=FACE_OUTER_BOUND('',#534,.T.);
#275=FACE_OUTER_BOUND('',#535,.T.);
#276=FACE_OUTER_BOUND('',#536,.T.);
#277=FACE_OUTER_BOUND('',#537,.T.);
#278=FACE_OUTER_BOUND('',#538,.T.);
#279=FACE_OUTER_BOUND('',#539,.T.);
#280=FACE_OUTER_BOUND('',#540,.T.);
#281=FACE_OUTER_BOUND('',#541,.T.);
#282=FACE_OUTER_BOUND('',#542,.T.);
#283=FACE_OUTER_BOUND('',#543,.T.);
#284=FACE_OUTER_BOUND('',#544,.T.);
#285=FACE_OUTER_BOUND('',#545,.T.);
#286=FACE_OUTER_BOUND('',#546,.T.);
#287=FACE_OUTER_BOUND('',#547,.T.);
#288=FACE_OUTER_BOUND('',#548,.T.);
#289=FACE_OUTER_BOUND('',#549,.T.);
#290=FACE_OUTER_BOUND('',#550,.T.);
#291=FACE_OUTER_BOUND('',#564,.T.);
#292=FACE_OUTER_BOUND('',#565,.T.);
#293=FACE_OUTER_BOUND('',#566,.T.);
#294=FACE_OUTER_BOUND('',#567,.T.);
#295=FACE_OUTER_BOUND('',#568,.T.);
#296=FACE_OUTER_BOUND('',#569,.T.);
#297=FACE_OUTER_BOUND('',#570,.T.);
#298=FACE_OUTER_BOUND('',#572,.T.);
#299=FACE_OUTER_BOUND('',#573,.T.);
#300=FACE_OUTER_BOUND('',#574,.T.);
#301=FACE_OUTER_BOUND('',#575,.T.);
#302=FACE_OUTER_BOUND('',#576,.T.);
#303=FACE_OUTER_BOUND('',#577,.T.);
#304=FACE_OUTER_BOUND('',#578,.T.);
#305=FACE_OUTER_BOUND('',#579,.T.);
#306=FACE_OUTER_BOUND('',#580,.T.);
#307=FACE_OUTER_BOUND('',#581,.T.);
#308=FACE_OUTER_BOUND('',#582,.T.);
#309=FACE_OUTER_BOUND('',#583,.T.);
#310=FACE_OUTER_BOUND('',#584,.T.);
#311=FACE_OUTER_BOUND('',#585,.T.);
#312=FACE_OUTER_BOUND('',#586,.T.);
#313=FACE_OUTER_BOUND('',#587,.T.);
#314=FACE_OUTER_BOUND('',#588,.T.);
#315=FACE_OUTER_BOUND('',#589,.T.);
#316=FACE_OUTER_BOUND('',#590,.T.);
#317=FACE_OUTER_BOUND('',#592,.T.);
#318=FACE_OUTER_BOUND('',#593,.T.);
#319=FACE_OUTER_BOUND('',#594,.T.);
#320=FACE_OUTER_BOUND('',#595,.T.);
#321=FACE_OUTER_BOUND('',#596,.T.);
#322=FACE_OUTER_BOUND('',#597,.T.);
#323=FACE_OUTER_BOUND('',#598,.T.);
#324=FACE_OUTER_BOUND('',#599,.T.);
#325=FACE_OUTER_BOUND('',#600,.T.);
#326=FACE_OUTER_BOUND('',#601,.T.);
#327=FACE_OUTER_BOUND('',#602,.T.);
#328=FACE_OUTER_BOUND('',#603,.T.);
#329=FACE_OUTER_BOUND('',#604,.T.);
#330=FACE_OUTER_BOUND('',#605,.T.);
#331=FACE_OUTER_BOUND('',#606,.T.);
#332=FACE_OUTER_BOUND('',#607,.T.);
#333=FACE_OUTER_BOUND('',#608,.T.);
#334=FACE_OUTER_BOUND('',#609,.T.);
#335=FACE_OUTER_BOUND('',#610,.T.);
#336=FACE_OUTER_BOUND('',#611,.T.);
#337=FACE_OUTER_BOUND('',#618,.T.);
#338=FACE_OUTER_BOUND('',#620,.T.);
#339=FACE_OUTER_BOUND('',#621,.T.);
#340=FACE_OUTER_BOUND('',#628,.T.);
#341=FACE_OUTER_BOUND('',#629,.T.);
#342=FACE_OUTER_BOUND('',#636,.T.);
#343=FACE_OUTER_BOUND('',#637,.T.);
#344=FACE_OUTER_BOUND('',#644,.T.);
#345=FACE_OUTER_BOUND('',#645,.T.);
#346=EDGE_LOOP('',(#3166,#3167,#3168,#3169));
#347=EDGE_LOOP('',(#3170,#3171,#3172,#3173,#3174,#3175));
#348=EDGE_LOOP('',(#3176,#3177,#3178,#3179));
#349=EDGE_LOOP('',(#3180,#3181,#3182,#3183));
#350=EDGE_LOOP('',(#3184,#3185,#3186,#3187));
#351=EDGE_LOOP('',(#3188,#3189,#3190,#3191));
#352=EDGE_LOOP('',(#3192,#3193,#3194,#3195));
#353=EDGE_LOOP('',(#3196,#3197,#3198,#3199));
#354=EDGE_LOOP('',(#3200,#3201,#3202,#3203));
#355=EDGE_LOOP('',(#3204,#3205,#3206,#3207));
#356=EDGE_LOOP('',(#3208,#3209,#3210,#3211));
#357=EDGE_LOOP('',(#3212,#3213,#3214,#3215,#3216,#3217));
#358=EDGE_LOOP('',(#3218,#3219,#3220,#3221));
#359=EDGE_LOOP('',(#3222,#3223,#3224,#3225));
#360=EDGE_LOOP('',(#3226,#3227,#3228,#3229));
#361=EDGE_LOOP('',(#3230,#3231,#3232,#3233));
#362=EDGE_LOOP('',(#3234,#3235,#3236,#3237));
#363=EDGE_LOOP('',(#3238,#3239,#3240,#3241));
#364=EDGE_LOOP('',(#3242,#3243,#3244,#3245));
#365=EDGE_LOOP('',(#3246,#3247,#3248,#3249));
#366=EDGE_LOOP('',(#3250,#3251,#3252,#3253,#3254,#3255));
#367=EDGE_LOOP('',(#3256,#3257,#3258,#3259));
#368=EDGE_LOOP('',(#3260,#3261,#3262,#3263));
#369=EDGE_LOOP('',(#3264,#3265,#3266,#3267));
#370=EDGE_LOOP('',(#3268,#3269,#3270,#3271));
#371=EDGE_LOOP('',(#3272,#3273,#3274,#3275));
#372=EDGE_LOOP('',(#3276,#3277,#3278,#3279));
#373=EDGE_LOOP('',(#3280,#3281,#3282,#3283));
#374=EDGE_LOOP('',(#3284,#3285,#3286,#3287));
#375=EDGE_LOOP('',(#3288,#3289,#3290,#3291,#3292,#3293));
#376=EDGE_LOOP('',(#3294,#3295,#3296,#3297));
#377=EDGE_LOOP('',(#3298,#3299,#3300,#3301));
#378=EDGE_LOOP('',(#3302,#3303,#3304,#3305));
#379=EDGE_LOOP('',(#3306,#3307,#3308,#3309));
#380=EDGE_LOOP('',(#3310,#3311,#3312,#3313));
#381=EDGE_LOOP('',(#3314,#3315,#3316,#3317));
#382=EDGE_LOOP('',(#3318,#3319,#3320,#3321));
#383=EDGE_LOOP('',(#3322,#3323,#3324,#3325));
#384=EDGE_LOOP('',(#3326,#3327,#3328,#3329));
#385=EDGE_LOOP('',(#3330,#3331,#3332,#3333));
#386=EDGE_LOOP('',(#3334,#3335,#3336,#3337));
#387=EDGE_LOOP('',(#3338,#3339,#3340,#3341));
#388=EDGE_LOOP('',(#3342,#3343,#3344,#3345));
#389=EDGE_LOOP('',(#3346,#3347,#3348,#3349));
#390=EDGE_LOOP('',(#3350,#3351,#3352,#3353));
#391=EDGE_LOOP('',(#3354,#3355,#3356,#3357));
#392=EDGE_LOOP('',(#3358,#3359,#3360,#3361));
#393=EDGE_LOOP('',(#3362,#3363,#3364,#3365));
#394=EDGE_LOOP('',(#3366,#3367,#3368,#3369));
#395=EDGE_LOOP('',(#3370,#3371,#3372,#3373));
#396=EDGE_LOOP('',(#3374,#3375,#3376,#3377));
#397=EDGE_LOOP('',(#3378,#3379,#3380,#3381));
#398=EDGE_LOOP('',(#3382,#3383,#3384,#3385));
#399=EDGE_LOOP('',(#3386,#3387,#3388,#3389));
#400=EDGE_LOOP('',(#3390,#3391,#3392,#3393));
#401=EDGE_LOOP('',(#3394,#3395,#3396,#3397));
#402=EDGE_LOOP('',(#3398,#3399,#3400,#3401));
#403=EDGE_LOOP('',(#3402,#3403,#3404,#3405));
#404=EDGE_LOOP('',(#3406,#3407,#3408,#3409));
#405=EDGE_LOOP('',(#3410,#3411,#3412,#3413));
#406=EDGE_LOOP('',(#3414,#3415,#3416,#3417,#3418));
#407=EDGE_LOOP('',(#3419,#3420,#3421,#3422));
#408=EDGE_LOOP('',(#3423,#3424,#3425,#3426));
#409=EDGE_LOOP('',(#3427,#3428,#3429,#3430));
#410=EDGE_LOOP('',(#3431,#3432,#3433,#3434));
#411=EDGE_LOOP('',(#3435,#3436,#3437,#3438));
#412=EDGE_LOOP('',(#3439,#3440,#3441,#3442));
#413=EDGE_LOOP('',(#3443,#3444,#3445,#3446));
#414=EDGE_LOOP('',(#3447,#3448,#3449,#3450));
#415=EDGE_LOOP('',(#3451,#3452,#3453,#3454,#3455));
#416=EDGE_LOOP('',(#3456,#3457,#3458,#3459));
#417=EDGE_LOOP('',(#3460,#3461,#3462,#3463));
#418=EDGE_LOOP('',(#3464,#3465,#3466,#3467,#3468,#3469,#3470,#3471,#3472,
#3473,#3474,#3475,#3476,#3477,#3478,#3479,#3480,#3481,#3482,#3483,#3484,
#3485,#3486,#3487,#3488,#3489,#3490,#3491,#3492,#3493,#3494,#3495,#3496,
#3497,#3498,#3499,#3500,#3501,#3502,#3503,#3504));
#419=EDGE_LOOP('',(#3505,#3506,#3507,#3508));
#420=EDGE_LOOP('',(#3509,#3510,#3511,#3512));
#421=EDGE_LOOP('',(#3513,#3514,#3515,#3516));
#422=EDGE_LOOP('',(#3517,#3518,#3519,#3520));
#423=EDGE_LOOP('',(#3521,#3522,#3523,#3524));
#424=EDGE_LOOP('',(#3525,#3526,#3527,#3528));
#425=EDGE_LOOP('',(#3529,#3530,#3531,#3532));
#426=EDGE_LOOP('',(#3533,#3534,#3535,#3536));
#427=EDGE_LOOP('',(#3537,#3538,#3539,#3540));
#428=EDGE_LOOP('',(#3541,#3542,#3543,#3544));
#429=EDGE_LOOP('',(#3545,#3546,#3547,#3548));
#430=EDGE_LOOP('',(#3549,#3550,#3551,#3552));
#431=EDGE_LOOP('',(#3553,#3554,#3555,#3556));
#432=EDGE_LOOP('',(#3557,#3558,#3559,#3560));
#433=EDGE_LOOP('',(#3561,#3562,#3563,#3564));
#434=EDGE_LOOP('',(#3565,#3566,#3567,#3568));
#435=EDGE_LOOP('',(#3569,#3570,#3571,#3572));
#436=EDGE_LOOP('',(#3573,#3574,#3575,#3576));
#437=EDGE_LOOP('',(#3577,#3578,#3579,#3580));
#438=EDGE_LOOP('',(#3581,#3582,#3583,#3584));
#439=EDGE_LOOP('',(#3585,#3586,#3587,#3588));
#440=EDGE_LOOP('',(#3589,#3590,#3591,#3592));
#441=EDGE_LOOP('',(#3593,#3594,#3595,#3596));
#442=EDGE_LOOP('',(#3597,#3598,#3599,#3600));
#443=EDGE_LOOP('',(#3601,#3602,#3603,#3604));
#444=EDGE_LOOP('',(#3605,#3606,#3607,#3608));
#445=EDGE_LOOP('',(#3609,#3610,#3611,#3612));
#446=EDGE_LOOP('',(#3613,#3614,#3615,#3616,#3617,#3618,#3619,#3620,#3621,
#3622,#3623,#3624,#3625,#3626,#3627,#3628,#3629,#3630,#3631,#3632,#3633,
#3634,#3635,#3636,#3637,#3638,#3639,#3640,#3641,#3642,#3643,#3644,#3645,
#3646,#3647,#3648,#3649,#3650,#3651,#3652,#3653));
#447=EDGE_LOOP('',(#3654,#3655,#3656,#3657));
#448=EDGE_LOOP('',(#3658,#3659,#3660,#3661));
#449=EDGE_LOOP('',(#3662,#3663,#3664,#3665));
#450=EDGE_LOOP('',(#3666,#3667,#3668,#3669));
#451=EDGE_LOOP('',(#3670,#3671,#3672,#3673));
#452=EDGE_LOOP('',(#3674,#3675,#3676,#3677));
#453=EDGE_LOOP('',(#3678,#3679,#3680,#3681));
#454=EDGE_LOOP('',(#3682,#3683,#3684,#3685));
#455=EDGE_LOOP('',(#3686,#3687,#3688,#3689));
#456=EDGE_LOOP('',(#3690,#3691,#3692,#3693));
#457=EDGE_LOOP('',(#3694,#3695,#3696,#3697));
#458=EDGE_LOOP('',(#3698,#3699,#3700,#3701));
#459=EDGE_LOOP('',(#3702,#3703,#3704,#3705));
#460=EDGE_LOOP('',(#3706,#3707,#3708,#3709));
#461=EDGE_LOOP('',(#3710,#3711,#3712,#3713));
#462=EDGE_LOOP('',(#3714,#3715,#3716,#3717));
#463=EDGE_LOOP('',(#3718,#3719,#3720,#3721));
#464=EDGE_LOOP('',(#3722,#3723,#3724,#3725));
#465=EDGE_LOOP('',(#3726,#3727,#3728,#3729));
#466=EDGE_LOOP('',(#3730,#3731,#3732,#3733));
#467=EDGE_LOOP('',(#3734,#3735,#3736,#3737));
#468=EDGE_LOOP('',(#3738,#3739,#3740,#3741));
#469=EDGE_LOOP('',(#3742,#3743,#3744,#3745));
#470=EDGE_LOOP('',(#3746,#3747,#3748,#3749));
#471=EDGE_LOOP('',(#3750,#3751,#3752,#3753));
#472=EDGE_LOOP('',(#3754,#3755,#3756,#3757));
#473=EDGE_LOOP('',(#3758,#3759,#3760,#3761));
#474=EDGE_LOOP('',(#3762,#3763,#3764,#3765));
#475=EDGE_LOOP('',(#3766,#3767,#3768,#3769));
#476=EDGE_LOOP('',(#3770,#3771,#3772,#3773));
#477=EDGE_LOOP('',(#3774,#3775,#3776,#3777));
#478=EDGE_LOOP('',(#3778,#3779,#3780,#3781));
#479=EDGE_LOOP('',(#3782,#3783,#3784,#3785));
#480=EDGE_LOOP('',(#3786,#3787,#3788,#3789));
#481=EDGE_LOOP('',(#3790,#3791,#3792,#3793));
#482=EDGE_LOOP('',(#3794,#3795,#3796,#3797));
#483=EDGE_LOOP('',(#3798,#3799,#3800,#3801));
#484=EDGE_LOOP('',(#3802,#3803,#3804,#3805));
#485=EDGE_LOOP('',(#3806,#3807,#3808,#3809));
#486=EDGE_LOOP('',(#3810,#3811,#3812,#3813));
#487=EDGE_LOOP('',(#3814,#3815,#3816,#3817));
#488=EDGE_LOOP('',(#3818,#3819,#3820,#3821));
#489=EDGE_LOOP('',(#3822,#3823,#3824,#3825));
#490=EDGE_LOOP('',(#3826,#3827,#3828,#3829));
#491=EDGE_LOOP('',(#3830,#3831,#3832,#3833));
#492=EDGE_LOOP('',(#3834,#3835,#3836,#3837));
#493=EDGE_LOOP('',(#3838,#3839,#3840,#3841));
#494=EDGE_LOOP('',(#3842,#3843,#3844,#3845));
#495=EDGE_LOOP('',(#3846,#3847,#3848,#3849));
#496=EDGE_LOOP('',(#3850,#3851,#3852,#3853));
#497=EDGE_LOOP('',(#3854,#3855,#3856,#3857));
#498=EDGE_LOOP('',(#3858,#3859,#3860,#3861));
#499=EDGE_LOOP('',(#3862,#3863,#3864,#3865));
#500=EDGE_LOOP('',(#3866,#3867,#3868,#3869));
#501=EDGE_LOOP('',(#3870,#3871,#3872,#3873));
#502=EDGE_LOOP('',(#3874,#3875,#3876,#3877));
#503=EDGE_LOOP('',(#3878,#3879,#3880,#3881));
#504=EDGE_LOOP('',(#3882,#3883,#3884,#3885));
#505=EDGE_LOOP('',(#3886,#3887,#3888,#3889));
#506=EDGE_LOOP('',(#3890,#3891,#3892,#3893));
#507=EDGE_LOOP('',(#3894,#3895,#3896,#3897));
#508=EDGE_LOOP('',(#3898,#3899,#3900,#3901));
#509=EDGE_LOOP('',(#3902,#3903,#3904,#3905));
#510=EDGE_LOOP('',(#3906,#3907,#3908,#3909));
#511=EDGE_LOOP('',(#3910,#3911,#3912,#3913));
#512=EDGE_LOOP('',(#3914,#3915,#3916,#3917));
#513=EDGE_LOOP('',(#3918,#3919,#3920,#3921));
#514=EDGE_LOOP('',(#3922,#3923,#3924,#3925));
#515=EDGE_LOOP('',(#3926,#3927,#3928,#3929));
#516=EDGE_LOOP('',(#3930,#3931,#3932,#3933));
#517=EDGE_LOOP('',(#3934,#3935,#3936,#3937));
#518=EDGE_LOOP('',(#3938,#3939,#3940,#3941));
#519=EDGE_LOOP('',(#3942,#3943,#3944,#3945));
#520=EDGE_LOOP('',(#3946,#3947,#3948,#3949));
#521=EDGE_LOOP('',(#3950,#3951,#3952,#3953));
#522=EDGE_LOOP('',(#3954,#3955,#3956,#3957));
#523=EDGE_LOOP('',(#3958,#3959,#3960,#3961));
#524=EDGE_LOOP('',(#3962,#3963,#3964,#3965));
#525=EDGE_LOOP('',(#3966,#3967,#3968,#3969));
#526=EDGE_LOOP('',(#3970,#3971,#3972,#3973));
#527=EDGE_LOOP('',(#3974,#3975,#3976,#3977));
#528=EDGE_LOOP('',(#3978,#3979,#3980,#3981));
#529=EDGE_LOOP('',(#3982,#3983,#3984,#3985));
#530=EDGE_LOOP('',(#3986,#3987,#3988,#3989));
#531=EDGE_LOOP('',(#3990,#3991,#3992,#3993));
#532=EDGE_LOOP('',(#3994,#3995,#3996,#3997));
#533=EDGE_LOOP('',(#3998,#3999,#4000,#4001));
#534=EDGE_LOOP('',(#4002,#4003,#4004,#4005));
#535=EDGE_LOOP('',(#4006,#4007,#4008,#4009));
#536=EDGE_LOOP('',(#4010,#4011,#4012,#4013));
#537=EDGE_LOOP('',(#4014,#4015,#4016,#4017));
#538=EDGE_LOOP('',(#4018,#4019,#4020,#4021));
#539=EDGE_LOOP('',(#4022,#4023,#4024,#4025));
#540=EDGE_LOOP('',(#4026,#4027,#4028,#4029));
#541=EDGE_LOOP('',(#4030,#4031,#4032,#4033));
#542=EDGE_LOOP('',(#4034,#4035,#4036,#4037));
#543=EDGE_LOOP('',(#4038,#4039,#4040,#4041));
#544=EDGE_LOOP('',(#4042,#4043,#4044,#4045));
#545=EDGE_LOOP('',(#4046,#4047,#4048,#4049));
#546=EDGE_LOOP('',(#4050,#4051,#4052,#4053));
#547=EDGE_LOOP('',(#4054,#4055,#4056,#4057));
#548=EDGE_LOOP('',(#4058,#4059,#4060,#4061));
#549=EDGE_LOOP('',(#4062,#4063,#4064,#4065));
#550=EDGE_LOOP('',(#4066,#4067,#4068,#4069,#4070,#4071,#4072,#4073,#4074,
#4075,#4076,#4077,#4078,#4079,#4080,#4081,#4082,#4083,#4084,#4085,#4086,
#4087,#4088,#4089,#4090,#4091,#4092,#4093,#4094,#4095,#4096,#4097));
#551=EDGE_LOOP('',(#4098,#4099,#4100,#4101));
#552=EDGE_LOOP('',(#4102,#4103,#4104,#4105));
#553=EDGE_LOOP('',(#4106,#4107,#4108,#4109));
#554=EDGE_LOOP('',(#4110,#4111,#4112,#4113));
#555=EDGE_LOOP('',(#4114,#4115,#4116,#4117));
#556=EDGE_LOOP('',(#4118,#4119,#4120,#4121));
#557=EDGE_LOOP('',(#4122,#4123,#4124,#4125));
#558=EDGE_LOOP('',(#4126,#4127,#4128,#4129));
#559=EDGE_LOOP('',(#4130,#4131,#4132,#4133));
#560=EDGE_LOOP('',(#4134,#4135,#4136,#4137));
#561=EDGE_LOOP('',(#4138,#4139,#4140,#4141));
#562=EDGE_LOOP('',(#4142,#4143,#4144,#4145));
#563=EDGE_LOOP('',(#4146,#4147,#4148,#4149));
#564=EDGE_LOOP('',(#4150,#4151,#4152,#4153));
#565=EDGE_LOOP('',(#4154,#4155,#4156,#4157));
#566=EDGE_LOOP('',(#4158,#4159,#4160,#4161));
#567=EDGE_LOOP('',(#4162,#4163,#4164,#4165));
#568=EDGE_LOOP('',(#4166,#4167,#4168,#4169));
#569=EDGE_LOOP('',(#4170,#4171,#4172,#4173));
#570=EDGE_LOOP('',(#4174,#4175,#4176,#4177));
#571=EDGE_LOOP('',(#4178));
#572=EDGE_LOOP('',(#4179,#4180,#4181,#4182));
#573=EDGE_LOOP('',(#4183,#4184,#4185,#4186));
#574=EDGE_LOOP('',(#4187,#4188,#4189,#4190));
#575=EDGE_LOOP('',(#4191,#4192,#4193,#4194));
#576=EDGE_LOOP('',(#4195,#4196,#4197,#4198));
#577=EDGE_LOOP('',(#4199,#4200,#4201,#4202));
#578=EDGE_LOOP('',(#4203,#4204,#4205,#4206));
#579=EDGE_LOOP('',(#4207,#4208,#4209,#4210));
#580=EDGE_LOOP('',(#4211,#4212,#4213,#4214));
#581=EDGE_LOOP('',(#4215,#4216,#4217,#4218));
#582=EDGE_LOOP('',(#4219,#4220,#4221,#4222));
#583=EDGE_LOOP('',(#4223,#4224,#4225,#4226));
#584=EDGE_LOOP('',(#4227,#4228,#4229,#4230));
#585=EDGE_LOOP('',(#4231,#4232,#4233,#4234,#4235,#4236));
#586=EDGE_LOOP('',(#4237,#4238,#4239,#4240,#4241,#4242));
#587=EDGE_LOOP('',(#4243,#4244,#4245,#4246));
#588=EDGE_LOOP('',(#4247,#4248,#4249,#4250,#4251));
#589=EDGE_LOOP('',(#4252,#4253,#4254,#4255,#4256));
#590=EDGE_LOOP('',(#4257));
#591=EDGE_LOOP('',(#4258,#4259,#4260,#4261,#4262,#4263,#4264,#4265,#4266,
#4267,#4268,#4269));
#592=EDGE_LOOP('',(#4270,#4271,#4272,#4273));
#593=EDGE_LOOP('',(#4274,#4275,#4276,#4277));
#594=EDGE_LOOP('',(#4278,#4279,#4280,#4281));
#595=EDGE_LOOP('',(#4282,#4283,#4284,#4285));
#596=EDGE_LOOP('',(#4286,#4287,#4288,#4289));
#597=EDGE_LOOP('',(#4290,#4291,#4292,#4293));
#598=EDGE_LOOP('',(#4294,#4295,#4296,#4297));
#599=EDGE_LOOP('',(#4298,#4299,#4300,#4301));
#600=EDGE_LOOP('',(#4302,#4303,#4304,#4305));
#601=EDGE_LOOP('',(#4306,#4307,#4308,#4309));
#602=EDGE_LOOP('',(#4310,#4311,#4312,#4313));
#603=EDGE_LOOP('',(#4314,#4315,#4316,#4317));
#604=EDGE_LOOP('',(#4318,#4319,#4320,#4321));
#605=EDGE_LOOP('',(#4322,#4323,#4324,#4325));
#606=EDGE_LOOP('',(#4326,#4327,#4328,#4329));
#607=EDGE_LOOP('',(#4330,#4331,#4332,#4333,#4334,#4335,#4336,#4337,#4338,
#4339,#4340,#4341,#4342,#4343,#4344,#4345,#4346,#4347,#4348,#4349,#4350,
#4351,#4352,#4353,#4354,#4355,#4356,#4357,#4358,#4359,#4360,#4361,#4362,
#4363,#4364,#4365,#4366,#4367,#4368,#4369,#4370));
#608=EDGE_LOOP('',(#4371,#4372,#4373,#4374));
#609=EDGE_LOOP('',(#4375,#4376,#4377,#4378,#4379,#4380,#4381,#4382,#4383,
#4384,#4385,#4386,#4387,#4388,#4389,#4390,#4391,#4392,#4393,#4394,#4395,
#4396,#4397,#4398,#4399,#4400,#4401,#4402,#4403,#4404,#4405,#4406,#4407,
#4408,#4409,#4410,#4411,#4412,#4413,#4414,#4415));
#610=EDGE_LOOP('',(#4416,#4417,#4418,#4419));
#611=EDGE_LOOP('',(#4420,#4421,#4422,#4423));
#612=EDGE_LOOP('',(#4424,#4425,#4426,#4427));
#613=EDGE_LOOP('',(#4428,#4429,#4430,#4431));
#614=EDGE_LOOP('',(#4432,#4433,#4434,#4435));
#615=EDGE_LOOP('',(#4436,#4437,#4438,#4439));
#616=EDGE_LOOP('',(#4440,#4441,#4442,#4443));
#617=EDGE_LOOP('',(#4444,#4445,#4446,#4447));
#618=EDGE_LOOP('',(#4448,#4449,#4450,#4451,#4452,#4453,#4454,#4455));
#619=EDGE_LOOP('',(#4456,#4457,#4458,#4459,#4460,#4461,#4462,#4463));
#620=EDGE_LOOP('',(#4464,#4465,#4466,#4467));
#621=EDGE_LOOP('',(#4468,#4469,#4470,#4471));
#622=EDGE_LOOP('',(#4472,#4473,#4474,#4475));
#623=EDGE_LOOP('',(#4476,#4477,#4478,#4479));
#624=EDGE_LOOP('',(#4480,#4481,#4482,#4483));
#625=EDGE_LOOP('',(#4484,#4485,#4486,#4487));
#626=EDGE_LOOP('',(#4488,#4489,#4490,#4491));
#627=EDGE_LOOP('',(#4492,#4493,#4494,#4495));
#628=EDGE_LOOP('',(#4496,#4497,#4498,#4499));
#629=EDGE_LOOP('',(#4500,#4501,#4502,#4503));
#630=EDGE_LOOP('',(#4504,#4505,#4506,#4507));
#631=EDGE_LOOP('',(#4508,#4509,#4510,#4511));
#632=EDGE_LOOP('',(#4512,#4513,#4514,#4515));
#633=EDGE_LOOP('',(#4516,#4517,#4518,#4519));
#634=EDGE_LOOP('',(#4520,#4521,#4522,#4523));
#635=EDGE_LOOP('',(#4524,#4525,#4526,#4527));
#636=EDGE_LOOP('',(#4528,#4529,#4530,#4531));
#637=EDGE_LOOP('',(#4532,#4533,#4534,#4535));
#638=EDGE_LOOP('',(#4536,#4537,#4538,#4539));
#639=EDGE_LOOP('',(#4540,#4541,#4542,#4543));
#640=EDGE_LOOP('',(#4544,#4545,#4546,#4547));
#641=EDGE_LOOP('',(#4548,#4549,#4550,#4551));
#642=EDGE_LOOP('',(#4552,#4553,#4554,#4555,#4556));
#643=EDGE_LOOP('',(#4557,#4558,#4559,#4560,#4561));
#644=EDGE_LOOP('',(#4562,#4563,#4564,#4565,#4566,#4567,#4568,#4569,#4570,
#4571,#4572,#4573));
#645=EDGE_LOOP('',(#4574,#4575,#4576,#4577,#4578,#4579,#4580,#4581));
#646=LINE('',#6642,#1333);
#647=LINE('',#6644,#1334);
#648=LINE('',#6646,#1335);
#649=LINE('',#6647,#1336);
#650=LINE('',#6650,#1337);
#651=LINE('',#6654,#1338);
#652=LINE('',#6656,#1339);
#653=LINE('',#6657,#1340);
#654=LINE('',#6661,#1341);
#655=LINE('',#6663,#1342);
#656=LINE('',#6665,#1343);
#657=LINE('',#6666,#1344);
#658=LINE('',#6669,#1345);
#659=LINE('',#6671,#1346);
#660=LINE('',#6672,#1347);
#661=LINE('',#6676,#1348);
#662=LINE('',#6678,#1349);
#663=LINE('',#6680,#1350);
#664=LINE('',#6681,#1351);
#665=LINE('',#6684,#1352);
#666=LINE('',#6686,#1353);
#667=LINE('',#6687,#1354);
#668=LINE('',#6691,#1355);
#669=LINE('',#6693,#1356);
#670=LINE('',#6695,#1357);
#671=LINE('',#6696,#1358);
#672=LINE('',#6699,#1359);
#673=LINE('',#6701,#1360);
#674=LINE('',#6702,#1361);
#675=LINE('',#6706,#1362);
#676=LINE('',#6708,#1363);
#677=LINE('',#6710,#1364);
#678=LINE('',#6711,#1365);
#679=LINE('',#6714,#1366);
#680=LINE('',#6716,#1367);
#681=LINE('',#6717,#1368);
#682=LINE('',#6721,#1369);
#683=LINE('',#6723,#1370);
#684=LINE('',#6725,#1371);
#685=LINE('',#6726,#1372);
#686=LINE('',#6729,#1373);
#687=LINE('',#6731,#1374);
#688=LINE('',#6733,#1375);
#689=LINE('',#6736,#1376);
#690=LINE('',#6739,#1377);
#691=LINE('',#6741,#1378);
#692=LINE('',#6742,#1379);
#693=LINE('',#6745,#1380);
#694=LINE('',#6747,#1381);
#695=LINE('',#6748,#1382);
#696=LINE('',#6751,#1383);
#697=LINE('',#6753,#1384);
#698=LINE('',#6754,#1385);
#699=LINE('',#6758,#1386);
#700=LINE('',#6760,#1387);
#701=LINE('',#6762,#1388);
#702=LINE('',#6763,#1389);
#703=LINE('',#6766,#1390);
#704=LINE('',#6768,#1391);
#705=LINE('',#6769,#1392);
#706=LINE('',#6773,#1393);
#707=LINE('',#6775,#1394);
#708=LINE('',#6777,#1395);
#709=LINE('',#6778,#1396);
#710=LINE('',#6781,#1397);
#711=LINE('',#6783,#1398);
#712=LINE('',#6784,#1399);
#713=LINE('',#6788,#1400);
#714=LINE('',#6790,#1401);
#715=LINE('',#6792,#1402);
#716=LINE('',#6793,#1403);
#717=LINE('',#6796,#1404);
#718=LINE('',#6798,#1405);
#719=LINE('',#6800,#1406);
#720=LINE('',#6803,#1407);
#721=LINE('',#6806,#1408);
#722=LINE('',#6808,#1409);
#723=LINE('',#6809,#1410);
#724=LINE('',#6812,#1411);
#725=LINE('',#6814,#1412);
#726=LINE('',#6815,#1413);
#727=LINE('',#6818,#1414);
#728=LINE('',#6820,#1415);
#729=LINE('',#6821,#1416);
#730=LINE('',#6825,#1417);
#731=LINE('',#6827,#1418);
#732=LINE('',#6829,#1419);
#733=LINE('',#6830,#1420);
#734=LINE('',#6833,#1421);
#735=LINE('',#6835,#1422);
#736=LINE('',#6836,#1423);
#737=LINE('',#6840,#1424);
#738=LINE('',#6842,#1425);
#739=LINE('',#6844,#1426);
#740=LINE('',#6845,#1427);
#741=LINE('',#6848,#1428);
#742=LINE('',#6850,#1429);
#743=LINE('',#6851,#1430);
#744=LINE('',#6855,#1431);
#745=LINE('',#6857,#1432);
#746=LINE('',#6859,#1433);
#747=LINE('',#6860,#1434);
#748=LINE('',#6863,#1435);
#749=LINE('',#6865,#1436);
#750=LINE('',#6867,#1437);
#751=LINE('',#6870,#1438);
#752=LINE('',#6873,#1439);
#753=LINE('',#6875,#1440);
#754=LINE('',#6876,#1441);
#755=LINE('',#6879,#1442);
#756=LINE('',#6881,#1443);
#757=LINE('',#6882,#1444);
#758=LINE('',#6885,#1445);
#759=LINE('',#6887,#1446);
#760=LINE('',#6888,#1447);
#761=LINE('',#6891,#1448);
#762=LINE('',#6893,#1449);
#763=LINE('',#6894,#1450);
#764=LINE('',#6897,#1451);
#765=LINE('',#6899,#1452);
#766=LINE('',#6900,#1453);
#767=LINE('',#6903,#1454);
#768=LINE('',#6905,#1455);
#769=LINE('',#6906,#1456);
#770=LINE('',#6910,#1457);
#771=LINE('',#6912,#1458);
#772=LINE('',#6914,#1459);
#773=LINE('',#6915,#1460);
#774=LINE('',#6917,#1461);
#775=LINE('',#6918,#1462);
#776=LINE('',#6920,#1463);
#777=LINE('',#6921,#1464);
#778=LINE('',#6924,#1465);
#779=LINE('',#6926,#1466);
#780=LINE('',#6927,#1467);
#781=LINE('',#6930,#1468);
#782=LINE('',#6932,#1469);
#783=LINE('',#6933,#1470);
#784=LINE('',#6935,#1471);
#785=LINE('',#6936,#1472);
#786=LINE('',#6940,#1473);
#787=LINE('',#6942,#1474);
#788=LINE('',#6944,#1475);
#789=LINE('',#6945,#1476);
#790=LINE('',#6947,#1477);
#791=LINE('',#6948,#1478);
#792=LINE('',#6950,#1479);
#793=LINE('',#6951,#1480);
#794=LINE('',#6954,#1481);
#795=LINE('',#6956,#1482);
#796=LINE('',#6957,#1483);
#797=LINE('',#6960,#1484);
#798=LINE('',#6962,#1485);
#799=LINE('',#6963,#1486);
#800=LINE('',#6965,#1487);
#801=LINE('',#6966,#1488);
#802=LINE('',#6969,#1489);
#803=LINE('',#6971,#1490);
#804=LINE('',#6972,#1491);
#805=LINE('',#6975,#1492);
#806=LINE('',#6977,#1493);
#807=LINE('',#6978,#1494);
#808=LINE('',#6980,#1495);
#809=LINE('',#6981,#1496);
#810=LINE('',#6985,#1497);
#811=LINE('',#6987,#1498);
#812=LINE('',#6989,#1499);
#813=LINE('',#6990,#1500);
#814=LINE('',#6992,#1501);
#815=LINE('',#6993,#1502);
#816=LINE('',#6995,#1503);
#817=LINE('',#6996,#1504);
#818=LINE('',#6999,#1505);
#819=LINE('',#7001,#1506);
#820=LINE('',#7002,#1507);
#821=LINE('',#7005,#1508);
#822=LINE('',#7007,#1509);
#823=LINE('',#7008,#1510);
#824=LINE('',#7010,#1511);
#825=LINE('',#7011,#1512);
#826=LINE('',#7014,#1513);
#827=LINE('',#7016,#1514);
#828=LINE('',#7017,#1515);
#829=LINE('',#7020,#1516);
#830=LINE('',#7022,#1517);
#831=LINE('',#7023,#1518);
#832=LINE('',#7025,#1519);
#833=LINE('',#7026,#1520);
#834=LINE('',#7029,#1521);
#835=LINE('',#7031,#1522);
#836=LINE('',#7033,#1523);
#837=LINE('',#7034,#1524);
#838=LINE('',#7037,#1525);
#839=LINE('',#7039,#1526);
#840=LINE('',#7040,#1527);
#841=LINE('',#7042,#1528);
#842=LINE('',#7043,#1529);
#843=LINE('',#7046,#1530);
#844=LINE('',#7048,#1531);
#845=LINE('',#7049,#1532);
#846=LINE('',#7052,#1533);
#847=LINE('',#7054,#1534);
#848=LINE('',#7055,#1535);
#849=LINE('',#7057,#1536);
#850=LINE('',#7058,#1537);
#851=LINE('',#7061,#1538);
#852=LINE('',#7063,#1539);
#853=LINE('',#7064,#1540);
#854=LINE('',#7067,#1541);
#855=LINE('',#7069,#1542);
#856=LINE('',#7070,#1543);
#857=LINE('',#7072,#1544);
#858=LINE('',#7073,#1545);
#859=LINE('',#7076,#1546);
#860=LINE('',#7078,#1547);
#861=LINE('',#7080,#1548);
#862=LINE('',#7081,#1549);
#863=LINE('',#7084,#1550);
#864=LINE('',#7086,#1551);
#865=LINE('',#7087,#1552);
#866=LINE('',#7089,#1553);
#867=LINE('',#7090,#1554);
#868=LINE('',#7093,#1555);
#869=LINE('',#7095,#1556);
#870=LINE('',#7096,#1557);
#871=LINE('',#7098,#1558);
#872=LINE('',#7100,#1559);
#873=LINE('',#7101,#1560);
#874=LINE('',#7103,#1561);
#875=LINE('',#7105,#1562);
#876=LINE('',#7106,#1563);
#877=LINE('',#7108,#1564);
#878=LINE('',#7110,#1565);
#879=LINE('',#7111,#1566);
#880=LINE('',#7113,#1567);
#881=LINE('',#7115,#1568);
#882=LINE('',#7116,#1569);
#883=LINE('',#7118,#1570);
#884=LINE('',#7120,#1571);
#885=LINE('',#7122,#1572);
#886=LINE('',#7124,#1573);
#887=LINE('',#7125,#1574);
#888=LINE('',#7128,#1575);
#889=LINE('',#7130,#1576);
#890=LINE('',#7131,#1577);
#891=LINE('',#7134,#1578);
#892=LINE('',#7136,#1579);
#893=LINE('',#7137,#1580);
#894=LINE('',#7139,#1581);
#895=LINE('',#7140,#1582);
#896=LINE('',#7144,#1583);
#897=LINE('',#7146,#1584);
#898=LINE('',#7148,#1585);
#899=LINE('',#7149,#1586);
#900=LINE('',#7151,#1587);
#901=LINE('',#7152,#1588);
#902=LINE('',#7154,#1589);
#903=LINE('',#7155,#1590);
#904=LINE('',#7158,#1591);
#905=LINE('',#7160,#1592);
#906=LINE('',#7161,#1593);
#907=LINE('',#7164,#1594);
#908=LINE('',#7166,#1595);
#909=LINE('',#7167,#1596);
#910=LINE('',#7169,#1597);
#911=LINE('',#7170,#1598);
#912=LINE('',#7174,#1599);
#913=LINE('',#7176,#1600);
#914=LINE('',#7178,#1601);
#915=LINE('',#7179,#1602);
#916=LINE('',#7181,#1603);
#917=LINE('',#7182,#1604);
#918=LINE('',#7184,#1605);
#919=LINE('',#7185,#1606);
#920=LINE('',#7189,#1607);
#921=LINE('',#7191,#1608);
#922=LINE('',#7193,#1609);
#923=LINE('',#7194,#1610);
#924=LINE('',#7196,#1611);
#925=LINE('',#7197,#1612);
#926=LINE('',#7199,#1613);
#927=LINE('',#7200,#1614);
#928=LINE('',#7203,#1615);
#929=LINE('',#7205,#1616);
#930=LINE('',#7206,#1617);
#931=LINE('',#7209,#1618);
#932=LINE('',#7211,#1619);
#933=LINE('',#7212,#1620);
#934=LINE('',#7214,#1621);
#935=LINE('',#7215,#1622);
#936=LINE('',#7218,#1623);
#937=LINE('',#7220,#1624);
#938=LINE('',#7221,#1625);
#939=LINE('',#7224,#1626);
#940=LINE('',#7226,#1627);
#941=LINE('',#7227,#1628);
#942=LINE('',#7229,#1629);
#943=LINE('',#7230,#1630);
#944=LINE('',#7233,#1631);
#945=LINE('',#7235,#1632);
#946=LINE('',#7236,#1633);
#947=LINE('',#7239,#1634);
#948=LINE('',#7241,#1635);
#949=LINE('',#7242,#1636);
#950=LINE('',#7244,#1637);
#951=LINE('',#7245,#1638);
#952=LINE('',#7248,#1639);
#953=LINE('',#7250,#1640);
#954=LINE('',#7251,#1641);
#955=LINE('',#7254,#1642);
#956=LINE('',#7256,#1643);
#957=LINE('',#7257,#1644);
#958=LINE('',#7259,#1645);
#959=LINE('',#7260,#1646);
#960=LINE('',#7263,#1647);
#961=LINE('',#7265,#1648);
#962=LINE('',#7266,#1649);
#963=LINE('',#7268,#1650);
#964=LINE('',#7270,#1651);
#965=LINE('',#7271,#1652);
#966=LINE('',#7273,#1653);
#967=LINE('',#7275,#1654);
#968=LINE('',#7277,#1655);
#969=LINE('',#7279,#1656);
#970=LINE('',#7280,#1657);
#971=LINE('',#7282,#1658);
#972=LINE('',#7284,#1659);
#973=LINE('',#7285,#1660);
#974=LINE('',#7287,#1661);
#975=LINE('',#7289,#1662);
#976=LINE('',#7290,#1663);
#977=LINE('',#7292,#1664);
#978=LINE('',#7294,#1665);
#979=LINE('',#7295,#1666);
#980=LINE('',#7297,#1667);
#981=LINE('',#7299,#1668);
#982=LINE('',#7300,#1669);
#983=LINE('',#7302,#1670);
#984=LINE('',#7304,#1671);
#985=LINE('',#7305,#1672);
#986=LINE('',#7307,#1673);
#987=LINE('',#7309,#1674);
#988=LINE('',#7310,#1675);
#989=LINE('',#7313,#1676);
#990=LINE('',#7314,#1677);
#991=LINE('',#7317,#1678);
#992=LINE('',#7318,#1679);
#993=LINE('',#7320,#1680);
#994=LINE('',#7323,#1681);
#995=LINE('',#7324,#1682);
#996=LINE('',#7327,#1683);
#997=LINE('',#7328,#1684);
#998=LINE('',#7330,#1685);
#999=LINE('',#7333,#1686);
#1000=LINE('',#7334,#1687);
#1001=LINE('',#7337,#1688);
#1002=LINE('',#7338,#1689);
#1003=LINE('',#7340,#1690);
#1004=LINE('',#7343,#1691);
#1005=LINE('',#7344,#1692);
#1006=LINE('',#7347,#1693);
#1007=LINE('',#7348,#1694);
#1008=LINE('',#7350,#1695);
#1009=LINE('',#7353,#1696);
#1010=LINE('',#7354,#1697);
#1011=LINE('',#7357,#1698);
#1012=LINE('',#7358,#1699);
#1013=LINE('',#7360,#1700);
#1014=LINE('',#7363,#1701);
#1015=LINE('',#7364,#1702);
#1016=LINE('',#7367,#1703);
#1017=LINE('',#7368,#1704);
#1018=LINE('',#7370,#1705);
#1019=LINE('',#7373,#1706);
#1020=LINE('',#7374,#1707);
#1021=LINE('',#7377,#1708);
#1022=LINE('',#7378,#1709);
#1023=LINE('',#7380,#1710);
#1024=LINE('',#7383,#1711);
#1025=LINE('',#7385,#1712);
#1026=LINE('',#7386,#1713);
#1027=LINE('',#7389,#1714);
#1028=LINE('',#7391,#1715);
#1029=LINE('',#7392,#1716);
#1030=LINE('',#7394,#1717);
#1031=LINE('',#7395,#1718);
#1032=LINE('',#7397,#1719);
#1033=LINE('',#7399,#1720);
#1034=LINE('',#7404,#1721);
#1035=LINE('',#7406,#1722);
#1036=LINE('',#7408,#1723);
#1037=LINE('',#7409,#1724);
#1038=LINE('',#7412,#1725);
#1039=LINE('',#7414,#1726);
#1040=LINE('',#7415,#1727);
#1041=LINE('',#7418,#1728);
#1042=LINE('',#7420,#1729);
#1043=LINE('',#7421,#1730);
#1044=LINE('',#7423,#1731);
#1045=LINE('',#7424,#1732);
#1046=LINE('',#7428,#1733);
#1047=LINE('',#7430,#1734);
#1048=LINE('',#7432,#1735);
#1049=LINE('',#7433,#1736);
#1050=LINE('',#7436,#1737);
#1051=LINE('',#7438,#1738);
#1052=LINE('',#7439,#1739);
#1053=LINE('',#7442,#1740);
#1054=LINE('',#7444,#1741);
#1055=LINE('',#7445,#1742);
#1056=LINE('',#7447,#1743);
#1057=LINE('',#7448,#1744);
#1058=LINE('',#7452,#1745);
#1059=LINE('',#7454,#1746);
#1060=LINE('',#7456,#1747);
#1061=LINE('',#7457,#1748);
#1062=LINE('',#7460,#1749);
#1063=LINE('',#7462,#1750);
#1064=LINE('',#7463,#1751);
#1065=LINE('',#7466,#1752);
#1066=LINE('',#7468,#1753);
#1067=LINE('',#7469,#1754);
#1068=LINE('',#7471,#1755);
#1069=LINE('',#7472,#1756);
#1070=LINE('',#7476,#1757);
#1071=LINE('',#7478,#1758);
#1072=LINE('',#7480,#1759);
#1073=LINE('',#7481,#1760);
#1074=LINE('',#7484,#1761);
#1075=LINE('',#7486,#1762);
#1076=LINE('',#7487,#1763);
#1077=LINE('',#7490,#1764);
#1078=LINE('',#7492,#1765);
#1079=LINE('',#7493,#1766);
#1080=LINE('',#7495,#1767);
#1081=LINE('',#7496,#1768);
#1082=LINE('',#7500,#1769);
#1083=LINE('',#7502,#1770);
#1084=LINE('',#7504,#1771);
#1085=LINE('',#7505,#1772);
#1086=LINE('',#7508,#1773);
#1087=LINE('',#7510,#1774);
#1088=LINE('',#7511,#1775);
#1089=LINE('',#7514,#1776);
#1090=LINE('',#7516,#1777);
#1091=LINE('',#7517,#1778);
#1092=LINE('',#7519,#1779);
#1093=LINE('',#7520,#1780);
#1094=LINE('',#7524,#1781);
#1095=LINE('',#7526,#1782);
#1096=LINE('',#7528,#1783);
#1097=LINE('',#7529,#1784);
#1098=LINE('',#7532,#1785);
#1099=LINE('',#7534,#1786);
#1100=LINE('',#7535,#1787);
#1101=LINE('',#7538,#1788);
#1102=LINE('',#7540,#1789);
#1103=LINE('',#7541,#1790);
#1104=LINE('',#7543,#1791);
#1105=LINE('',#7544,#1792);
#1106=LINE('',#7548,#1793);
#1107=LINE('',#7550,#1794);
#1108=LINE('',#7552,#1795);
#1109=LINE('',#7553,#1796);
#1110=LINE('',#7556,#1797);
#1111=LINE('',#7558,#1798);
#1112=LINE('',#7559,#1799);
#1113=LINE('',#7562,#1800);
#1114=LINE('',#7564,#1801);
#1115=LINE('',#7565,#1802);
#1116=LINE('',#7567,#1803);
#1117=LINE('',#7568,#1804);
#1118=LINE('',#7572,#1805);
#1119=LINE('',#7574,#1806);
#1120=LINE('',#7576,#1807);
#1121=LINE('',#7577,#1808);
#1122=LINE('',#7580,#1809);
#1123=LINE('',#7582,#1810);
#1124=LINE('',#7583,#1811);
#1125=LINE('',#7586,#1812);
#1126=LINE('',#7588,#1813);
#1127=LINE('',#7589,#1814);
#1128=LINE('',#7591,#1815);
#1129=LINE('',#7592,#1816);
#1130=LINE('',#7596,#1817);
#1131=LINE('',#7598,#1818);
#1132=LINE('',#7600,#1819);
#1133=LINE('',#7601,#1820);
#1134=LINE('',#7604,#1821);
#1135=LINE('',#7606,#1822);
#1136=LINE('',#7607,#1823);
#1137=LINE('',#7610,#1824);
#1138=LINE('',#7612,#1825);
#1139=LINE('',#7613,#1826);
#1140=LINE('',#7615,#1827);
#1141=LINE('',#7616,#1828);
#1142=LINE('',#7620,#1829);
#1143=LINE('',#7622,#1830);
#1144=LINE('',#7624,#1831);
#1145=LINE('',#7625,#1832);
#1146=LINE('',#7628,#1833);
#1147=LINE('',#7630,#1834);
#1148=LINE('',#7631,#1835);
#1149=LINE('',#7634,#1836);
#1150=LINE('',#7636,#1837);
#1151=LINE('',#7637,#1838);
#1152=LINE('',#7639,#1839);
#1153=LINE('',#7640,#1840);
#1154=LINE('',#7644,#1841);
#1155=LINE('',#7646,#1842);
#1156=LINE('',#7648,#1843);
#1157=LINE('',#7649,#1844);
#1158=LINE('',#7652,#1845);
#1159=LINE('',#7654,#1846);
#1160=LINE('',#7655,#1847);
#1161=LINE('',#7658,#1848);
#1162=LINE('',#7660,#1849);
#1163=LINE('',#7661,#1850);
#1164=LINE('',#7663,#1851);
#1165=LINE('',#7664,#1852);
#1166=LINE('',#7668,#1853);
#1167=LINE('',#7670,#1854);
#1168=LINE('',#7672,#1855);
#1169=LINE('',#7673,#1856);
#1170=LINE('',#7676,#1857);
#1171=LINE('',#7678,#1858);
#1172=LINE('',#7679,#1859);
#1173=LINE('',#7682,#1860);
#1174=LINE('',#7684,#1861);
#1175=LINE('',#7685,#1862);
#1176=LINE('',#7687,#1863);
#1177=LINE('',#7688,#1864);
#1178=LINE('',#7692,#1865);
#1179=LINE('',#7694,#1866);
#1180=LINE('',#7696,#1867);
#1181=LINE('',#7697,#1868);
#1182=LINE('',#7700,#1869);
#1183=LINE('',#7702,#1870);
#1184=LINE('',#7703,#1871);
#1185=LINE('',#7706,#1872);
#1186=LINE('',#7708,#1873);
#1187=LINE('',#7709,#1874);
#1188=LINE('',#7711,#1875);
#1189=LINE('',#7712,#1876);
#1190=LINE('',#7716,#1877);
#1191=LINE('',#7718,#1878);
#1192=LINE('',#7720,#1879);
#1193=LINE('',#7721,#1880);
#1194=LINE('',#7724,#1881);
#1195=LINE('',#7726,#1882);
#1196=LINE('',#7727,#1883);
#1197=LINE('',#7731,#1884);
#1198=LINE('',#7733,#1885);
#1199=LINE('',#7735,#1886);
#1200=LINE('',#7736,#1887);
#1201=LINE('',#7739,#1888);
#1202=LINE('',#7741,#1889);
#1203=LINE('',#7742,#1890);
#1204=LINE('',#7745,#1891);
#1205=LINE('',#7747,#1892);
#1206=LINE('',#7748,#1893);
#1207=LINE('',#7751,#1894);
#1208=LINE('',#7753,#1895);
#1209=LINE('',#7754,#1896);
#1210=LINE('',#7757,#1897);
#1211=LINE('',#7759,#1898);
#1212=LINE('',#7760,#1899);
#1213=LINE('',#7762,#1900);
#1214=LINE('',#7763,#1901);
#1215=LINE('',#7766,#1902);
#1216=LINE('',#7767,#1903);
#1217=LINE('',#7770,#1904);
#1218=LINE('',#7772,#1905);
#1219=LINE('',#7773,#1906);
#1220=LINE('',#7774,#1907);
#1221=LINE('',#7777,#1908);
#1222=LINE('',#7779,#1909);
#1223=LINE('',#7780,#1910);
#1224=LINE('',#7783,#1911);
#1225=LINE('',#7785,#1912);
#1226=LINE('',#7786,#1913);
#1227=LINE('',#7788,#1914);
#1228=LINE('',#7789,#1915);
#1229=LINE('',#7791,#1916);
#1230=LINE('',#7794,#1917);
#1231=LINE('',#7796,#1918);
#1232=LINE('',#7797,#1919);
#1233=LINE('',#7798,#1920);
#1234=LINE('',#7801,#1921);
#1235=LINE('',#7803,#1922);
#1236=LINE('',#7804,#1923);
#1237=LINE('',#7807,#1924);
#1238=LINE('',#7809,#1925);
#1239=LINE('',#7810,#1926);
#1240=LINE('',#7813,#1927);
#1241=LINE('',#7815,#1928);
#1242=LINE('',#7816,#1929);
#1243=LINE('',#7819,#1930);
#1244=LINE('',#7821,#1931);
#1245=LINE('',#7822,#1932);
#1246=LINE('',#7824,#1933);
#1247=LINE('',#7825,#1934);
#1248=LINE('',#7828,#1935);
#1249=LINE('',#7829,#1936);
#1250=LINE('',#7832,#1937);
#1251=LINE('',#7834,#1938);
#1252=LINE('',#7835,#1939);
#1253=LINE('',#7838,#1940);
#1254=LINE('',#7840,#1941);
#1255=LINE('',#7841,#1942);
#1256=LINE('',#7843,#1943);
#1257=LINE('',#7844,#1944);
#1258=LINE('',#7846,#1945);
#1259=LINE('',#7847,#1946);
#1260=LINE('',#7848,#1947);
#1261=LINE('',#7849,#1948);
#1262=LINE('',#7851,#1949);
#1263=LINE('',#7853,#1950);
#1264=LINE('',#7857,#1951);
#1265=LINE('',#7859,#1952);
#1266=LINE('',#7860,#1953);
#1267=LINE('',#7863,#1954);
#1268=LINE('',#7865,#1955);
#1269=LINE('',#7866,#1956);
#1270=LINE('',#7868,#1957);
#1271=LINE('',#7869,#1958);
#1272=LINE('',#7898,#1959);
#1273=LINE('',#7902,#1960);
#1274=LINE('',#7904,#1961);
#1275=LINE('',#7906,#1962);
#1276=LINE('',#7908,#1963);
#1277=LINE('',#7910,#1964);
#1278=LINE('',#7912,#1965);
#1279=LINE('',#7914,#1966);
#1280=LINE('',#7916,#1967);
#1281=LINE('',#7918,#1968);
#1282=LINE('',#7920,#1969);
#1283=LINE('',#7922,#1970);
#1284=LINE('',#7923,#1971);
#1285=LINE('',#7927,#1972);
#1286=LINE('',#7928,#1973);
#1287=LINE('',#7929,#1974);
#1288=LINE('',#7932,#1975);
#1289=LINE('',#7933,#1976);
#1290=LINE('',#7936,#1977);
#1291=LINE('',#7937,#1978);
#1292=LINE('',#7940,#1979);
#1293=LINE('',#7941,#1980);
#1294=LINE('',#7944,#1981);
#1295=LINE('',#7945,#1982);
#1296=LINE('',#7948,#1983);
#1297=LINE('',#7949,#1984);
#1298=LINE('',#7952,#1985);
#1299=LINE('',#7953,#1986);
#1300=LINE('',#7956,#1987);
#1301=LINE('',#7957,#1988);
#1302=LINE('',#7960,#1989);
#1303=LINE('',#7961,#1990);
#1304=LINE('',#7964,#1991);
#1305=LINE('',#7965,#1992);
#1306=LINE('',#7968,#1993);
#1307=LINE('',#7969,#1994);
#1308=LINE('',#7971,#1995);
#1309=LINE('',#7976,#1996);
#1310=LINE('',#7980,#1997);
#1311=LINE('',#7983,#1998);
#1312=LINE('',#7985,#1999);
#1313=LINE('',#7986,#2000);
#1314=LINE('',#7990,#2001);
#1315=LINE('',#7992,#2002);
#1316=LINE('',#7993,#2003);
#1317=LINE('',#7999,#2004);
#1318=LINE('',#8002,#2005);
#1319=LINE('',#8005,#2006);
#1320=LINE('',#8007,#2007);
#1321=LINE('',#8008,#2008);
#1322=LINE('',#8011,#2009);
#1323=LINE('',#8015,#2010);
#1324=LINE('',#8019,#2011);
#1325=LINE('',#8023,#2012);
#1326=LINE('',#8027,#2013);
#1327=LINE('',#8028,#2014);
#1328=LINE('',#8031,#2015);
#1329=LINE('',#8035,#2016);
#1330=LINE('',#8036,#2017);
#1331=LINE('',#8039,#2018);
#1332=LINE('',#8042,#2019);
#1333=VECTOR('',#5391,10.);
#1334=VECTOR('',#5392,10.);
#1335=VECTOR('',#5393,10.);
#1336=VECTOR('',#5394,10.);
#1337=VECTOR('',#5397,10.);
#1338=VECTOR('',#5400,10.);
#1339=VECTOR('',#5401,10.);
#1340=VECTOR('',#5402,10.);
#1341=VECTOR('',#5405,10.);
#1342=VECTOR('',#5406,10.);
#1343=VECTOR('',#5407,10.);
#1344=VECTOR('',#5408,10.);
#1345=VECTOR('',#5411,10.);
#1346=VECTOR('',#5412,10.);
#1347=VECTOR('',#5413,10.);
#1348=VECTOR('',#5416,10.);
#1349=VECTOR('',#5417,10.);
#1350=VECTOR('',#5418,10.);
#1351=VECTOR('',#5419,10.);
#1352=VECTOR('',#5422,10.);
#1353=VECTOR('',#5423,10.);
#1354=VECTOR('',#5424,10.);
#1355=VECTOR('',#5427,10.);
#1356=VECTOR('',#5428,10.);
#1357=VECTOR('',#5429,10.);
#1358=VECTOR('',#5430,10.);
#1359=VECTOR('',#5433,10.);
#1360=VECTOR('',#5434,10.);
#1361=VECTOR('',#5435,10.);
#1362=VECTOR('',#5438,10.);
#1363=VECTOR('',#5439,10.);
#1364=VECTOR('',#5440,10.);
#1365=VECTOR('',#5441,10.);
#1366=VECTOR('',#5444,10.);
#1367=VECTOR('',#5445,10.);
#1368=VECTOR('',#5446,10.);
#1369=VECTOR('',#5449,10.);
#1370=VECTOR('',#5450,10.);
#1371=VECTOR('',#5451,10.);
#1372=VECTOR('',#5452,10.);
#1373=VECTOR('',#5455,10.);
#1374=VECTOR('',#5456,10.);
#1375=VECTOR('',#5457,10.);
#1376=VECTOR('',#5460,10.);
#1377=VECTOR('',#5463,10.);
#1378=VECTOR('',#5464,10.);
#1379=VECTOR('',#5465,10.);
#1380=VECTOR('',#5468,10.);
#1381=VECTOR('',#5469,10.);
#1382=VECTOR('',#5470,10.);
#1383=VECTOR('',#5473,10.);
#1384=VECTOR('',#5474,10.);
#1385=VECTOR('',#5475,10.);
#1386=VECTOR('',#5478,10.);
#1387=VECTOR('',#5479,10.);
#1388=VECTOR('',#5480,10.);
#1389=VECTOR('',#5481,10.);
#1390=VECTOR('',#5484,10.);
#1391=VECTOR('',#5485,10.);
#1392=VECTOR('',#5486,10.);
#1393=VECTOR('',#5489,10.);
#1394=VECTOR('',#5490,10.);
#1395=VECTOR('',#5491,10.);
#1396=VECTOR('',#5492,10.);
#1397=VECTOR('',#5495,10.);
#1398=VECTOR('',#5496,10.);
#1399=VECTOR('',#5497,10.);
#1400=VECTOR('',#5500,10.);
#1401=VECTOR('',#5501,10.);
#1402=VECTOR('',#5502,10.);
#1403=VECTOR('',#5503,10.);
#1404=VECTOR('',#5506,10.);
#1405=VECTOR('',#5507,10.);
#1406=VECTOR('',#5508,10.);
#1407=VECTOR('',#5511,10.);
#1408=VECTOR('',#5514,10.);
#1409=VECTOR('',#5515,10.);
#1410=VECTOR('',#5516,10.);
#1411=VECTOR('',#5519,10.);
#1412=VECTOR('',#5520,10.);
#1413=VECTOR('',#5521,10.);
#1414=VECTOR('',#5524,10.);
#1415=VECTOR('',#5525,10.);
#1416=VECTOR('',#5526,10.);
#1417=VECTOR('',#5529,10.);
#1418=VECTOR('',#5530,10.);
#1419=VECTOR('',#5531,10.);
#1420=VECTOR('',#5532,10.);
#1421=VECTOR('',#5535,10.);
#1422=VECTOR('',#5536,10.);
#1423=VECTOR('',#5537,10.);
#1424=VECTOR('',#5540,10.);
#1425=VECTOR('',#5541,10.);
#1426=VECTOR('',#5542,10.);
#1427=VECTOR('',#5543,10.);
#1428=VECTOR('',#5546,10.);
#1429=VECTOR('',#5547,10.);
#1430=VECTOR('',#5548,10.);
#1431=VECTOR('',#5551,10.);
#1432=VECTOR('',#5552,10.);
#1433=VECTOR('',#5553,10.);
#1434=VECTOR('',#5554,10.);
#1435=VECTOR('',#5557,10.);
#1436=VECTOR('',#5558,10.);
#1437=VECTOR('',#5559,10.);
#1438=VECTOR('',#5562,10.);
#1439=VECTOR('',#5565,10.);
#1440=VECTOR('',#5566,10.);
#1441=VECTOR('',#5567,10.);
#1442=VECTOR('',#5570,10.);
#1443=VECTOR('',#5571,10.);
#1444=VECTOR('',#5572,10.);
#1445=VECTOR('',#5575,10.);
#1446=VECTOR('',#5576,10.);
#1447=VECTOR('',#5577,10.);
#1448=VECTOR('',#5580,10.);
#1449=VECTOR('',#5581,10.);
#1450=VECTOR('',#5582,10.);
#1451=VECTOR('',#5585,10.);
#1452=VECTOR('',#5586,10.);
#1453=VECTOR('',#5587,10.);
#1454=VECTOR('',#5590,10.);
#1455=VECTOR('',#5591,10.);
#1456=VECTOR('',#5592,10.);
#1457=VECTOR('',#5595,10.);
#1458=VECTOR('',#5596,10.);
#1459=VECTOR('',#5597,10.);
#1460=VECTOR('',#5598,10.);
#1461=VECTOR('',#5601,10.);
#1462=VECTOR('',#5602,10.);
#1463=VECTOR('',#5605,10.);
#1464=VECTOR('',#5606,10.);
#1465=VECTOR('',#5609,10.);
#1466=VECTOR('',#5610,10.);
#1467=VECTOR('',#5611,10.);
#1468=VECTOR('',#5614,10.);
#1469=VECTOR('',#5615,10.);
#1470=VECTOR('',#5616,10.);
#1471=VECTOR('',#5619,10.);
#1472=VECTOR('',#5620,10.);
#1473=VECTOR('',#5623,10.);
#1474=VECTOR('',#5624,10.);
#1475=VECTOR('',#5625,10.);
#1476=VECTOR('',#5626,10.);
#1477=VECTOR('',#5629,10.);
#1478=VECTOR('',#5630,10.);
#1479=VECTOR('',#5633,10.);
#1480=VECTOR('',#5634,10.);
#1481=VECTOR('',#5637,10.);
#1482=VECTOR('',#5638,10.);
#1483=VECTOR('',#5639,10.);
#1484=VECTOR('',#5642,10.);
#1485=VECTOR('',#5643,10.);
#1486=VECTOR('',#5644,10.);
#1487=VECTOR('',#5647,10.);
#1488=VECTOR('',#5648,10.);
#1489=VECTOR('',#5651,10.);
#1490=VECTOR('',#5652,10.);
#1491=VECTOR('',#5653,10.);
#1492=VECTOR('',#5656,10.);
#1493=VECTOR('',#5657,10.);
#1494=VECTOR('',#5658,10.);
#1495=VECTOR('',#5661,10.);
#1496=VECTOR('',#5662,10.);
#1497=VECTOR('',#5665,10.);
#1498=VECTOR('',#5666,10.);
#1499=VECTOR('',#5667,10.);
#1500=VECTOR('',#5668,10.);
#1501=VECTOR('',#5671,10.);
#1502=VECTOR('',#5672,10.);
#1503=VECTOR('',#5675,10.);
#1504=VECTOR('',#5676,10.);
#1505=VECTOR('',#5679,10.);
#1506=VECTOR('',#5680,10.);
#1507=VECTOR('',#5681,10.);
#1508=VECTOR('',#5684,10.);
#1509=VECTOR('',#5685,10.);
#1510=VECTOR('',#5686,10.);
#1511=VECTOR('',#5689,10.);
#1512=VECTOR('',#5690,10.);
#1513=VECTOR('',#5693,10.);
#1514=VECTOR('',#5694,10.);
#1515=VECTOR('',#5695,10.);
#1516=VECTOR('',#5698,10.);
#1517=VECTOR('',#5699,10.);
#1518=VECTOR('',#5700,10.);
#1519=VECTOR('',#5703,10.);
#1520=VECTOR('',#5704,10.);
#1521=VECTOR('',#5707,10.);
#1522=VECTOR('',#5708,10.);
#1523=VECTOR('',#5709,10.);
#1524=VECTOR('',#5710,10.);
#1525=VECTOR('',#5713,10.);
#1526=VECTOR('',#5714,10.);
#1527=VECTOR('',#5715,10.);
#1528=VECTOR('',#5718,10.);
#1529=VECTOR('',#5719,10.);
#1530=VECTOR('',#5722,10.);
#1531=VECTOR('',#5723,10.);
#1532=VECTOR('',#5724,10.);
#1533=VECTOR('',#5727,10.);
#1534=VECTOR('',#5728,10.);
#1535=VECTOR('',#5729,10.);
#1536=VECTOR('',#5732,10.);
#1537=VECTOR('',#5733,10.);
#1538=VECTOR('',#5736,10.);
#1539=VECTOR('',#5737,10.);
#1540=VECTOR('',#5738,10.);
#1541=VECTOR('',#5741,10.);
#1542=VECTOR('',#5742,10.);
#1543=VECTOR('',#5743,10.);
#1544=VECTOR('',#5746,10.);
#1545=VECTOR('',#5747,10.);
#1546=VECTOR('',#5750,10.);
#1547=VECTOR('',#5751,10.);
#1548=VECTOR('',#5752,10.);
#1549=VECTOR('',#5753,10.);
#1550=VECTOR('',#5756,10.);
#1551=VECTOR('',#5757,10.);
#1552=VECTOR('',#5758,10.);
#1553=VECTOR('',#5761,10.);
#1554=VECTOR('',#5762,10.);
#1555=VECTOR('',#5765,10.);
#1556=VECTOR('',#5766,10.);
#1557=VECTOR('',#5767,10.);
#1558=VECTOR('',#5768,10.);
#1559=VECTOR('',#5769,10.);
#1560=VECTOR('',#5770,10.);
#1561=VECTOR('',#5771,10.);
#1562=VECTOR('',#5772,10.);
#1563=VECTOR('',#5773,10.);
#1564=VECTOR('',#5774,10.);
#1565=VECTOR('',#5775,10.);
#1566=VECTOR('',#5776,10.);
#1567=VECTOR('',#5777,10.);
#1568=VECTOR('',#5778,10.);
#1569=VECTOR('',#5779,10.);
#1570=VECTOR('',#5780,10.);
#1571=VECTOR('',#5781,10.);
#1572=VECTOR('',#5782,10.);
#1573=VECTOR('',#5783,10.);
#1574=VECTOR('',#5784,10.);
#1575=VECTOR('',#5787,10.);
#1576=VECTOR('',#5788,10.);
#1577=VECTOR('',#5789,10.);
#1578=VECTOR('',#5792,10.);
#1579=VECTOR('',#5793,10.);
#1580=VECTOR('',#5794,10.);
#1581=VECTOR('',#5797,10.);
#1582=VECTOR('',#5798,10.);
#1583=VECTOR('',#5801,10.);
#1584=VECTOR('',#5802,10.);
#1585=VECTOR('',#5803,10.);
#1586=VECTOR('',#5804,10.);
#1587=VECTOR('',#5807,10.);
#1588=VECTOR('',#5808,10.);
#1589=VECTOR('',#5811,10.);
#1590=VECTOR('',#5812,10.);
#1591=VECTOR('',#5815,10.);
#1592=VECTOR('',#5816,10.);
#1593=VECTOR('',#5817,10.);
#1594=VECTOR('',#5820,10.);
#1595=VECTOR('',#5821,10.);
#1596=VECTOR('',#5822,10.);
#1597=VECTOR('',#5825,10.);
#1598=VECTOR('',#5826,10.);
#1599=VECTOR('',#5829,10.);
#1600=VECTOR('',#5830,10.);
#1601=VECTOR('',#5831,10.);
#1602=VECTOR('',#5832,10.);
#1603=VECTOR('',#5835,10.);
#1604=VECTOR('',#5836,10.);
#1605=VECTOR('',#5839,10.);
#1606=VECTOR('',#5840,10.);
#1607=VECTOR('',#5843,10.);
#1608=VECTOR('',#5844,10.);
#1609=VECTOR('',#5845,10.);
#1610=VECTOR('',#5846,10.);
#1611=VECTOR('',#5849,10.);
#1612=VECTOR('',#5850,10.);
#1613=VECTOR('',#5853,10.);
#1614=VECTOR('',#5854,10.);
#1615=VECTOR('',#5857,10.);
#1616=VECTOR('',#5858,10.);
#1617=VECTOR('',#5859,10.);
#1618=VECTOR('',#5862,10.);
#1619=VECTOR('',#5863,10.);
#1620=VECTOR('',#5864,10.);
#1621=VECTOR('',#5867,10.);
#1622=VECTOR('',#5868,10.);
#1623=VECTOR('',#5871,10.);
#1624=VECTOR('',#5872,10.);
#1625=VECTOR('',#5873,10.);
#1626=VECTOR('',#5876,10.);
#1627=VECTOR('',#5877,10.);
#1628=VECTOR('',#5878,10.);
#1629=VECTOR('',#5881,10.);
#1630=VECTOR('',#5882,10.);
#1631=VECTOR('',#5885,10.);
#1632=VECTOR('',#5886,10.);
#1633=VECTOR('',#5887,10.);
#1634=VECTOR('',#5890,10.);
#1635=VECTOR('',#5891,10.);
#1636=VECTOR('',#5892,10.);
#1637=VECTOR('',#5895,10.);
#1638=VECTOR('',#5896,10.);
#1639=VECTOR('',#5899,10.);
#1640=VECTOR('',#5900,10.);
#1641=VECTOR('',#5901,10.);
#1642=VECTOR('',#5904,10.);
#1643=VECTOR('',#5905,10.);
#1644=VECTOR('',#5906,10.);
#1645=VECTOR('',#5909,10.);
#1646=VECTOR('',#5910,10.);
#1647=VECTOR('',#5913,10.);
#1648=VECTOR('',#5914,10.);
#1649=VECTOR('',#5915,10.);
#1650=VECTOR('',#5916,10.);
#1651=VECTOR('',#5917,10.);
#1652=VECTOR('',#5918,10.);
#1653=VECTOR('',#5919,10.);
#1654=VECTOR('',#5920,10.);
#1655=VECTOR('',#5921,10.);
#1656=VECTOR('',#5922,10.);
#1657=VECTOR('',#5923,10.);
#1658=VECTOR('',#5924,10.);
#1659=VECTOR('',#5925,10.);
#1660=VECTOR('',#5926,10.);
#1661=VECTOR('',#5927,10.);
#1662=VECTOR('',#5928,10.);
#1663=VECTOR('',#5929,10.);
#1664=VECTOR('',#5930,10.);
#1665=VECTOR('',#5931,10.);
#1666=VECTOR('',#5932,10.);
#1667=VECTOR('',#5933,10.);
#1668=VECTOR('',#5934,10.);
#1669=VECTOR('',#5935,10.);
#1670=VECTOR('',#5936,10.);
#1671=VECTOR('',#5937,10.);
#1672=VECTOR('',#5938,10.);
#1673=VECTOR('',#5939,10.);
#1674=VECTOR('',#5940,10.);
#1675=VECTOR('',#5941,10.);
#1676=VECTOR('',#5944,10.);
#1677=VECTOR('',#5945,10.);
#1678=VECTOR('',#5948,10.);
#1679=VECTOR('',#5949,10.);
#1680=VECTOR('',#5952,10.);
#1681=VECTOR('',#5955,10.);
#1682=VECTOR('',#5956,10.);
#1683=VECTOR('',#5959,10.);
#1684=VECTOR('',#5960,10.);
#1685=VECTOR('',#5963,10.);
#1686=VECTOR('',#5966,10.);
#1687=VECTOR('',#5967,10.);
#1688=VECTOR('',#5970,10.);
#1689=VECTOR('',#5971,10.);
#1690=VECTOR('',#5974,10.);
#1691=VECTOR('',#5977,10.);
#1692=VECTOR('',#5978,10.);
#1693=VECTOR('',#5981,10.);
#1694=VECTOR('',#5982,10.);
#1695=VECTOR('',#5985,10.);
#1696=VECTOR('',#5988,10.);
#1697=VECTOR('',#5989,10.);
#1698=VECTOR('',#5992,10.);
#1699=VECTOR('',#5993,10.);
#1700=VECTOR('',#5996,10.);
#1701=VECTOR('',#5999,10.);
#1702=VECTOR('',#6000,10.);
#1703=VECTOR('',#6003,10.);
#1704=VECTOR('',#6004,10.);
#1705=VECTOR('',#6007,10.);
#1706=VECTOR('',#6010,10.);
#1707=VECTOR('',#6011,10.);
#1708=VECTOR('',#6014,10.);
#1709=VECTOR('',#6015,10.);
#1710=VECTOR('',#6018,10.);
#1711=VECTOR('',#6021,10.);
#1712=VECTOR('',#6022,10.);
#1713=VECTOR('',#6023,10.);
#1714=VECTOR('',#6026,10.);
#1715=VECTOR('',#6027,10.);
#1716=VECTOR('',#6028,10.);
#1717=VECTOR('',#6031,10.);
#1718=VECTOR('',#6032,10.);
#1719=VECTOR('',#6035,10.);
#1720=VECTOR('',#6038,10.);
#1721=VECTOR('',#6043,10.);
#1722=VECTOR('',#6044,10.);
#1723=VECTOR('',#6045,10.);
#1724=VECTOR('',#6046,10.);
#1725=VECTOR('',#6049,10.);
#1726=VECTOR('',#6050,10.);
#1727=VECTOR('',#6051,10.);
#1728=VECTOR('',#6054,10.);
#1729=VECTOR('',#6055,10.);
#1730=VECTOR('',#6056,10.);
#1731=VECTOR('',#6059,10.);
#1732=VECTOR('',#6060,10.);
#1733=VECTOR('',#6063,10.);
#1734=VECTOR('',#6064,10.);
#1735=VECTOR('',#6065,10.);
#1736=VECTOR('',#6066,10.);
#1737=VECTOR('',#6069,10.);
#1738=VECTOR('',#6070,10.);
#1739=VECTOR('',#6071,10.);
#1740=VECTOR('',#6074,10.);
#1741=VECTOR('',#6075,10.);
#1742=VECTOR('',#6076,10.);
#1743=VECTOR('',#6079,10.);
#1744=VECTOR('',#6080,10.);
#1745=VECTOR('',#6083,10.);
#1746=VECTOR('',#6084,10.);
#1747=VECTOR('',#6085,10.);
#1748=VECTOR('',#6086,10.);
#1749=VECTOR('',#6089,10.);
#1750=VECTOR('',#6090,10.);
#1751=VECTOR('',#6091,10.);
#1752=VECTOR('',#6094,10.);
#1753=VECTOR('',#6095,10.);
#1754=VECTOR('',#6096,10.);
#1755=VECTOR('',#6099,10.);
#1756=VECTOR('',#6100,10.);
#1757=VECTOR('',#6103,10.);
#1758=VECTOR('',#6104,10.);
#1759=VECTOR('',#6105,10.);
#1760=VECTOR('',#6106,10.);
#1761=VECTOR('',#6109,10.);
#1762=VECTOR('',#6110,10.);
#1763=VECTOR('',#6111,10.);
#1764=VECTOR('',#6114,10.);
#1765=VECTOR('',#6115,10.);
#1766=VECTOR('',#6116,10.);
#1767=VECTOR('',#6119,10.);
#1768=VECTOR('',#6120,10.);
#1769=VECTOR('',#6123,10.);
#1770=VECTOR('',#6124,10.);
#1771=VECTOR('',#6125,10.);
#1772=VECTOR('',#6126,10.);
#1773=VECTOR('',#6129,10.);
#1774=VECTOR('',#6130,10.);
#1775=VECTOR('',#6131,10.);
#1776=VECTOR('',#6134,10.);
#1777=VECTOR('',#6135,10.);
#1778=VECTOR('',#6136,10.);
#1779=VECTOR('',#6139,10.);
#1780=VECTOR('',#6140,10.);
#1781=VECTOR('',#6143,10.);
#1782=VECTOR('',#6144,10.);
#1783=VECTOR('',#6145,10.);
#1784=VECTOR('',#6146,10.);
#1785=VECTOR('',#6149,10.);
#1786=VECTOR('',#6150,10.);
#1787=VECTOR('',#6151,10.);
#1788=VECTOR('',#6154,10.);
#1789=VECTOR('',#6155,10.);
#1790=VECTOR('',#6156,10.);
#1791=VECTOR('',#6159,10.);
#1792=VECTOR('',#6160,10.);
#1793=VECTOR('',#6163,10.);
#1794=VECTOR('',#6164,10.);
#1795=VECTOR('',#6165,10.);
#1796=VECTOR('',#6166,10.);
#1797=VECTOR('',#6169,10.);
#1798=VECTOR('',#6170,10.);
#1799=VECTOR('',#6171,10.);
#1800=VECTOR('',#6174,10.);
#1801=VECTOR('',#6175,10.);
#1802=VECTOR('',#6176,10.);
#1803=VECTOR('',#6179,10.);
#1804=VECTOR('',#6180,10.);
#1805=VECTOR('',#6183,10.);
#1806=VECTOR('',#6184,10.);
#1807=VECTOR('',#6185,10.);
#1808=VECTOR('',#6186,10.);
#1809=VECTOR('',#6189,10.);
#1810=VECTOR('',#6190,10.);
#1811=VECTOR('',#6191,10.);
#1812=VECTOR('',#6194,10.);
#1813=VECTOR('',#6195,10.);
#1814=VECTOR('',#6196,10.);
#1815=VECTOR('',#6199,10.);
#1816=VECTOR('',#6200,10.);
#1817=VECTOR('',#6203,10.);
#1818=VECTOR('',#6204,10.);
#1819=VECTOR('',#6205,10.);
#1820=VECTOR('',#6206,10.);
#1821=VECTOR('',#6209,10.);
#1822=VECTOR('',#6210,10.);
#1823=VECTOR('',#6211,10.);
#1824=VECTOR('',#6214,10.);
#1825=VECTOR('',#6215,10.);
#1826=VECTOR('',#6216,10.);
#1827=VECTOR('',#6219,10.);
#1828=VECTOR('',#6220,10.);
#1829=VECTOR('',#6223,10.);
#1830=VECTOR('',#6224,10.);
#1831=VECTOR('',#6225,10.);
#1832=VECTOR('',#6226,10.);
#1833=VECTOR('',#6229,10.);
#1834=VECTOR('',#6230,10.);
#1835=VECTOR('',#6231,10.);
#1836=VECTOR('',#6234,10.);
#1837=VECTOR('',#6235,10.);
#1838=VECTOR('',#6236,10.);
#1839=VECTOR('',#6239,10.);
#1840=VECTOR('',#6240,10.);
#1841=VECTOR('',#6243,10.);
#1842=VECTOR('',#6244,10.);
#1843=VECTOR('',#6245,10.);
#1844=VECTOR('',#6246,10.);
#1845=VECTOR('',#6249,10.);
#1846=VECTOR('',#6250,10.);
#1847=VECTOR('',#6251,10.);
#1848=VECTOR('',#6254,10.);
#1849=VECTOR('',#6255,10.);
#1850=VECTOR('',#6256,10.);
#1851=VECTOR('',#6259,10.);
#1852=VECTOR('',#6260,10.);
#1853=VECTOR('',#6263,10.);
#1854=VECTOR('',#6264,10.);
#1855=VECTOR('',#6265,10.);
#1856=VECTOR('',#6266,10.);
#1857=VECTOR('',#6269,10.);
#1858=VECTOR('',#6270,10.);
#1859=VECTOR('',#6271,10.);
#1860=VECTOR('',#6274,10.);
#1861=VECTOR('',#6275,10.);
#1862=VECTOR('',#6276,10.);
#1863=VECTOR('',#6279,10.);
#1864=VECTOR('',#6280,10.);
#1865=VECTOR('',#6283,10.);
#1866=VECTOR('',#6284,10.);
#1867=VECTOR('',#6285,10.);
#1868=VECTOR('',#6286,10.);
#1869=VECTOR('',#6289,10.);
#1870=VECTOR('',#6290,10.);
#1871=VECTOR('',#6291,10.);
#1872=VECTOR('',#6294,10.);
#1873=VECTOR('',#6295,10.);
#1874=VECTOR('',#6296,10.);
#1875=VECTOR('',#6299,10.);
#1876=VECTOR('',#6300,10.);
#1877=VECTOR('',#6303,10.);
#1878=VECTOR('',#6304,10.);
#1879=VECTOR('',#6305,10.);
#1880=VECTOR('',#6306,10.);
#1881=VECTOR('',#6309,10.);
#1882=VECTOR('',#6310,10.);
#1883=VECTOR('',#6311,10.);
#1884=VECTOR('',#6314,10.);
#1885=VECTOR('',#6315,10.);
#1886=VECTOR('',#6316,10.);
#1887=VECTOR('',#6317,10.);
#1888=VECTOR('',#6320,10.);
#1889=VECTOR('',#6321,10.);
#1890=VECTOR('',#6322,10.);
#1891=VECTOR('',#6325,10.);
#1892=VECTOR('',#6326,10.);
#1893=VECTOR('',#6327,10.);
#1894=VECTOR('',#6330,10.);
#1895=VECTOR('',#6331,10.);
#1896=VECTOR('',#6332,10.);
#1897=VECTOR('',#6335,10.);
#1898=VECTOR('',#6336,10.);
#1899=VECTOR('',#6337,10.);
#1900=VECTOR('',#6340,10.);
#1901=VECTOR('',#6341,10.);
#1902=VECTOR('',#6344,10.);
#1903=VECTOR('',#6345,10.);
#1904=VECTOR('',#6348,10.);
#1905=VECTOR('',#6349,10.);
#1906=VECTOR('',#6350,10.);
#1907=VECTOR('',#6351,10.);
#1908=VECTOR('',#6354,10.);
#1909=VECTOR('',#6355,10.);
#1910=VECTOR('',#6356,10.);
#1911=VECTOR('',#6359,10.);
#1912=VECTOR('',#6360,10.);
#1913=VECTOR('',#6361,10.);
#1914=VECTOR('',#6364,10.);
#1915=VECTOR('',#6365,10.);
#1916=VECTOR('',#6368,10.);
#1917=VECTOR('',#6371,10.);
#1918=VECTOR('',#6372,10.);
#1919=VECTOR('',#6373,10.);
#1920=VECTOR('',#6374,10.);
#1921=VECTOR('',#6377,10.);
#1922=VECTOR('',#6378,10.);
#1923=VECTOR('',#6379,10.);
#1924=VECTOR('',#6382,10.);
#1925=VECTOR('',#6383,10.);
#1926=VECTOR('',#6384,10.);
#1927=VECTOR('',#6387,10.);
#1928=VECTOR('',#6388,10.);
#1929=VECTOR('',#6389,10.);
#1930=VECTOR('',#6392,10.);
#1931=VECTOR('',#6393,10.);
#1932=VECTOR('',#6394,10.);
#1933=VECTOR('',#6397,10.);
#1934=VECTOR('',#6398,10.);
#1935=VECTOR('',#6401,10.);
#1936=VECTOR('',#6402,10.);
#1937=VECTOR('',#6405,10.);
#1938=VECTOR('',#6406,10.);
#1939=VECTOR('',#6407,10.);
#1940=VECTOR('',#6410,10.);
#1941=VECTOR('',#6411,10.);
#1942=VECTOR('',#6412,10.);
#1943=VECTOR('',#6415,10.);
#1944=VECTOR('',#6416,10.);
#1945=VECTOR('',#6419,10.);
#1946=VECTOR('',#6420,10.);
#1947=VECTOR('',#6421,10.);
#1948=VECTOR('',#6422,10.);
#1949=VECTOR('',#6425,10.);
#1950=VECTOR('',#6428,10.);
#1951=VECTOR('',#6433,10.);
#1952=VECTOR('',#6434,10.);
#1953=VECTOR('',#6435,10.);
#1954=VECTOR('',#6438,10.);
#1955=VECTOR('',#6439,10.);
#1956=VECTOR('',#6440,10.);
#1957=VECTOR('',#6443,10.);
#1958=VECTOR('',#6444,10.);
#1959=VECTOR('',#6493,2.85);
#1960=VECTOR('',#6496,10.);
#1961=VECTOR('',#6497,10.);
#1962=VECTOR('',#6498,10.);
#1963=VECTOR('',#6499,10.);
#1964=VECTOR('',#6500,10.);
#1965=VECTOR('',#6501,10.);
#1966=VECTOR('',#6502,10.);
#1967=VECTOR('',#6503,10.);
#1968=VECTOR('',#6504,10.);
#1969=VECTOR('',#6505,10.);
#1970=VECTOR('',#6506,10.);
#1971=VECTOR('',#6507,10.);
#1972=VECTOR('',#6510,10.);
#1973=VECTOR('',#6511,10.);
#1974=VECTOR('',#6512,10.);
#1975=VECTOR('',#6515,10.);
#1976=VECTOR('',#6516,10.);
#1977=VECTOR('',#6519,10.);
#1978=VECTOR('',#6520,10.);
#1979=VECTOR('',#6523,10.);
#1980=VECTOR('',#6524,10.);
#1981=VECTOR('',#6527,10.);
#1982=VECTOR('',#6528,10.);
#1983=VECTOR('',#6531,10.);
#1984=VECTOR('',#6532,10.);
#1985=VECTOR('',#6535,10.);
#1986=VECTOR('',#6536,10.);
#1987=VECTOR('',#6539,10.);
#1988=VECTOR('',#6540,10.);
#1989=VECTOR('',#6543,10.);
#1990=VECTOR('',#6544,10.);
#1991=VECTOR('',#6547,10.);
#1992=VECTOR('',#6548,10.);
#1993=VECTOR('',#6551,10.);
#1994=VECTOR('',#6552,10.);
#1995=VECTOR('',#6555,10.);
#1996=VECTOR('',#6562,10.);
#1997=VECTOR('',#6567,10.);
#1998=VECTOR('',#6570,10.);
#1999=VECTOR('',#6573,10.);
#2000=VECTOR('',#6574,10.);
#2001=VECTOR('',#6579,10.);
#2002=VECTOR('',#6582,10.);
#2003=VECTOR('',#6583,10.);
#2004=VECTOR('',#6588,10.);
#2005=VECTOR('',#6591,10.);
#2006=VECTOR('',#6594,10.);
#2007=VECTOR('',#6595,10.);
#2008=VECTOR('',#6596,10.);
#2009=VECTOR('',#6599,10.);
#2010=VECTOR('',#6602,10.);
#2011=VECTOR('',#6605,10.);
#2012=VECTOR('',#6610,10.);
#2013=VECTOR('',#6615,10.);
#2014=VECTOR('',#6616,10.);
#2015=VECTOR('',#6619,10.);
#2016=VECTOR('',#6624,10.);
#2017=VECTOR('',#6625,10.);
#2018=VECTOR('',#6628,10.);
#2019=VECTOR('',#6633,10.);
#2020=VERTEX_POINT('',#6640);
#2021=VERTEX_POINT('',#6641);
#2022=VERTEX_POINT('',#6643);
#2023=VERTEX_POINT('',#6645);
#2024=VERTEX_POINT('',#6649);
#2025=VERTEX_POINT('',#6651);
#2026=VERTEX_POINT('',#6653);
#2027=VERTEX_POINT('',#6655);
#2028=VERTEX_POINT('',#6659);
#2029=VERTEX_POINT('',#6660);
#2030=VERTEX_POINT('',#6662);
#2031=VERTEX_POINT('',#6664);
#2032=VERTEX_POINT('',#6668);
#2033=VERTEX_POINT('',#6670);
#2034=VERTEX_POINT('',#6674);
#2035=VERTEX_POINT('',#6675);
#2036=VERTEX_POINT('',#6677);
#2037=VERTEX_POINT('',#6679);
#2038=VERTEX_POINT('',#6683);
#2039=VERTEX_POINT('',#6685);
#2040=VERTEX_POINT('',#6689);
#2041=VERTEX_POINT('',#6690);
#2042=VERTEX_POINT('',#6692);
#2043=VERTEX_POINT('',#6694);
#2044=VERTEX_POINT('',#6698);
#2045=VERTEX_POINT('',#6700);
#2046=VERTEX_POINT('',#6704);
#2047=VERTEX_POINT('',#6705);
#2048=VERTEX_POINT('',#6707);
#2049=VERTEX_POINT('',#6709);
#2050=VERTEX_POINT('',#6713);
#2051=VERTEX_POINT('',#6715);
#2052=VERTEX_POINT('',#6719);
#2053=VERTEX_POINT('',#6720);
#2054=VERTEX_POINT('',#6722);
#2055=VERTEX_POINT('',#6724);
#2056=VERTEX_POINT('',#6728);
#2057=VERTEX_POINT('',#6730);
#2058=VERTEX_POINT('',#6732);
#2059=VERTEX_POINT('',#6734);
#2060=VERTEX_POINT('',#6738);
#2061=VERTEX_POINT('',#6740);
#2062=VERTEX_POINT('',#6744);
#2063=VERTEX_POINT('',#6746);
#2064=VERTEX_POINT('',#6750);
#2065=VERTEX_POINT('',#6752);
#2066=VERTEX_POINT('',#6756);
#2067=VERTEX_POINT('',#6757);
#2068=VERTEX_POINT('',#6759);
#2069=VERTEX_POINT('',#6761);
#2070=VERTEX_POINT('',#6765);
#2071=VERTEX_POINT('',#6767);
#2072=VERTEX_POINT('',#6771);
#2073=VERTEX_POINT('',#6772);
#2074=VERTEX_POINT('',#6774);
#2075=VERTEX_POINT('',#6776);
#2076=VERTEX_POINT('',#6780);
#2077=VERTEX_POINT('',#6782);
#2078=VERTEX_POINT('',#6786);
#2079=VERTEX_POINT('',#6787);
#2080=VERTEX_POINT('',#6789);
#2081=VERTEX_POINT('',#6791);
#2082=VERTEX_POINT('',#6795);
#2083=VERTEX_POINT('',#6797);
#2084=VERTEX_POINT('',#6799);
#2085=VERTEX_POINT('',#6801);
#2086=VERTEX_POINT('',#6805);
#2087=VERTEX_POINT('',#6807);
#2088=VERTEX_POINT('',#6811);
#2089=VERTEX_POINT('',#6813);
#2090=VERTEX_POINT('',#6817);
#2091=VERTEX_POINT('',#6819);
#2092=VERTEX_POINT('',#6823);
#2093=VERTEX_POINT('',#6824);
#2094=VERTEX_POINT('',#6826);
#2095=VERTEX_POINT('',#6828);
#2096=VERTEX_POINT('',#6832);
#2097=VERTEX_POINT('',#6834);
#2098=VERTEX_POINT('',#6838);
#2099=VERTEX_POINT('',#6839);
#2100=VERTEX_POINT('',#6841);
#2101=VERTEX_POINT('',#6843);
#2102=VERTEX_POINT('',#6847);
#2103=VERTEX_POINT('',#6849);
#2104=VERTEX_POINT('',#6853);
#2105=VERTEX_POINT('',#6854);
#2106=VERTEX_POINT('',#6856);
#2107=VERTEX_POINT('',#6858);
#2108=VERTEX_POINT('',#6862);
#2109=VERTEX_POINT('',#6864);
#2110=VERTEX_POINT('',#6866);
#2111=VERTEX_POINT('',#6868);
#2112=VERTEX_POINT('',#6872);
#2113=VERTEX_POINT('',#6874);
#2114=VERTEX_POINT('',#6878);
#2115=VERTEX_POINT('',#6880);
#2116=VERTEX_POINT('',#6884);
#2117=VERTEX_POINT('',#6886);
#2118=VERTEX_POINT('',#6890);
#2119=VERTEX_POINT('',#6892);
#2120=VERTEX_POINT('',#6896);
#2121=VERTEX_POINT('',#6898);
#2122=VERTEX_POINT('',#6902);
#2123=VERTEX_POINT('',#6904);
#2124=VERTEX_POINT('',#6908);
#2125=VERTEX_POINT('',#6909);
#2126=VERTEX_POINT('',#6911);
#2127=VERTEX_POINT('',#6913);
#2128=VERTEX_POINT('',#6923);
#2129=VERTEX_POINT('',#6925);
#2130=VERTEX_POINT('',#6929);
#2131=VERTEX_POINT('',#6931);
#2132=VERTEX_POINT('',#6938);
#2133=VERTEX_POINT('',#6939);
#2134=VERTEX_POINT('',#6941);
#2135=VERTEX_POINT('',#6943);
#2136=VERTEX_POINT('',#6953);
#2137=VERTEX_POINT('',#6955);
#2138=VERTEX_POINT('',#6959);
#2139=VERTEX_POINT('',#6961);
#2140=VERTEX_POINT('',#6968);
#2141=VERTEX_POINT('',#6970);
#2142=VERTEX_POINT('',#6974);
#2143=VERTEX_POINT('',#6976);
#2144=VERTEX_POINT('',#6983);
#2145=VERTEX_POINT('',#6984);
#2146=VERTEX_POINT('',#6986);
#2147=VERTEX_POINT('',#6988);
#2148=VERTEX_POINT('',#6998);
#2149=VERTEX_POINT('',#7000);
#2150=VERTEX_POINT('',#7004);
#2151=VERTEX_POINT('',#7006);
#2152=VERTEX_POINT('',#7013);
#2153=VERTEX_POINT('',#7015);
#2154=VERTEX_POINT('',#7019);
#2155=VERTEX_POINT('',#7021);
#2156=VERTEX_POINT('',#7028);
#2157=VERTEX_POINT('',#7030);
#2158=VERTEX_POINT('',#7032);
#2159=VERTEX_POINT('',#7036);
#2160=VERTEX_POINT('',#7038);
#2161=VERTEX_POINT('',#7045);
#2162=VERTEX_POINT('',#7047);
#2163=VERTEX_POINT('',#7051);
#2164=VERTEX_POINT('',#7053);
#2165=VERTEX_POINT('',#7060);
#2166=VERTEX_POINT('',#7062);
#2167=VERTEX_POINT('',#7066);
#2168=VERTEX_POINT('',#7068);
#2169=VERTEX_POINT('',#7075);
#2170=VERTEX_POINT('',#7077);
#2171=VERTEX_POINT('',#7079);
#2172=VERTEX_POINT('',#7083);
#2173=VERTEX_POINT('',#7085);
#2174=VERTEX_POINT('',#7092);
#2175=VERTEX_POINT('',#7094);
#2176=VERTEX_POINT('',#7097);
#2177=VERTEX_POINT('',#7099);
#2178=VERTEX_POINT('',#7102);
#2179=VERTEX_POINT('',#7104);
#2180=VERTEX_POINT('',#7107);
#2181=VERTEX_POINT('',#7109);
#2182=VERTEX_POINT('',#7112);
#2183=VERTEX_POINT('',#7114);
#2184=VERTEX_POINT('',#7117);
#2185=VERTEX_POINT('',#7119);
#2186=VERTEX_POINT('',#7121);
#2187=VERTEX_POINT('',#7123);
#2188=VERTEX_POINT('',#7127);
#2189=VERTEX_POINT('',#7129);
#2190=VERTEX_POINT('',#7133);
#2191=VERTEX_POINT('',#7135);
#2192=VERTEX_POINT('',#7142);
#2193=VERTEX_POINT('',#7143);
#2194=VERTEX_POINT('',#7145);
#2195=VERTEX_POINT('',#7147);
#2196=VERTEX_POINT('',#7157);
#2197=VERTEX_POINT('',#7159);
#2198=VERTEX_POINT('',#7163);
#2199=VERTEX_POINT('',#7165);
#2200=VERTEX_POINT('',#7172);
#2201=VERTEX_POINT('',#7173);
#2202=VERTEX_POINT('',#7175);
#2203=VERTEX_POINT('',#7177);
#2204=VERTEX_POINT('',#7187);
#2205=VERTEX_POINT('',#7188);
#2206=VERTEX_POINT('',#7190);
#2207=VERTEX_POINT('',#7192);
#2208=VERTEX_POINT('',#7202);
#2209=VERTEX_POINT('',#7204);
#2210=VERTEX_POINT('',#7208);
#2211=VERTEX_POINT('',#7210);
#2212=VERTEX_POINT('',#7217);
#2213=VERTEX_POINT('',#7219);
#2214=VERTEX_POINT('',#7223);
#2215=VERTEX_POINT('',#7225);
#2216=VERTEX_POINT('',#7232);
#2217=VERTEX_POINT('',#7234);
#2218=VERTEX_POINT('',#7238);
#2219=VERTEX_POINT('',#7240);
#2220=VERTEX_POINT('',#7247);
#2221=VERTEX_POINT('',#7249);
#2222=VERTEX_POINT('',#7253);
#2223=VERTEX_POINT('',#7255);
#2224=VERTEX_POINT('',#7262);
#2225=VERTEX_POINT('',#7264);
#2226=VERTEX_POINT('',#7267);
#2227=VERTEX_POINT('',#7269);
#2228=VERTEX_POINT('',#7272);
#2229=VERTEX_POINT('',#7274);
#2230=VERTEX_POINT('',#7276);
#2231=VERTEX_POINT('',#7278);
#2232=VERTEX_POINT('',#7281);
#2233=VERTEX_POINT('',#7283);
#2234=VERTEX_POINT('',#7286);
#2235=VERTEX_POINT('',#7288);
#2236=VERTEX_POINT('',#7291);
#2237=VERTEX_POINT('',#7293);
#2238=VERTEX_POINT('',#7296);
#2239=VERTEX_POINT('',#7298);
#2240=VERTEX_POINT('',#7301);
#2241=VERTEX_POINT('',#7303);
#2242=VERTEX_POINT('',#7306);
#2243=VERTEX_POINT('',#7308);
#2244=VERTEX_POINT('',#7312);
#2245=VERTEX_POINT('',#7316);
#2246=VERTEX_POINT('',#7322);
#2247=VERTEX_POINT('',#7326);
#2248=VERTEX_POINT('',#7332);
#2249=VERTEX_POINT('',#7336);
#2250=VERTEX_POINT('',#7342);
#2251=VERTEX_POINT('',#7346);
#2252=VERTEX_POINT('',#7352);
#2253=VERTEX_POINT('',#7356);
#2254=VERTEX_POINT('',#7362);
#2255=VERTEX_POINT('',#7366);
#2256=VERTEX_POINT('',#7372);
#2257=VERTEX_POINT('',#7376);
#2258=VERTEX_POINT('',#7382);
#2259=VERTEX_POINT('',#7384);
#2260=VERTEX_POINT('',#7388);
#2261=VERTEX_POINT('',#7390);
#2262=VERTEX_POINT('',#7402);
#2263=VERTEX_POINT('',#7403);
#2264=VERTEX_POINT('',#7405);
#2265=VERTEX_POINT('',#7407);
#2266=VERTEX_POINT('',#7411);
#2267=VERTEX_POINT('',#7413);
#2268=VERTEX_POINT('',#7417);
#2269=VERTEX_POINT('',#7419);
#2270=VERTEX_POINT('',#7426);
#2271=VERTEX_POINT('',#7427);
#2272=VERTEX_POINT('',#7429);
#2273=VERTEX_POINT('',#7431);
#2274=VERTEX_POINT('',#7435);
#2275=VERTEX_POINT('',#7437);
#2276=VERTEX_POINT('',#7441);
#2277=VERTEX_POINT('',#7443);
#2278=VERTEX_POINT('',#7450);
#2279=VERTEX_POINT('',#7451);
#2280=VERTEX_POINT('',#7453);
#2281=VERTEX_POINT('',#7455);
#2282=VERTEX_POINT('',#7459);
#2283=VERTEX_POINT('',#7461);
#2284=VERTEX_POINT('',#7465);
#2285=VERTEX_POINT('',#7467);
#2286=VERTEX_POINT('',#7474);
#2287=VERTEX_POINT('',#7475);
#2288=VERTEX_POINT('',#7477);
#2289=VERTEX_POINT('',#7479);
#2290=VERTEX_POINT('',#7483);
#2291=VERTEX_POINT('',#7485);
#2292=VERTEX_POINT('',#7489);
#2293=VERTEX_POINT('',#7491);
#2294=VERTEX_POINT('',#7498);
#2295=VERTEX_POINT('',#7499);
#2296=VERTEX_POINT('',#7501);
#2297=VERTEX_POINT('',#7503);
#2298=VERTEX_POINT('',#7507);
#2299=VERTEX_POINT('',#7509);
#2300=VERTEX_POINT('',#7513);
#2301=VERTEX_POINT('',#7515);
#2302=VERTEX_POINT('',#7522);
#2303=VERTEX_POINT('',#7523);
#2304=VERTEX_POINT('',#7525);
#2305=VERTEX_POINT('',#7527);
#2306=VERTEX_POINT('',#7531);
#2307=VERTEX_POINT('',#7533);
#2308=VERTEX_POINT('',#7537);
#2309=VERTEX_POINT('',#7539);
#2310=VERTEX_POINT('',#7546);
#2311=VERTEX_POINT('',#7547);
#2312=VERTEX_POINT('',#7549);
#2313=VERTEX_POINT('',#7551);
#2314=VERTEX_POINT('',#7555);
#2315=VERTEX_POINT('',#7557);
#2316=VERTEX_POINT('',#7561);
#2317=VERTEX_POINT('',#7563);
#2318=VERTEX_POINT('',#7570);
#2319=VERTEX_POINT('',#7571);
#2320=VERTEX_POINT('',#7573);
#2321=VERTEX_POINT('',#7575);
#2322=VERTEX_POINT('',#7579);
#2323=VERTEX_POINT('',#7581);
#2324=VERTEX_POINT('',#7585);
#2325=VERTEX_POINT('',#7587);
#2326=VERTEX_POINT('',#7594);
#2327=VERTEX_POINT('',#7595);
#2328=VERTEX_POINT('',#7597);
#2329=VERTEX_POINT('',#7599);
#2330=VERTEX_POINT('',#7603);
#2331=VERTEX_POINT('',#7605);
#2332=VERTEX_POINT('',#7609);
#2333=VERTEX_POINT('',#7611);
#2334=VERTEX_POINT('',#7618);
#2335=VERTEX_POINT('',#7619);
#2336=VERTEX_POINT('',#7621);
#2337=VERTEX_POINT('',#7623);
#2338=VERTEX_POINT('',#7627);
#2339=VERTEX_POINT('',#7629);
#2340=VERTEX_POINT('',#7633);
#2341=VERTEX_POINT('',#7635);
#2342=VERTEX_POINT('',#7642);
#2343=VERTEX_POINT('',#7643);
#2344=VERTEX_POINT('',#7645);
#2345=VERTEX_POINT('',#7647);
#2346=VERTEX_POINT('',#7651);
#2347=VERTEX_POINT('',#7653);
#2348=VERTEX_POINT('',#7657);
#2349=VERTEX_POINT('',#7659);
#2350=VERTEX_POINT('',#7666);
#2351=VERTEX_POINT('',#7667);
#2352=VERTEX_POINT('',#7669);
#2353=VERTEX_POINT('',#7671);
#2354=VERTEX_POINT('',#7675);
#2355=VERTEX_POINT('',#7677);
#2356=VERTEX_POINT('',#7681);
#2357=VERTEX_POINT('',#7683);
#2358=VERTEX_POINT('',#7690);
#2359=VERTEX_POINT('',#7691);
#2360=VERTEX_POINT('',#7693);
#2361=VERTEX_POINT('',#7695);
#2362=VERTEX_POINT('',#7699);
#2363=VERTEX_POINT('',#7701);
#2364=VERTEX_POINT('',#7705);
#2365=VERTEX_POINT('',#7707);
#2366=VERTEX_POINT('',#7714);
#2367=VERTEX_POINT('',#7715);
#2368=VERTEX_POINT('',#7717);
#2369=VERTEX_POINT('',#7719);
#2370=VERTEX_POINT('',#7723);
#2371=VERTEX_POINT('',#7725);
#2372=VERTEX_POINT('',#7729);
#2373=VERTEX_POINT('',#7730);
#2374=VERTEX_POINT('',#7732);
#2375=VERTEX_POINT('',#7734);
#2376=VERTEX_POINT('',#7738);
#2377=VERTEX_POINT('',#7740);
#2378=VERTEX_POINT('',#7744);
#2379=VERTEX_POINT('',#7746);
#2380=VERTEX_POINT('',#7750);
#2381=VERTEX_POINT('',#7752);
#2382=VERTEX_POINT('',#7756);
#2383=VERTEX_POINT('',#7758);
#2384=VERTEX_POINT('',#7765);
#2385=VERTEX_POINT('',#7769);
#2386=VERTEX_POINT('',#7771);
#2387=VERTEX_POINT('',#7776);
#2388=VERTEX_POINT('',#7778);
#2389=VERTEX_POINT('',#7782);
#2390=VERTEX_POINT('',#7784);
#2391=VERTEX_POINT('',#7793);
#2392=VERTEX_POINT('',#7795);
#2393=VERTEX_POINT('',#7800);
#2394=VERTEX_POINT('',#7802);
#2395=VERTEX_POINT('',#7806);
#2396=VERTEX_POINT('',#7808);
#2397=VERTEX_POINT('',#7812);
#2398=VERTEX_POINT('',#7814);
#2399=VERTEX_POINT('',#7818);
#2400=VERTEX_POINT('',#7820);
#2401=VERTEX_POINT('',#7827);
#2402=VERTEX_POINT('',#7831);
#2403=VERTEX_POINT('',#7833);
#2404=VERTEX_POINT('',#7837);
#2405=VERTEX_POINT('',#7839);
#2406=VERTEX_POINT('',#7856);
#2407=VERTEX_POINT('',#7858);
#2408=VERTEX_POINT('',#7862);
#2409=VERTEX_POINT('',#7864);
#2410=VERTEX_POINT('',#7871);
#2411=VERTEX_POINT('',#7890);
#2412=VERTEX_POINT('',#7892);
#2413=VERTEX_POINT('',#7894);
#2414=VERTEX_POINT('',#7900);
#2415=VERTEX_POINT('',#7901);
#2416=VERTEX_POINT('',#7903);
#2417=VERTEX_POINT('',#7905);
#2418=VERTEX_POINT('',#7907);
#2419=VERTEX_POINT('',#7909);
#2420=VERTEX_POINT('',#7911);
#2421=VERTEX_POINT('',#7913);
#2422=VERTEX_POINT('',#7915);
#2423=VERTEX_POINT('',#7917);
#2424=VERTEX_POINT('',#7919);
#2425=VERTEX_POINT('',#7921);
#2426=VERTEX_POINT('',#7925);
#2427=VERTEX_POINT('',#7926);
#2428=VERTEX_POINT('',#7931);
#2429=VERTEX_POINT('',#7935);
#2430=VERTEX_POINT('',#7939);
#2431=VERTEX_POINT('',#7943);
#2432=VERTEX_POINT('',#7947);
#2433=VERTEX_POINT('',#7951);
#2434=VERTEX_POINT('',#7955);
#2435=VERTEX_POINT('',#7959);
#2436=VERTEX_POINT('',#7963);
#2437=VERTEX_POINT('',#7967);
#2438=VERTEX_POINT('',#7975);
#2439=VERTEX_POINT('',#7979);
#2440=VERTEX_POINT('',#7981);
#2441=VERTEX_POINT('',#7988);
#2442=VERTEX_POINT('',#7995);
#2443=VERTEX_POINT('',#7996);
#2444=VERTEX_POINT('',#7998);
#2445=VERTEX_POINT('',#8000);
#2446=VERTEX_POINT('',#8004);
#2447=VERTEX_POINT('',#8006);
#2448=VERTEX_POINT('',#8010);
#2449=VERTEX_POINT('',#8012);
#2450=VERTEX_POINT('',#8014);
#2451=VERTEX_POINT('',#8016);
#2452=VERTEX_POINT('',#8018);
#2453=VERTEX_POINT('',#8022);
#2454=VERTEX_POINT('',#8026);
#2455=VERTEX_POINT('',#8030);
#2456=VERTEX_POINT('',#8034);
#2457=VERTEX_POINT('',#8038);
#2458=EDGE_CURVE('',#2020,#2021,#646,.F.);
#2459=EDGE_CURVE('',#2021,#2022,#647,.T.);
#2460=EDGE_CURVE('',#2022,#2023,#648,.F.);
#2461=EDGE_CURVE('',#2023,#2020,#649,.T.);
#2462=EDGE_CURVE('',#2021,#2024,#650,.T.);
#2463=EDGE_CURVE('',#2024,#2025,#65,.T.);
#2464=EDGE_CURVE('',#2025,#2026,#651,.T.);
#2465=EDGE_CURVE('',#2027,#2026,#652,.T.);
#2466=EDGE_CURVE('',#2027,#2022,#653,.T.);
#2467=EDGE_CURVE('',#2028,#2029,#654,.F.);
#2468=EDGE_CURVE('',#2029,#2030,#655,.T.);
#2469=EDGE_CURVE('',#2030,#2031,#656,.F.);
#2470=EDGE_CURVE('',#2031,#2028,#657,.T.);
#2471=EDGE_CURVE('',#2029,#2032,#658,.T.);
#2472=EDGE_CURVE('',#2033,#2032,#659,.T.);
#2473=EDGE_CURVE('',#2033,#2030,#660,.T.);
#2474=EDGE_CURVE('',#2034,#2035,#661,.F.);
#2475=EDGE_CURVE('',#2035,#2036,#662,.T.);
#2476=EDGE_CURVE('',#2036,#2037,#663,.F.);
#2477=EDGE_CURVE('',#2037,#2034,#664,.T.);
#2478=EDGE_CURVE('',#2035,#2038,#665,.T.);
#2479=EDGE_CURVE('',#2039,#2038,#666,.T.);
#2480=EDGE_CURVE('',#2039,#2036,#667,.T.);
#2481=EDGE_CURVE('',#2040,#2041,#668,.F.);
#2482=EDGE_CURVE('',#2041,#2042,#669,.T.);
#2483=EDGE_CURVE('',#2042,#2043,#670,.F.);
#2484=EDGE_CURVE('',#2043,#2040,#671,.T.);
#2485=EDGE_CURVE('',#2041,#2044,#672,.T.);
#2486=EDGE_CURVE('',#2044,#2045,#673,.T.);
#2487=EDGE_CURVE('',#2045,#2042,#674,.T.);
#2488=EDGE_CURVE('',#2046,#2047,#675,.F.);
#2489=EDGE_CURVE('',#2047,#2048,#676,.T.);
#2490=EDGE_CURVE('',#2048,#2049,#677,.F.);
#2491=EDGE_CURVE('',#2049,#2046,#678,.T.);
#2492=EDGE_CURVE('',#2047,#2050,#679,.T.);
#2493=EDGE_CURVE('',#2051,#2050,#680,.T.);
#2494=EDGE_CURVE('',#2051,#2048,#681,.T.);
#2495=EDGE_CURVE('',#2052,#2053,#682,.F.);
#2496=EDGE_CURVE('',#2053,#2054,#683,.T.);
#2497=EDGE_CURVE('',#2054,#2055,#684,.F.);
#2498=EDGE_CURVE('',#2055,#2052,#685,.T.);
#2499=EDGE_CURVE('',#2053,#2056,#686,.T.);
#2500=EDGE_CURVE('',#2057,#2056,#687,.T.);
#2501=EDGE_CURVE('',#2057,#2058,#688,.T.);
#2502=EDGE_CURVE('',#2058,#2059,#66,.T.);
#2503=EDGE_CURVE('',#2059,#2054,#689,.T.);
#2504=EDGE_CURVE('',#2060,#2057,#690,.F.);
#2505=EDGE_CURVE('',#2056,#2061,#691,.F.);
#2506=EDGE_CURVE('',#2061,#2060,#692,.T.);
#2507=EDGE_CURVE('',#2062,#2051,#693,.F.);
#2508=EDGE_CURVE('',#2050,#2063,#694,.F.);
#2509=EDGE_CURVE('',#2063,#2062,#695,.T.);
#2510=EDGE_CURVE('',#2064,#2045,#696,.F.);
#2511=EDGE_CURVE('',#2044,#2065,#697,.F.);
#2512=EDGE_CURVE('',#2065,#2064,#698,.T.);
#2513=EDGE_CURVE('',#2066,#2067,#699,.F.);
#2514=EDGE_CURVE('',#2067,#2068,#700,.T.);
#2515=EDGE_CURVE('',#2068,#2069,#701,.F.);
#2516=EDGE_CURVE('',#2069,#2066,#702,.T.);
#2517=EDGE_CURVE('',#2067,#2070,#703,.T.);
#2518=EDGE_CURVE('',#2071,#2070,#704,.T.);
#2519=EDGE_CURVE('',#2071,#2068,#705,.T.);
#2520=EDGE_CURVE('',#2072,#2073,#706,.F.);
#2521=EDGE_CURVE('',#2073,#2074,#707,.T.);
#2522=EDGE_CURVE('',#2074,#2075,#708,.F.);
#2523=EDGE_CURVE('',#2075,#2072,#709,.T.);
#2524=EDGE_CURVE('',#2073,#2076,#710,.T.);
#2525=EDGE_CURVE('',#2077,#2076,#711,.T.);
#2526=EDGE_CURVE('',#2077,#2074,#712,.T.);
#2527=EDGE_CURVE('',#2078,#2079,#713,.F.);
#2528=EDGE_CURVE('',#2079,#2080,#714,.T.);
#2529=EDGE_CURVE('',#2080,#2081,#715,.F.);
#2530=EDGE_CURVE('',#2081,#2078,#716,.T.);
#2531=EDGE_CURVE('',#2079,#2082,#717,.T.);
#2532=EDGE_CURVE('',#2083,#2082,#718,.T.);
#2533=EDGE_CURVE('',#2083,#2084,#719,.T.);
#2534=EDGE_CURVE('',#2084,#2085,#67,.T.);
#2535=EDGE_CURVE('',#2085,#2080,#720,.T.);
#2536=EDGE_CURVE('',#2086,#2083,#721,.F.);
#2537=EDGE_CURVE('',#2082,#2087,#722,.F.);
#2538=EDGE_CURVE('',#2087,#2086,#723,.T.);
#2539=EDGE_CURVE('',#2088,#2077,#724,.F.);
#2540=EDGE_CURVE('',#2076,#2089,#725,.F.);
#2541=EDGE_CURVE('',#2089,#2088,#726,.T.);
#2542=EDGE_CURVE('',#2090,#2071,#727,.F.);
#2543=EDGE_CURVE('',#2070,#2091,#728,.F.);
#2544=EDGE_CURVE('',#2091,#2090,#729,.T.);
#2545=EDGE_CURVE('',#2092,#2093,#730,.F.);
#2546=EDGE_CURVE('',#2093,#2094,#731,.T.);
#2547=EDGE_CURVE('',#2094,#2095,#732,.F.);
#2548=EDGE_CURVE('',#2095,#2092,#733,.T.);
#2549=EDGE_CURVE('',#2093,#2096,#734,.T.);
#2550=EDGE_CURVE('',#2097,#2096,#735,.T.);
#2551=EDGE_CURVE('',#2097,#2094,#736,.T.);
#2552=EDGE_CURVE('',#2098,#2099,#737,.F.);
#2553=EDGE_CURVE('',#2099,#2100,#738,.T.);
#2554=EDGE_CURVE('',#2100,#2101,#739,.F.);
#2555=EDGE_CURVE('',#2101,#2098,#740,.T.);
#2556=EDGE_CURVE('',#2099,#2102,#741,.T.);
#2557=EDGE_CURVE('',#2103,#2102,#742,.T.);
#2558=EDGE_CURVE('',#2103,#2100,#743,.T.);
#2559=EDGE_CURVE('',#2104,#2105,#744,.F.);
#2560=EDGE_CURVE('',#2105,#2106,#745,.T.);
#2561=EDGE_CURVE('',#2106,#2107,#746,.F.);
#2562=EDGE_CURVE('',#2107,#2104,#747,.T.);
#2563=EDGE_CURVE('',#2105,#2108,#748,.T.);
#2564=EDGE_CURVE('',#2109,#2108,#749,.T.);
#2565=EDGE_CURVE('',#2109,#2110,#750,.T.);
#2566=EDGE_CURVE('',#2110,#2111,#68,.T.);
#2567=EDGE_CURVE('',#2111,#2106,#751,.T.);
#2568=EDGE_CURVE('',#2112,#2109,#752,.F.);
#2569=EDGE_CURVE('',#2108,#2113,#753,.F.);
#2570=EDGE_CURVE('',#2113,#2112,#754,.T.);
#2571=EDGE_CURVE('',#2114,#2103,#755,.F.);
#2572=EDGE_CURVE('',#2102,#2115,#756,.F.);
#2573=EDGE_CURVE('',#2115,#2114,#757,.T.);
#2574=EDGE_CURVE('',#2116,#2097,#758,.F.);
#2575=EDGE_CURVE('',#2096,#2117,#759,.F.);
#2576=EDGE_CURVE('',#2117,#2116,#760,.T.);
#2577=EDGE_CURVE('',#2118,#2039,#761,.F.);
#2578=EDGE_CURVE('',#2038,#2119,#762,.F.);
#2579=EDGE_CURVE('',#2119,#2118,#763,.T.);
#2580=EDGE_CURVE('',#2120,#2033,#764,.F.);
#2581=EDGE_CURVE('',#2032,#2121,#765,.F.);
#2582=EDGE_CURVE('',#2121,#2120,#766,.T.);
#2583=EDGE_CURVE('',#2122,#2027,#767,.F.);
#2584=EDGE_CURVE('',#2026,#2123,#768,.F.);
#2585=EDGE_CURVE('',#2123,#2122,#769,.T.);
#2586=EDGE_CURVE('',#2124,#2125,#770,.T.);
#2587=EDGE_CURVE('',#2124,#2126,#771,.T.);
#2588=EDGE_CURVE('',#2127,#2126,#772,.T.);
#2589=EDGE_CURVE('',#2125,#2127,#773,.T.);
#2590=EDGE_CURVE('',#2067,#2124,#774,.T.);
#2591=EDGE_CURVE('',#2126,#2066,#775,.T.);
#2592=EDGE_CURVE('',#2125,#2068,#776,.T.);
#2593=EDGE_CURVE('',#2069,#2127,#777,.T.);
#2594=EDGE_CURVE('',#2057,#2128,#778,.T.);
#2595=EDGE_CURVE('',#2129,#2060,#779,.T.);
#2596=EDGE_CURVE('',#2128,#2129,#780,.T.);
#2597=EDGE_CURVE('',#2130,#2056,#781,.T.);
#2598=EDGE_CURVE('',#2130,#2131,#782,.T.);
#2599=EDGE_CURVE('',#2061,#2131,#783,.T.);
#2600=EDGE_CURVE('',#2128,#2130,#784,.T.);
#2601=EDGE_CURVE('',#2131,#2129,#785,.T.);
#2602=EDGE_CURVE('',#2132,#2133,#786,.T.);
#2603=EDGE_CURVE('',#2132,#2134,#787,.T.);
#2604=EDGE_CURVE('',#2135,#2134,#788,.T.);
#2605=EDGE_CURVE('',#2133,#2135,#789,.T.);
#2606=EDGE_CURVE('',#2073,#2132,#790,.T.);
#2607=EDGE_CURVE('',#2134,#2072,#791,.T.);
#2608=EDGE_CURVE('',#2133,#2074,#792,.T.);
#2609=EDGE_CURVE('',#2075,#2135,#793,.T.);
#2610=EDGE_CURVE('',#2045,#2136,#794,.T.);
#2611=EDGE_CURVE('',#2137,#2064,#795,.T.);
#2612=EDGE_CURVE('',#2136,#2137,#796,.T.);
#2613=EDGE_CURVE('',#2138,#2044,#797,.T.);
#2614=EDGE_CURVE('',#2138,#2139,#798,.T.);
#2615=EDGE_CURVE('',#2065,#2139,#799,.T.);
#2616=EDGE_CURVE('',#2136,#2138,#800,.T.);
#2617=EDGE_CURVE('',#2139,#2137,#801,.T.);
#2618=EDGE_CURVE('',#2051,#2140,#802,.T.);
#2619=EDGE_CURVE('',#2141,#2062,#803,.T.);
#2620=EDGE_CURVE('',#2140,#2141,#804,.T.);
#2621=EDGE_CURVE('',#2142,#2050,#805,.T.);
#2622=EDGE_CURVE('',#2142,#2143,#806,.T.);
#2623=EDGE_CURVE('',#2063,#2143,#807,.T.);
#2624=EDGE_CURVE('',#2140,#2142,#808,.T.);
#2625=EDGE_CURVE('',#2143,#2141,#809,.T.);
#2626=EDGE_CURVE('',#2144,#2145,#810,.T.);
#2627=EDGE_CURVE('',#2144,#2146,#811,.T.);
#2628=EDGE_CURVE('',#2147,#2146,#812,.T.);
#2629=EDGE_CURVE('',#2145,#2147,#813,.T.);
#2630=EDGE_CURVE('',#2079,#2144,#814,.T.);
#2631=EDGE_CURVE('',#2146,#2078,#815,.T.);
#2632=EDGE_CURVE('',#2145,#2080,#816,.T.);
#2633=EDGE_CURVE('',#2081,#2147,#817,.T.);
#2634=EDGE_CURVE('',#2148,#2038,#818,.T.);
#2635=EDGE_CURVE('',#2148,#2149,#819,.T.);
#2636=EDGE_CURVE('',#2119,#2149,#820,.T.);
#2637=EDGE_CURVE('',#2150,#2148,#821,.T.);
#2638=EDGE_CURVE('',#2150,#2151,#822,.T.);
#2639=EDGE_CURVE('',#2149,#2151,#823,.T.);
#2640=EDGE_CURVE('',#2039,#2150,#824,.T.);
#2641=EDGE_CURVE('',#2151,#2118,#825,.T.);
#2642=EDGE_CURVE('',#2152,#2108,#826,.T.);
#2643=EDGE_CURVE('',#2152,#2153,#827,.T.);
#2644=EDGE_CURVE('',#2113,#2153,#828,.T.);
#2645=EDGE_CURVE('',#2154,#2152,#829,.T.);
#2646=EDGE_CURVE('',#2154,#2155,#830,.T.);
#2647=EDGE_CURVE('',#2153,#2155,#831,.T.);
#2648=EDGE_CURVE('',#2109,#2154,#832,.T.);
#2649=EDGE_CURVE('',#2155,#2112,#833,.T.);
#2650=EDGE_CURVE('',#2156,#2032,#834,.T.);
#2651=EDGE_CURVE('',#2156,#2157,#835,.T.);
#2652=EDGE_CURVE('',#2158,#2157,#836,.T.);
#2653=EDGE_CURVE('',#2121,#2158,#837,.T.);
#2654=EDGE_CURVE('',#2159,#2156,#838,.T.);
#2655=EDGE_CURVE('',#2159,#2160,#839,.T.);
#2656=EDGE_CURVE('',#2157,#2160,#840,.T.);
#2657=EDGE_CURVE('',#2033,#2159,#841,.T.);
#2658=EDGE_CURVE('',#2160,#2120,#842,.T.);
#2659=EDGE_CURVE('',#2161,#2096,#843,.T.);
#2660=EDGE_CURVE('',#2161,#2162,#844,.T.);
#2661=EDGE_CURVE('',#2117,#2162,#845,.T.);
#2662=EDGE_CURVE('',#2163,#2161,#846,.T.);
#2663=EDGE_CURVE('',#2163,#2164,#847,.T.);
#2664=EDGE_CURVE('',#2162,#2164,#848,.T.);
#2665=EDGE_CURVE('',#2097,#2163,#849,.T.);
#2666=EDGE_CURVE('',#2164,#2116,#850,.T.);
#2667=EDGE_CURVE('',#2165,#2102,#851,.T.);
#2668=EDGE_CURVE('',#2165,#2166,#852,.T.);
#2669=EDGE_CURVE('',#2115,#2166,#853,.T.);
#2670=EDGE_CURVE('',#2167,#2165,#854,.T.);
#2671=EDGE_CURVE('',#2167,#2168,#855,.T.);
#2672=EDGE_CURVE('',#2166,#2168,#856,.T.);
#2673=EDGE_CURVE('',#2103,#2167,#857,.T.);
#2674=EDGE_CURVE('',#2168,#2114,#858,.T.);
#2675=EDGE_CURVE('',#2169,#2026,#859,.T.);
#2676=EDGE_CURVE('',#2169,#2170,#860,.T.);
#2677=EDGE_CURVE('',#2171,#2170,#861,.T.);
#2678=EDGE_CURVE('',#2123,#2171,#862,.T.);
#2679=EDGE_CURVE('',#2172,#2169,#863,.T.);
#2680=EDGE_CURVE('',#2172,#2173,#864,.T.);
#2681=EDGE_CURVE('',#2170,#2173,#865,.T.);
#2682=EDGE_CURVE('',#2027,#2172,#866,.T.);
#2683=EDGE_CURVE('',#2173,#2122,#867,.T.);
#2684=EDGE_CURVE('',#2038,#2174,#868,.T.);
#2685=EDGE_CURVE('',#2174,#2175,#869,.T.);
#2686=EDGE_CURVE('',#2033,#2175,#870,.T.);
#2687=EDGE_CURVE('',#2032,#2176,#871,.T.);
#2688=EDGE_CURVE('',#2176,#2177,#872,.T.);
#2689=EDGE_CURVE('',#2027,#2177,#873,.T.);
#2690=EDGE_CURVE('',#2178,#2025,#874,.T.);
#2691=EDGE_CURVE('',#2179,#2178,#875,.T.);
#2692=EDGE_CURVE('',#2110,#2179,#876,.T.);
#2693=EDGE_CURVE('',#2108,#2180,#877,.T.);
#2694=EDGE_CURVE('',#2180,#2181,#878,.T.);
#2695=EDGE_CURVE('',#2103,#2181,#879,.T.);
#2696=EDGE_CURVE('',#2102,#2182,#880,.T.);
#2697=EDGE_CURVE('',#2182,#2183,#881,.T.);
#2698=EDGE_CURVE('',#2097,#2183,#882,.T.);
#2699=EDGE_CURVE('',#2096,#2184,#883,.T.);
#2700=EDGE_CURVE('',#2184,#2185,#884,.T.);
#2701=EDGE_CURVE('',#2186,#2185,#885,.T.);
#2702=EDGE_CURVE('',#2185,#2187,#886,.T.);
#2703=EDGE_CURVE('',#2039,#2187,#887,.T.);
#2704=EDGE_CURVE('',#2093,#2188,#888,.T.);
#2705=EDGE_CURVE('',#2189,#2092,#889,.T.);
#2706=EDGE_CURVE('',#2188,#2189,#890,.T.);
#2707=EDGE_CURVE('',#2190,#2094,#891,.T.);
#2708=EDGE_CURVE('',#2190,#2191,#892,.T.);
#2709=EDGE_CURVE('',#2095,#2191,#893,.T.);
#2710=EDGE_CURVE('',#2188,#2190,#894,.T.);
#2711=EDGE_CURVE('',#2191,#2189,#895,.T.);
#2712=EDGE_CURVE('',#2192,#2193,#896,.T.);
#2713=EDGE_CURVE('',#2192,#2194,#897,.T.);
#2714=EDGE_CURVE('',#2195,#2194,#898,.T.);
#2715=EDGE_CURVE('',#2193,#2195,#899,.T.);
#2716=EDGE_CURVE('',#2083,#2192,#900,.T.);
#2717=EDGE_CURVE('',#2194,#2086,#901,.T.);
#2718=EDGE_CURVE('',#2193,#2082,#902,.T.);
#2719=EDGE_CURVE('',#2087,#2195,#903,.T.);
#2720=EDGE_CURVE('',#2099,#2196,#904,.T.);
#2721=EDGE_CURVE('',#2197,#2098,#905,.T.);
#2722=EDGE_CURVE('',#2196,#2197,#906,.T.);
#2723=EDGE_CURVE('',#2198,#2100,#907,.T.);
#2724=EDGE_CURVE('',#2198,#2199,#908,.T.);
#2725=EDGE_CURVE('',#2101,#2199,#909,.T.);
#2726=EDGE_CURVE('',#2196,#2198,#910,.T.);
#2727=EDGE_CURVE('',#2199,#2197,#911,.T.);
#2728=EDGE_CURVE('',#2200,#2201,#912,.T.);
#2729=EDGE_CURVE('',#2200,#2202,#913,.T.);
#2730=EDGE_CURVE('',#2203,#2202,#914,.T.);
#2731=EDGE_CURVE('',#2201,#2203,#915,.T.);
#2732=EDGE_CURVE('',#2071,#2200,#916,.T.);
#2733=EDGE_CURVE('',#2202,#2090,#917,.T.);
#2734=EDGE_CURVE('',#2201,#2070,#918,.T.);
#2735=EDGE_CURVE('',#2091,#2203,#919,.T.);
#2736=EDGE_CURVE('',#2204,#2205,#920,.T.);
#2737=EDGE_CURVE('',#2204,#2206,#921,.T.);
#2738=EDGE_CURVE('',#2207,#2206,#922,.T.);
#2739=EDGE_CURVE('',#2205,#2207,#923,.T.);
#2740=EDGE_CURVE('',#2077,#2204,#924,.T.);
#2741=EDGE_CURVE('',#2206,#2088,#925,.T.);
#2742=EDGE_CURVE('',#2205,#2076,#926,.T.);
#2743=EDGE_CURVE('',#2089,#2207,#927,.T.);
#2744=EDGE_CURVE('',#2105,#2208,#928,.T.);
#2745=EDGE_CURVE('',#2209,#2104,#929,.T.);
#2746=EDGE_CURVE('',#2208,#2209,#930,.T.);
#2747=EDGE_CURVE('',#2210,#2106,#931,.T.);
#2748=EDGE_CURVE('',#2210,#2211,#932,.T.);
#2749=EDGE_CURVE('',#2107,#2211,#933,.T.);
#2750=EDGE_CURVE('',#2208,#2210,#934,.T.);
#2751=EDGE_CURVE('',#2211,#2209,#935,.T.);
#2752=EDGE_CURVE('',#2212,#2022,#936,.T.);
#2753=EDGE_CURVE('',#2212,#2213,#937,.T.);
#2754=EDGE_CURVE('',#2023,#2213,#938,.T.);
#2755=EDGE_CURVE('',#2214,#2212,#939,.T.);
#2756=EDGE_CURVE('',#2214,#2215,#940,.T.);
#2757=EDGE_CURVE('',#2213,#2215,#941,.T.);
#2758=EDGE_CURVE('',#2021,#2214,#942,.T.);
#2759=EDGE_CURVE('',#2215,#2020,#943,.T.);
#2760=EDGE_CURVE('',#2216,#2030,#944,.T.);
#2761=EDGE_CURVE('',#2216,#2217,#945,.T.);
#2762=EDGE_CURVE('',#2031,#2217,#946,.T.);
#2763=EDGE_CURVE('',#2218,#2216,#947,.T.);
#2764=EDGE_CURVE('',#2218,#2219,#948,.T.);
#2765=EDGE_CURVE('',#2217,#2219,#949,.T.);
#2766=EDGE_CURVE('',#2029,#2218,#950,.T.);
#2767=EDGE_CURVE('',#2219,#2028,#951,.T.);
#2768=EDGE_CURVE('',#2220,#2036,#952,.T.);
#2769=EDGE_CURVE('',#2220,#2221,#953,.T.);
#2770=EDGE_CURVE('',#2037,#2221,#954,.T.);
#2771=EDGE_CURVE('',#2222,#2220,#955,.T.);
#2772=EDGE_CURVE('',#2222,#2223,#956,.T.);
#2773=EDGE_CURVE('',#2221,#2223,#957,.T.);
#2774=EDGE_CURVE('',#2035,#2222,#958,.T.);
#2775=EDGE_CURVE('',#2223,#2034,#959,.T.);
#2776=EDGE_CURVE('',#2022,#2224,#960,.T.);
#2777=EDGE_CURVE('',#2224,#2225,#961,.T.);
#2778=EDGE_CURVE('',#2029,#2225,#962,.T.);
#2779=EDGE_CURVE('',#2030,#2226,#963,.T.);
#2780=EDGE_CURVE('',#2226,#2227,#964,.T.);
#2781=EDGE_CURVE('',#2035,#2227,#965,.T.);
#2782=EDGE_CURVE('',#2036,#2228,#966,.T.);
#2783=EDGE_CURVE('',#2228,#2229,#967,.T.);
#2784=EDGE_CURVE('',#2230,#2229,#968,.T.);
#2785=EDGE_CURVE('',#2229,#2231,#969,.T.);
#2786=EDGE_CURVE('',#2041,#2231,#970,.T.);
#2787=EDGE_CURVE('',#2041,#2232,#971,.T.);
#2788=EDGE_CURVE('',#2232,#2233,#972,.T.);
#2789=EDGE_CURVE('',#2233,#2042,#973,.T.);
#2790=EDGE_CURVE('',#2042,#2234,#974,.T.);
#2791=EDGE_CURVE('',#2234,#2235,#975,.T.);
#2792=EDGE_CURVE('',#2047,#2235,#976,.T.);
#2793=EDGE_CURVE('',#2047,#2236,#977,.T.);
#2794=EDGE_CURVE('',#2236,#2237,#978,.T.);
#2795=EDGE_CURVE('',#2237,#2048,#979,.T.);
#2796=EDGE_CURVE('',#2048,#2238,#980,.T.);
#2797=EDGE_CURVE('',#2238,#2239,#981,.T.);
#2798=EDGE_CURVE('',#2053,#2239,#982,.T.);
#2799=EDGE_CURVE('',#2053,#2240,#983,.T.);
#2800=EDGE_CURVE('',#2240,#2241,#984,.T.);
#2801=EDGE_CURVE('',#2241,#2054,#985,.T.);
#2802=EDGE_CURVE('',#2242,#2059,#986,.T.);
#2803=EDGE_CURVE('',#2243,#2242,#987,.T.);
#2804=EDGE_CURVE('',#2024,#2243,#988,.T.);
#2805=EDGE_CURVE('',#2233,#2244,#989,.T.);
#2806=EDGE_CURVE('',#2043,#2244,#990,.T.);
#2807=EDGE_CURVE('',#2232,#2245,#991,.T.);
#2808=EDGE_CURVE('',#2244,#2245,#992,.T.);
#2809=EDGE_CURVE('',#2245,#2040,#993,.T.);
#2810=EDGE_CURVE('',#2237,#2246,#994,.T.);
#2811=EDGE_CURVE('',#2049,#2246,#995,.T.);
#2812=EDGE_CURVE('',#2236,#2247,#996,.T.);
#2813=EDGE_CURVE('',#2246,#2247,#997,.T.);
#2814=EDGE_CURVE('',#2247,#2046,#998,.T.);
#2815=EDGE_CURVE('',#2241,#2248,#999,.T.);
#2816=EDGE_CURVE('',#2055,#2248,#1000,.T.);
#2817=EDGE_CURVE('',#2240,#2249,#1001,.T.);
#2818=EDGE_CURVE('',#2248,#2249,#1002,.T.);
#2819=EDGE_CURVE('',#2249,#2052,#1003,.T.);
#2820=EDGE_CURVE('',#2105,#2250,#1004,.T.);
#2821=EDGE_CURVE('',#2250,#2180,#1005,.T.);
#2822=EDGE_CURVE('',#2181,#2251,#1006,.T.);
#2823=EDGE_CURVE('',#2100,#2251,#1007,.T.);
#2824=EDGE_CURVE('',#2251,#2250,#1008,.T.);
#2825=EDGE_CURVE('',#2239,#2252,#1009,.T.);
#2826=EDGE_CURVE('',#2056,#2252,#1010,.T.);
#2827=EDGE_CURVE('',#2051,#2253,#1011,.T.);
#2828=EDGE_CURVE('',#2253,#2238,#1012,.T.);
#2829=EDGE_CURVE('',#2252,#2253,#1013,.T.);
#2830=EDGE_CURVE('',#2235,#2254,#1014,.T.);
#2831=EDGE_CURVE('',#2050,#2254,#1015,.T.);
#2832=EDGE_CURVE('',#2045,#2255,#1016,.T.);
#2833=EDGE_CURVE('',#2255,#2234,#1017,.T.);
#2834=EDGE_CURVE('',#2254,#2255,#1018,.T.);
#2835=EDGE_CURVE('',#2183,#2256,#1019,.T.);
#2836=EDGE_CURVE('',#2094,#2256,#1020,.T.);
#2837=EDGE_CURVE('',#2099,#2257,#1021,.T.);
#2838=EDGE_CURVE('',#2257,#2182,#1022,.T.);
#2839=EDGE_CURVE('',#2256,#2257,#1023,.T.);
#2840=EDGE_CURVE('',#2073,#2258,#1024,.T.);
#2841=EDGE_CURVE('',#2258,#2259,#1025,.T.);
#2842=EDGE_CURVE('',#2076,#2259,#1026,.T.);
#2843=EDGE_CURVE('',#2071,#2260,#1027,.T.);
#2844=EDGE_CURVE('',#2260,#2261,#1028,.T.);
#2845=EDGE_CURVE('',#2068,#2261,#1029,.T.);
#2846=EDGE_CURVE('',#2259,#2260,#1030,.T.);
#2847=EDGE_CURVE('',#2261,#2258,#1031,.T.);
#2848=EDGE_CURVE('',#2227,#2174,#1032,.T.);
#2849=EDGE_CURVE('',#2175,#2226,#1033,.T.);
#2850=EDGE_CURVE('',#2262,#2263,#1034,.T.);
#2851=EDGE_CURVE('',#2262,#2264,#1035,.T.);
#2852=EDGE_CURVE('',#2264,#2265,#1036,.T.);
#2853=EDGE_CURVE('',#2263,#2265,#1037,.T.);
#2854=EDGE_CURVE('',#2266,#2262,#1038,.T.);
#2855=EDGE_CURVE('',#2266,#2267,#1039,.T.);
#2856=EDGE_CURVE('',#2267,#2264,#1040,.T.);
#2857=EDGE_CURVE('',#2268,#2266,#1041,.T.);
#2858=EDGE_CURVE('',#2268,#2269,#1042,.T.);
#2859=EDGE_CURVE('',#2269,#2267,#1043,.T.);
#2860=EDGE_CURVE('',#2263,#2268,#1044,.T.);
#2861=EDGE_CURVE('',#2265,#2269,#1045,.T.);
#2862=EDGE_CURVE('',#2270,#2271,#1046,.T.);
#2863=EDGE_CURVE('',#2270,#2272,#1047,.T.);
#2864=EDGE_CURVE('',#2272,#2273,#1048,.T.);
#2865=EDGE_CURVE('',#2271,#2273,#1049,.T.);
#2866=EDGE_CURVE('',#2274,#2270,#1050,.T.);
#2867=EDGE_CURVE('',#2274,#2275,#1051,.T.);
#2868=EDGE_CURVE('',#2275,#2272,#1052,.T.);
#2869=EDGE_CURVE('',#2276,#2274,#1053,.T.);
#2870=EDGE_CURVE('',#2276,#2277,#1054,.T.);
#2871=EDGE_CURVE('',#2277,#2275,#1055,.T.);
#2872=EDGE_CURVE('',#2271,#2276,#1056,.T.);
#2873=EDGE_CURVE('',#2273,#2277,#1057,.T.);
#2874=EDGE_CURVE('',#2278,#2279,#1058,.T.);
#2875=EDGE_CURVE('',#2278,#2280,#1059,.T.);
#2876=EDGE_CURVE('',#2280,#2281,#1060,.T.);
#2877=EDGE_CURVE('',#2279,#2281,#1061,.T.);
#2878=EDGE_CURVE('',#2282,#2278,#1062,.T.);
#2879=EDGE_CURVE('',#2282,#2283,#1063,.T.);
#2880=EDGE_CURVE('',#2283,#2280,#1064,.T.);
#2881=EDGE_CURVE('',#2284,#2282,#1065,.T.);
#2882=EDGE_CURVE('',#2284,#2285,#1066,.T.);
#2883=EDGE_CURVE('',#2285,#2283,#1067,.T.);
#2884=EDGE_CURVE('',#2279,#2284,#1068,.T.);
#2885=EDGE_CURVE('',#2281,#2285,#1069,.T.);
#2886=EDGE_CURVE('',#2286,#2287,#1070,.T.);
#2887=EDGE_CURVE('',#2286,#2288,#1071,.T.);
#2888=EDGE_CURVE('',#2288,#2289,#1072,.T.);
#2889=EDGE_CURVE('',#2287,#2289,#1073,.T.);
#2890=EDGE_CURVE('',#2290,#2286,#1074,.T.);
#2891=EDGE_CURVE('',#2290,#2291,#1075,.T.);
#2892=EDGE_CURVE('',#2291,#2288,#1076,.T.);
#2893=EDGE_CURVE('',#2292,#2290,#1077,.T.);
#2894=EDGE_CURVE('',#2292,#2293,#1078,.T.);
#2895=EDGE_CURVE('',#2293,#2291,#1079,.T.);
#2896=EDGE_CURVE('',#2287,#2292,#1080,.T.);
#2897=EDGE_CURVE('',#2289,#2293,#1081,.T.);
#2898=EDGE_CURVE('',#2294,#2295,#1082,.T.);
#2899=EDGE_CURVE('',#2294,#2296,#1083,.T.);
#2900=EDGE_CURVE('',#2296,#2297,#1084,.T.);
#2901=EDGE_CURVE('',#2295,#2297,#1085,.T.);
#2902=EDGE_CURVE('',#2298,#2294,#1086,.T.);
#2903=EDGE_CURVE('',#2298,#2299,#1087,.T.);
#2904=EDGE_CURVE('',#2299,#2296,#1088,.T.);
#2905=EDGE_CURVE('',#2300,#2298,#1089,.T.);
#2906=EDGE_CURVE('',#2300,#2301,#1090,.T.);
#2907=EDGE_CURVE('',#2301,#2299,#1091,.T.);
#2908=EDGE_CURVE('',#2295,#2300,#1092,.T.);
#2909=EDGE_CURVE('',#2297,#2301,#1093,.T.);
#2910=EDGE_CURVE('',#2302,#2303,#1094,.T.);
#2911=EDGE_CURVE('',#2302,#2304,#1095,.T.);
#2912=EDGE_CURVE('',#2304,#2305,#1096,.T.);
#2913=EDGE_CURVE('',#2303,#2305,#1097,.T.);
#2914=EDGE_CURVE('',#2306,#2302,#1098,.T.);
#2915=EDGE_CURVE('',#2306,#2307,#1099,.T.);
#2916=EDGE_CURVE('',#2307,#2304,#1100,.T.);
#2917=EDGE_CURVE('',#2308,#2306,#1101,.T.);
#2918=EDGE_CURVE('',#2308,#2309,#1102,.T.);
#2919=EDGE_CURVE('',#2309,#2307,#1103,.T.);
#2920=EDGE_CURVE('',#2303,#2308,#1104,.T.);
#2921=EDGE_CURVE('',#2305,#2309,#1105,.T.);
#2922=EDGE_CURVE('',#2310,#2311,#1106,.T.);
#2923=EDGE_CURVE('',#2310,#2312,#1107,.T.);
#2924=EDGE_CURVE('',#2312,#2313,#1108,.T.);
#2925=EDGE_CURVE('',#2311,#2313,#1109,.T.);
#2926=EDGE_CURVE('',#2314,#2310,#1110,.T.);
#2927=EDGE_CURVE('',#2314,#2315,#1111,.T.);
#2928=EDGE_CURVE('',#2315,#2312,#1112,.T.);
#2929=EDGE_CURVE('',#2316,#2314,#1113,.T.);
#2930=EDGE_CURVE('',#2316,#2317,#1114,.T.);
#2931=EDGE_CURVE('',#2317,#2315,#1115,.T.);
#2932=EDGE_CURVE('',#2311,#2316,#1116,.T.);
#2933=EDGE_CURVE('',#2313,#2317,#1117,.T.);
#2934=EDGE_CURVE('',#2318,#2319,#1118,.T.);
#2935=EDGE_CURVE('',#2318,#2320,#1119,.T.);
#2936=EDGE_CURVE('',#2320,#2321,#1120,.T.);
#2937=EDGE_CURVE('',#2319,#2321,#1121,.T.);
#2938=EDGE_CURVE('',#2322,#2318,#1122,.T.);
#2939=EDGE_CURVE('',#2322,#2323,#1123,.T.);
#2940=EDGE_CURVE('',#2323,#2320,#1124,.T.);
#2941=EDGE_CURVE('',#2324,#2322,#1125,.T.);
#2942=EDGE_CURVE('',#2324,#2325,#1126,.T.);
#2943=EDGE_CURVE('',#2325,#2323,#1127,.T.);
#2944=EDGE_CURVE('',#2319,#2324,#1128,.T.);
#2945=EDGE_CURVE('',#2321,#2325,#1129,.T.);
#2946=EDGE_CURVE('',#2326,#2327,#1130,.T.);
#2947=EDGE_CURVE('',#2326,#2328,#1131,.T.);
#2948=EDGE_CURVE('',#2328,#2329,#1132,.T.);
#2949=EDGE_CURVE('',#2327,#2329,#1133,.T.);
#2950=EDGE_CURVE('',#2330,#2326,#1134,.T.);
#2951=EDGE_CURVE('',#2330,#2331,#1135,.T.);
#2952=EDGE_CURVE('',#2331,#2328,#1136,.T.);
#2953=EDGE_CURVE('',#2332,#2330,#1137,.T.);
#2954=EDGE_CURVE('',#2332,#2333,#1138,.T.);
#2955=EDGE_CURVE('',#2333,#2331,#1139,.T.);
#2956=EDGE_CURVE('',#2327,#2332,#1140,.T.);
#2957=EDGE_CURVE('',#2329,#2333,#1141,.T.);
#2958=EDGE_CURVE('',#2334,#2335,#1142,.T.);
#2959=EDGE_CURVE('',#2334,#2336,#1143,.T.);
#2960=EDGE_CURVE('',#2336,#2337,#1144,.T.);
#2961=EDGE_CURVE('',#2335,#2337,#1145,.T.);
#2962=EDGE_CURVE('',#2338,#2334,#1146,.T.);
#2963=EDGE_CURVE('',#2338,#2339,#1147,.T.);
#2964=EDGE_CURVE('',#2339,#2336,#1148,.T.);
#2965=EDGE_CURVE('',#2340,#2338,#1149,.T.);
#2966=EDGE_CURVE('',#2340,#2341,#1150,.T.);
#2967=EDGE_CURVE('',#2341,#2339,#1151,.T.);
#2968=EDGE_CURVE('',#2335,#2340,#1152,.T.);
#2969=EDGE_CURVE('',#2337,#2341,#1153,.T.);
#2970=EDGE_CURVE('',#2342,#2343,#1154,.T.);
#2971=EDGE_CURVE('',#2342,#2344,#1155,.T.);
#2972=EDGE_CURVE('',#2344,#2345,#1156,.T.);
#2973=EDGE_CURVE('',#2343,#2345,#1157,.T.);
#2974=EDGE_CURVE('',#2346,#2342,#1158,.T.);
#2975=EDGE_CURVE('',#2346,#2347,#1159,.T.);
#2976=EDGE_CURVE('',#2347,#2344,#1160,.T.);
#2977=EDGE_CURVE('',#2348,#2346,#1161,.T.);
#2978=EDGE_CURVE('',#2348,#2349,#1162,.T.);
#2979=EDGE_CURVE('',#2349,#2347,#1163,.T.);
#2980=EDGE_CURVE('',#2343,#2348,#1164,.T.);
#2981=EDGE_CURVE('',#2345,#2349,#1165,.T.);
#2982=EDGE_CURVE('',#2350,#2351,#1166,.T.);
#2983=EDGE_CURVE('',#2350,#2352,#1167,.T.);
#2984=EDGE_CURVE('',#2352,#2353,#1168,.T.);
#2985=EDGE_CURVE('',#2351,#2353,#1169,.T.);
#2986=EDGE_CURVE('',#2354,#2350,#1170,.T.);
#2987=EDGE_CURVE('',#2354,#2355,#1171,.T.);
#2988=EDGE_CURVE('',#2355,#2352,#1172,.T.);
#2989=EDGE_CURVE('',#2356,#2354,#1173,.T.);
#2990=EDGE_CURVE('',#2356,#2357,#1174,.T.);
#2991=EDGE_CURVE('',#2357,#2355,#1175,.T.);
#2992=EDGE_CURVE('',#2351,#2356,#1176,.T.);
#2993=EDGE_CURVE('',#2353,#2357,#1177,.T.);
#2994=EDGE_CURVE('',#2358,#2359,#1178,.T.);
#2995=EDGE_CURVE('',#2358,#2360,#1179,.T.);
#2996=EDGE_CURVE('',#2360,#2361,#1180,.T.);
#2997=EDGE_CURVE('',#2359,#2361,#1181,.T.);
#2998=EDGE_CURVE('',#2362,#2358,#1182,.T.);
#2999=EDGE_CURVE('',#2362,#2363,#1183,.T.);
#3000=EDGE_CURVE('',#2363,#2360,#1184,.T.);
#3001=EDGE_CURVE('',#2364,#2362,#1185,.T.);
#3002=EDGE_CURVE('',#2364,#2365,#1186,.T.);
#3003=EDGE_CURVE('',#2365,#2363,#1187,.T.);
#3004=EDGE_CURVE('',#2359,#2364,#1188,.T.);
#3005=EDGE_CURVE('',#2361,#2365,#1189,.T.);
#3006=EDGE_CURVE('',#2366,#2367,#1190,.T.);
#3007=EDGE_CURVE('',#2366,#2368,#1191,.T.);
#3008=EDGE_CURVE('',#2368,#2369,#1192,.T.);
#3009=EDGE_CURVE('',#2367,#2369,#1193,.T.);
#3010=EDGE_CURVE('',#2067,#2370,#1194,.T.);
#3011=EDGE_CURVE('',#2370,#2371,#1195,.T.);
#3012=EDGE_CURVE('',#2070,#2371,#1196,.T.);
#3013=EDGE_CURVE('',#2372,#2373,#1197,.T.);
#3014=EDGE_CURVE('',#2372,#2374,#1198,.T.);
#3015=EDGE_CURVE('',#2374,#2375,#1199,.T.);
#3016=EDGE_CURVE('',#2373,#2375,#1200,.T.);
#3017=EDGE_CURVE('',#2376,#2372,#1201,.T.);
#3018=EDGE_CURVE('',#2376,#2377,#1202,.T.);
#3019=EDGE_CURVE('',#2377,#2374,#1203,.T.);
#3020=EDGE_CURVE('',#2378,#2376,#1204,.T.);
#3021=EDGE_CURVE('',#2378,#2379,#1205,.T.);
#3022=EDGE_CURVE('',#2379,#2377,#1206,.T.);
#3023=EDGE_CURVE('',#2380,#2378,#1207,.T.);
#3024=EDGE_CURVE('',#2380,#2381,#1208,.T.);
#3025=EDGE_CURVE('',#2381,#2379,#1209,.T.);
#3026=EDGE_CURVE('',#2382,#2380,#1210,.T.);
#3027=EDGE_CURVE('',#2382,#2383,#1211,.T.);
#3028=EDGE_CURVE('',#2383,#2381,#1212,.T.);
#3029=EDGE_CURVE('',#2373,#2382,#1213,.T.);
#3030=EDGE_CURVE('',#2375,#2383,#1214,.T.);
#3031=EDGE_CURVE('',#2231,#2384,#1215,.T.);
#3032=EDGE_CURVE('',#2044,#2384,#1216,.T.);
#3033=EDGE_CURVE('',#2385,#2230,#1217,.T.);
#3034=EDGE_CURVE('',#2385,#2386,#1218,.T.);
#3035=EDGE_CURVE('',#2386,#2229,#1219,.T.);
#3036=EDGE_CURVE('',#2230,#2229,#1220,.T.);
#3037=EDGE_CURVE('',#2387,#2385,#1221,.T.);
#3038=EDGE_CURVE('',#2387,#2388,#1222,.T.);
#3039=EDGE_CURVE('',#2388,#2386,#1223,.T.);
#3040=EDGE_CURVE('',#2389,#2387,#1224,.T.);
#3041=EDGE_CURVE('',#2389,#2390,#1225,.T.);
#3042=EDGE_CURVE('',#2390,#2388,#1226,.T.);
#3043=EDGE_CURVE('',#2230,#2389,#1227,.T.);
#3044=EDGE_CURVE('',#2229,#2390,#1228,.T.);
#3045=EDGE_CURVE('',#2187,#2228,#1229,.T.);
#3046=EDGE_CURVE('',#2391,#2186,#1230,.T.);
#3047=EDGE_CURVE('',#2391,#2392,#1231,.T.);
#3048=EDGE_CURVE('',#2392,#2185,#1232,.T.);
#3049=EDGE_CURVE('',#2186,#2185,#1233,.T.);
#3050=EDGE_CURVE('',#2393,#2391,#1234,.T.);
#3051=EDGE_CURVE('',#2393,#2394,#1235,.T.);
#3052=EDGE_CURVE('',#2394,#2392,#1236,.T.);
#3053=EDGE_CURVE('',#2395,#2393,#1237,.T.);
#3054=EDGE_CURVE('',#2395,#2396,#1238,.T.);
#3055=EDGE_CURVE('',#2396,#2394,#1239,.T.);
#3056=EDGE_CURVE('',#2397,#2395,#1240,.T.);
#3057=EDGE_CURVE('',#2397,#2398,#1241,.T.);
#3058=EDGE_CURVE('',#2398,#2396,#1242,.T.);
#3059=EDGE_CURVE('',#2399,#2397,#1243,.T.);
#3060=EDGE_CURVE('',#2399,#2400,#1244,.T.);
#3061=EDGE_CURVE('',#2400,#2398,#1245,.T.);
#3062=EDGE_CURVE('',#2186,#2399,#1246,.T.);
#3063=EDGE_CURVE('',#2185,#2400,#1247,.T.);
#3064=EDGE_CURVE('',#2093,#2401,#1248,.T.);
#3065=EDGE_CURVE('',#2401,#2184,#1249,.T.);
#3066=EDGE_CURVE('',#2402,#2366,#1250,.T.);
#3067=EDGE_CURVE('',#2402,#2403,#1251,.T.);
#3068=EDGE_CURVE('',#2403,#2368,#1252,.T.);
#3069=EDGE_CURVE('',#2404,#2402,#1253,.T.);
#3070=EDGE_CURVE('',#2404,#2405,#1254,.T.);
#3071=EDGE_CURVE('',#2405,#2403,#1255,.T.);
#3072=EDGE_CURVE('',#2367,#2404,#1256,.T.);
#3073=EDGE_CURVE('',#2369,#2405,#1257,.T.);
#3074=EDGE_CURVE('',#2371,#2368,#1258,.T.);
#3075=EDGE_CURVE('',#2375,#2370,#1259,.T.);
#3076=EDGE_CURVE('',#2384,#2375,#1260,.T.);
#3077=EDGE_CURVE('',#2368,#2401,#1261,.T.);
#3078=EDGE_CURVE('',#2225,#2176,#1262,.T.);
#3079=EDGE_CURVE('',#2177,#2224,#1263,.T.);
#3080=EDGE_CURVE('',#2077,#2406,#1264,.T.);
#3081=EDGE_CURVE('',#2406,#2407,#1265,.T.);
#3082=EDGE_CURVE('',#2074,#2407,#1266,.T.);
#3083=EDGE_CURVE('',#2079,#2408,#1267,.T.);
#3084=EDGE_CURVE('',#2408,#2409,#1268,.T.);
#3085=EDGE_CURVE('',#2082,#2409,#1269,.T.);
#3086=EDGE_CURVE('',#2407,#2408,#1270,.T.);
#3087=EDGE_CURVE('',#2409,#2406,#1271,.T.);
#3088=EDGE_CURVE('',#2410,#2410,#69,.T.);
#3089=EDGE_CURVE('',#2411,#2411,#70,.T.);
#3090=EDGE_CURVE('',#2411,#2412,#71,.T.);
#3091=EDGE_CURVE('',#2412,#2413,#72,.T.);
#3092=EDGE_CURVE('',#2413,#2412,#73,.T.);
#3093=EDGE_CURVE('',#2413,#2410,#1272,.T.);
#3094=EDGE_CURVE('',#2414,#2415,#1273,.T.);
#3095=EDGE_CURVE('',#2415,#2416,#1274,.T.);
#3096=EDGE_CURVE('',#2416,#2417,#1275,.T.);
#3097=EDGE_CURVE('',#2417,#2418,#1276,.T.);
#3098=EDGE_CURVE('',#2418,#2419,#1277,.T.);
#3099=EDGE_CURVE('',#2419,#2420,#1278,.T.);
#3100=EDGE_CURVE('',#2420,#2421,#1279,.T.);
#3101=EDGE_CURVE('',#2421,#2422,#1280,.T.);
#3102=EDGE_CURVE('',#2422,#2423,#1281,.T.);
#3103=EDGE_CURVE('',#2423,#2424,#1282,.T.);
#3104=EDGE_CURVE('',#2424,#2425,#1283,.T.);
#3105=EDGE_CURVE('',#2425,#2414,#1284,.T.);
#3106=EDGE_CURVE('',#2426,#2427,#1285,.T.);
#3107=EDGE_CURVE('',#2426,#2414,#1286,.T.);
#3108=EDGE_CURVE('',#2427,#2425,#1287,.T.);
#3109=EDGE_CURVE('',#2427,#2428,#1288,.T.);
#3110=EDGE_CURVE('',#2428,#2424,#1289,.T.);
#3111=EDGE_CURVE('',#2428,#2429,#1290,.T.);
#3112=EDGE_CURVE('',#2429,#2423,#1291,.T.);
#3113=EDGE_CURVE('',#2429,#2430,#1292,.T.);
#3114=EDGE_CURVE('',#2430,#2422,#1293,.T.);
#3115=EDGE_CURVE('',#2430,#2431,#1294,.T.);
#3116=EDGE_CURVE('',#2431,#2421,#1295,.T.);
#3117=EDGE_CURVE('',#2431,#2432,#1296,.T.);
#3118=EDGE_CURVE('',#2432,#2420,#1297,.T.);
#3119=EDGE_CURVE('',#2432,#2433,#1298,.T.);
#3120=EDGE_CURVE('',#2433,#2419,#1299,.T.);
#3121=EDGE_CURVE('',#2433,#2434,#1300,.T.);
#3122=EDGE_CURVE('',#2434,#2418,#1301,.T.);
#3123=EDGE_CURVE('',#2434,#2435,#1302,.T.);
#3124=EDGE_CURVE('',#2435,#2417,#1303,.T.);
#3125=EDGE_CURVE('',#2435,#2436,#1304,.T.);
#3126=EDGE_CURVE('',#2436,#2416,#1305,.T.);
#3127=EDGE_CURVE('',#2436,#2437,#1306,.T.);
#3128=EDGE_CURVE('',#2437,#2415,#1307,.T.);
#3129=EDGE_CURVE('',#2437,#2426,#1308,.T.);
#3130=EDGE_CURVE('',#2243,#2178,#74,.T.);
#3131=EDGE_CURVE('',#2058,#2438,#1309,.T.);
#3132=EDGE_CURVE('',#2438,#2242,#75,.T.);
#3133=EDGE_CURVE('',#2084,#2439,#1310,.T.);
#3134=EDGE_CURVE('',#2439,#2440,#76,.T.);
#3135=EDGE_CURVE('',#2440,#2085,#1311,.T.);
#3136=EDGE_CURVE('',#2438,#2440,#1312,.T.);
#3137=EDGE_CURVE('',#2373,#2375,#1313,.T.);
#3138=EDGE_CURVE('',#2179,#2441,#77,.T.);
#3139=EDGE_CURVE('',#2441,#2111,#1314,.T.);
#3140=EDGE_CURVE('',#2439,#2441,#1315,.T.);
#3141=EDGE_CURVE('',#2366,#2368,#1316,.T.);
#3142=EDGE_CURVE('',#2442,#2443,#78,.T.);
#3143=EDGE_CURVE('',#2443,#2444,#1317,.T.);
#3144=EDGE_CURVE('',#2444,#2445,#79,.T.);
#3145=EDGE_CURVE('',#2445,#2442,#1318,.T.);
#3146=EDGE_CURVE('',#2446,#2443,#1319,.T.);
#3147=EDGE_CURVE('',#2447,#2446,#1320,.T.);
#3148=EDGE_CURVE('',#2444,#2447,#1321,.T.);
#3149=EDGE_CURVE('',#2442,#2448,#1322,.T.);
#3150=EDGE_CURVE('',#2449,#2448,#80,.T.);
#3151=EDGE_CURVE('',#2449,#2450,#1323,.T.);
#3152=EDGE_CURVE('',#2451,#2450,#81,.T.);
#3153=EDGE_CURVE('',#2451,#2452,#1324,.T.);
#3154=EDGE_CURVE('',#2446,#2452,#82,.T.);
#3155=EDGE_CURVE('',#2452,#2453,#1325,.T.);
#3156=EDGE_CURVE('',#2453,#2447,#83,.T.);
#3157=EDGE_CURVE('',#2454,#2451,#1326,.T.);
#3158=EDGE_CURVE('',#2453,#2454,#1327,.T.);
#3159=EDGE_CURVE('',#2450,#2455,#1328,.T.);
#3160=EDGE_CURVE('',#2455,#2454,#84,.T.);
#3161=EDGE_CURVE('',#2456,#2449,#1329,.T.);
#3162=EDGE_CURVE('',#2455,#2456,#1330,.T.);
#3163=EDGE_CURVE('',#2448,#2457,#1331,.T.);
#3164=EDGE_CURVE('',#2457,#2456,#85,.T.);
#3165=EDGE_CURVE('',#2457,#2445,#1332,.T.);
#3166=ORIENTED_EDGE('',*,*,#2458,.T.);
#3167=ORIENTED_EDGE('',*,*,#2459,.T.);
#3168=ORIENTED_EDGE('',*,*,#2460,.T.);
#3169=ORIENTED_EDGE('',*,*,#2461,.T.);
#3170=ORIENTED_EDGE('',*,*,#2459,.F.);
#3171=ORIENTED_EDGE('',*,*,#2462,.T.);
#3172=ORIENTED_EDGE('',*,*,#2463,.T.);
#3173=ORIENTED_EDGE('',*,*,#2464,.T.);
#3174=ORIENTED_EDGE('',*,*,#2465,.F.);
#3175=ORIENTED_EDGE('',*,*,#2466,.T.);
#3176=ORIENTED_EDGE('',*,*,#2467,.T.);
#3177=ORIENTED_EDGE('',*,*,#2468,.T.);
#3178=ORIENTED_EDGE('',*,*,#2469,.T.);
#3179=ORIENTED_EDGE('',*,*,#2470,.T.);
#3180=ORIENTED_EDGE('',*,*,#2468,.F.);
#3181=ORIENTED_EDGE('',*,*,#2471,.T.);
#3182=ORIENTED_EDGE('',*,*,#2472,.F.);
#3183=ORIENTED_EDGE('',*,*,#2473,.T.);
#3184=ORIENTED_EDGE('',*,*,#2474,.T.);
#3185=ORIENTED_EDGE('',*,*,#2475,.T.);
#3186=ORIENTED_EDGE('',*,*,#2476,.T.);
#3187=ORIENTED_EDGE('',*,*,#2477,.T.);
#3188=ORIENTED_EDGE('',*,*,#2475,.F.);
#3189=ORIENTED_EDGE('',*,*,#2478,.T.);
#3190=ORIENTED_EDGE('',*,*,#2479,.F.);
#3191=ORIENTED_EDGE('',*,*,#2480,.T.);
#3192=ORIENTED_EDGE('',*,*,#2481,.T.);
#3193=ORIENTED_EDGE('',*,*,#2482,.T.);
#3194=ORIENTED_EDGE('',*,*,#2483,.T.);
#3195=ORIENTED_EDGE('',*,*,#2484,.T.);
#3196=ORIENTED_EDGE('',*,*,#2482,.F.);
#3197=ORIENTED_EDGE('',*,*,#2485,.T.);
#3198=ORIENTED_EDGE('',*,*,#2486,.T.);
#3199=ORIENTED_EDGE('',*,*,#2487,.T.);
#3200=ORIENTED_EDGE('',*,*,#2488,.T.);
#3201=ORIENTED_EDGE('',*,*,#2489,.T.);
#3202=ORIENTED_EDGE('',*,*,#2490,.T.);
#3203=ORIENTED_EDGE('',*,*,#2491,.T.);
#3204=ORIENTED_EDGE('',*,*,#2489,.F.);
#3205=ORIENTED_EDGE('',*,*,#2492,.T.);
#3206=ORIENTED_EDGE('',*,*,#2493,.F.);
#3207=ORIENTED_EDGE('',*,*,#2494,.T.);
#3208=ORIENTED_EDGE('',*,*,#2495,.T.);
#3209=ORIENTED_EDGE('',*,*,#2496,.T.);
#3210=ORIENTED_EDGE('',*,*,#2497,.T.);
#3211=ORIENTED_EDGE('',*,*,#2498,.T.);
#3212=ORIENTED_EDGE('',*,*,#2496,.F.);
#3213=ORIENTED_EDGE('',*,*,#2499,.T.);
#3214=ORIENTED_EDGE('',*,*,#2500,.F.);
#3215=ORIENTED_EDGE('',*,*,#2501,.T.);
#3216=ORIENTED_EDGE('',*,*,#2502,.T.);
#3217=ORIENTED_EDGE('',*,*,#2503,.T.);
#3218=ORIENTED_EDGE('',*,*,#2504,.T.);
#3219=ORIENTED_EDGE('',*,*,#2500,.T.);
#3220=ORIENTED_EDGE('',*,*,#2505,.T.);
#3221=ORIENTED_EDGE('',*,*,#2506,.T.);
#3222=ORIENTED_EDGE('',*,*,#2507,.T.);
#3223=ORIENTED_EDGE('',*,*,#2493,.T.);
#3224=ORIENTED_EDGE('',*,*,#2508,.T.);
#3225=ORIENTED_EDGE('',*,*,#2509,.T.);
#3226=ORIENTED_EDGE('',*,*,#2510,.T.);
#3227=ORIENTED_EDGE('',*,*,#2486,.F.);
#3228=ORIENTED_EDGE('',*,*,#2511,.T.);
#3229=ORIENTED_EDGE('',*,*,#2512,.T.);
#3230=ORIENTED_EDGE('',*,*,#2513,.T.);
#3231=ORIENTED_EDGE('',*,*,#2514,.T.);
#3232=ORIENTED_EDGE('',*,*,#2515,.T.);
#3233=ORIENTED_EDGE('',*,*,#2516,.T.);
#3234=ORIENTED_EDGE('',*,*,#2514,.F.);
#3235=ORIENTED_EDGE('',*,*,#2517,.T.);
#3236=ORIENTED_EDGE('',*,*,#2518,.F.);
#3237=ORIENTED_EDGE('',*,*,#2519,.T.);
#3238=ORIENTED_EDGE('',*,*,#2520,.T.);
#3239=ORIENTED_EDGE('',*,*,#2521,.T.);
#3240=ORIENTED_EDGE('',*,*,#2522,.T.);
#3241=ORIENTED_EDGE('',*,*,#2523,.T.);
#3242=ORIENTED_EDGE('',*,*,#2521,.F.);
#3243=ORIENTED_EDGE('',*,*,#2524,.T.);
#3244=ORIENTED_EDGE('',*,*,#2525,.F.);
#3245=ORIENTED_EDGE('',*,*,#2526,.T.);
#3246=ORIENTED_EDGE('',*,*,#2527,.T.);
#3247=ORIENTED_EDGE('',*,*,#2528,.T.);
#3248=ORIENTED_EDGE('',*,*,#2529,.T.);
#3249=ORIENTED_EDGE('',*,*,#2530,.T.);
#3250=ORIENTED_EDGE('',*,*,#2528,.F.);
#3251=ORIENTED_EDGE('',*,*,#2531,.T.);
#3252=ORIENTED_EDGE('',*,*,#2532,.F.);
#3253=ORIENTED_EDGE('',*,*,#2533,.T.);
#3254=ORIENTED_EDGE('',*,*,#2534,.T.);
#3255=ORIENTED_EDGE('',*,*,#2535,.T.);
#3256=ORIENTED_EDGE('',*,*,#2536,.T.);
#3257=ORIENTED_EDGE('',*,*,#2532,.T.);
#3258=ORIENTED_EDGE('',*,*,#2537,.T.);
#3259=ORIENTED_EDGE('',*,*,#2538,.T.);
#3260=ORIENTED_EDGE('',*,*,#2539,.T.);
#3261=ORIENTED_EDGE('',*,*,#2525,.T.);
#3262=ORIENTED_EDGE('',*,*,#2540,.T.);
#3263=ORIENTED_EDGE('',*,*,#2541,.T.);
#3264=ORIENTED_EDGE('',*,*,#2542,.T.);
#3265=ORIENTED_EDGE('',*,*,#2518,.T.);
#3266=ORIENTED_EDGE('',*,*,#2543,.T.);
#3267=ORIENTED_EDGE('',*,*,#2544,.T.);
#3268=ORIENTED_EDGE('',*,*,#2545,.T.);
#3269=ORIENTED_EDGE('',*,*,#2546,.T.);
#3270=ORIENTED_EDGE('',*,*,#2547,.T.);
#3271=ORIENTED_EDGE('',*,*,#2548,.T.);
#3272=ORIENTED_EDGE('',*,*,#2546,.F.);
#3273=ORIENTED_EDGE('',*,*,#2549,.T.);
#3274=ORIENTED_EDGE('',*,*,#2550,.F.);
#3275=ORIENTED_EDGE('',*,*,#2551,.T.);
#3276=ORIENTED_EDGE('',*,*,#2552,.T.);
#3277=ORIENTED_EDGE('',*,*,#2553,.T.);
#3278=ORIENTED_EDGE('',*,*,#2554,.T.);
#3279=ORIENTED_EDGE('',*,*,#2555,.T.);
#3280=ORIENTED_EDGE('',*,*,#2553,.F.);
#3281=ORIENTED_EDGE('',*,*,#2556,.T.);
#3282=ORIENTED_EDGE('',*,*,#2557,.F.);
#3283=ORIENTED_EDGE('',*,*,#2558,.T.);
#3284=ORIENTED_EDGE('',*,*,#2559,.T.);
#3285=ORIENTED_EDGE('',*,*,#2560,.T.);
#3286=ORIENTED_EDGE('',*,*,#2561,.T.);
#3287=ORIENTED_EDGE('',*,*,#2562,.T.);
#3288=ORIENTED_EDGE('',*,*,#2560,.F.);
#3289=ORIENTED_EDGE('',*,*,#2563,.T.);
#3290=ORIENTED_EDGE('',*,*,#2564,.F.);
#3291=ORIENTED_EDGE('',*,*,#2565,.T.);
#3292=ORIENTED_EDGE('',*,*,#2566,.T.);
#3293=ORIENTED_EDGE('',*,*,#2567,.T.);
#3294=ORIENTED_EDGE('',*,*,#2568,.T.);
#3295=ORIENTED_EDGE('',*,*,#2564,.T.);
#3296=ORIENTED_EDGE('',*,*,#2569,.T.);
#3297=ORIENTED_EDGE('',*,*,#2570,.T.);
#3298=ORIENTED_EDGE('',*,*,#2571,.T.);
#3299=ORIENTED_EDGE('',*,*,#2557,.T.);
#3300=ORIENTED_EDGE('',*,*,#2572,.T.);
#3301=ORIENTED_EDGE('',*,*,#2573,.T.);
#3302=ORIENTED_EDGE('',*,*,#2574,.T.);
#3303=ORIENTED_EDGE('',*,*,#2550,.T.);
#3304=ORIENTED_EDGE('',*,*,#2575,.T.);
#3305=ORIENTED_EDGE('',*,*,#2576,.T.);
#3306=ORIENTED_EDGE('',*,*,#2577,.T.);
#3307=ORIENTED_EDGE('',*,*,#2479,.T.);
#3308=ORIENTED_EDGE('',*,*,#2578,.T.);
#3309=ORIENTED_EDGE('',*,*,#2579,.T.);
#3310=ORIENTED_EDGE('',*,*,#2580,.T.);
#3311=ORIENTED_EDGE('',*,*,#2472,.T.);
#3312=ORIENTED_EDGE('',*,*,#2581,.T.);
#3313=ORIENTED_EDGE('',*,*,#2582,.T.);
#3314=ORIENTED_EDGE('',*,*,#2583,.T.);
#3315=ORIENTED_EDGE('',*,*,#2465,.T.);
#3316=ORIENTED_EDGE('',*,*,#2584,.T.);
#3317=ORIENTED_EDGE('',*,*,#2585,.T.);
#3318=ORIENTED_EDGE('',*,*,#2586,.F.);
#3319=ORIENTED_EDGE('',*,*,#2587,.T.);
#3320=ORIENTED_EDGE('',*,*,#2588,.F.);
#3321=ORIENTED_EDGE('',*,*,#2589,.F.);
#3322=ORIENTED_EDGE('',*,*,#2590,.F.);
#3323=ORIENTED_EDGE('',*,*,#2513,.F.);
#3324=ORIENTED_EDGE('',*,*,#2591,.F.);
#3325=ORIENTED_EDGE('',*,*,#2587,.F.);
#3326=ORIENTED_EDGE('',*,*,#2592,.F.);
#3327=ORIENTED_EDGE('',*,*,#2589,.T.);
#3328=ORIENTED_EDGE('',*,*,#2593,.F.);
#3329=ORIENTED_EDGE('',*,*,#2515,.F.);
#3330=ORIENTED_EDGE('',*,*,#2594,.F.);
#3331=ORIENTED_EDGE('',*,*,#2504,.F.);
#3332=ORIENTED_EDGE('',*,*,#2595,.F.);
#3333=ORIENTED_EDGE('',*,*,#2596,.F.);
#3334=ORIENTED_EDGE('',*,*,#2597,.F.);
#3335=ORIENTED_EDGE('',*,*,#2598,.T.);
#3336=ORIENTED_EDGE('',*,*,#2599,.F.);
#3337=ORIENTED_EDGE('',*,*,#2505,.F.);
#3338=ORIENTED_EDGE('',*,*,#2600,.F.);
#3339=ORIENTED_EDGE('',*,*,#2596,.T.);
#3340=ORIENTED_EDGE('',*,*,#2601,.F.);
#3341=ORIENTED_EDGE('',*,*,#2598,.F.);
#3342=ORIENTED_EDGE('',*,*,#2602,.F.);
#3343=ORIENTED_EDGE('',*,*,#2603,.T.);
#3344=ORIENTED_EDGE('',*,*,#2604,.F.);
#3345=ORIENTED_EDGE('',*,*,#2605,.F.);
#3346=ORIENTED_EDGE('',*,*,#2606,.F.);
#3347=ORIENTED_EDGE('',*,*,#2520,.F.);
#3348=ORIENTED_EDGE('',*,*,#2607,.F.);
#3349=ORIENTED_EDGE('',*,*,#2603,.F.);
#3350=ORIENTED_EDGE('',*,*,#2608,.F.);
#3351=ORIENTED_EDGE('',*,*,#2605,.T.);
#3352=ORIENTED_EDGE('',*,*,#2609,.F.);
#3353=ORIENTED_EDGE('',*,*,#2522,.F.);
#3354=ORIENTED_EDGE('',*,*,#2610,.F.);
#3355=ORIENTED_EDGE('',*,*,#2510,.F.);
#3356=ORIENTED_EDGE('',*,*,#2611,.F.);
#3357=ORIENTED_EDGE('',*,*,#2612,.F.);
#3358=ORIENTED_EDGE('',*,*,#2613,.F.);
#3359=ORIENTED_EDGE('',*,*,#2614,.T.);
#3360=ORIENTED_EDGE('',*,*,#2615,.F.);
#3361=ORIENTED_EDGE('',*,*,#2511,.F.);
#3362=ORIENTED_EDGE('',*,*,#2616,.F.);
#3363=ORIENTED_EDGE('',*,*,#2612,.T.);
#3364=ORIENTED_EDGE('',*,*,#2617,.F.);
#3365=ORIENTED_EDGE('',*,*,#2614,.F.);
#3366=ORIENTED_EDGE('',*,*,#2618,.F.);
#3367=ORIENTED_EDGE('',*,*,#2507,.F.);
#3368=ORIENTED_EDGE('',*,*,#2619,.F.);
#3369=ORIENTED_EDGE('',*,*,#2620,.F.);
#3370=ORIENTED_EDGE('',*,*,#2621,.F.);
#3371=ORIENTED_EDGE('',*,*,#2622,.T.);
#3372=ORIENTED_EDGE('',*,*,#2623,.F.);
#3373=ORIENTED_EDGE('',*,*,#2508,.F.);
#3374=ORIENTED_EDGE('',*,*,#2624,.F.);
#3375=ORIENTED_EDGE('',*,*,#2620,.T.);
#3376=ORIENTED_EDGE('',*,*,#2625,.F.);
#3377=ORIENTED_EDGE('',*,*,#2622,.F.);
#3378=ORIENTED_EDGE('',*,*,#2626,.F.);
#3379=ORIENTED_EDGE('',*,*,#2627,.T.);
#3380=ORIENTED_EDGE('',*,*,#2628,.F.);
#3381=ORIENTED_EDGE('',*,*,#2629,.F.);
#3382=ORIENTED_EDGE('',*,*,#2630,.F.);
#3383=ORIENTED_EDGE('',*,*,#2527,.F.);
#3384=ORIENTED_EDGE('',*,*,#2631,.F.);
#3385=ORIENTED_EDGE('',*,*,#2627,.F.);
#3386=ORIENTED_EDGE('',*,*,#2632,.F.);
#3387=ORIENTED_EDGE('',*,*,#2629,.T.);
#3388=ORIENTED_EDGE('',*,*,#2633,.F.);
#3389=ORIENTED_EDGE('',*,*,#2529,.F.);
#3390=ORIENTED_EDGE('',*,*,#2634,.F.);
#3391=ORIENTED_EDGE('',*,*,#2635,.T.);
#3392=ORIENTED_EDGE('',*,*,#2636,.F.);
#3393=ORIENTED_EDGE('',*,*,#2578,.F.);
#3394=ORIENTED_EDGE('',*,*,#2637,.F.);
#3395=ORIENTED_EDGE('',*,*,#2638,.T.);
#3396=ORIENTED_EDGE('',*,*,#2639,.F.);
#3397=ORIENTED_EDGE('',*,*,#2635,.F.);
#3398=ORIENTED_EDGE('',*,*,#2640,.F.);
#3399=ORIENTED_EDGE('',*,*,#2577,.F.);
#3400=ORIENTED_EDGE('',*,*,#2641,.F.);
#3401=ORIENTED_EDGE('',*,*,#2638,.F.);
#3402=ORIENTED_EDGE('',*,*,#2642,.F.);
#3403=ORIENTED_EDGE('',*,*,#2643,.T.);
#3404=ORIENTED_EDGE('',*,*,#2644,.F.);
#3405=ORIENTED_EDGE('',*,*,#2569,.F.);
#3406=ORIENTED_EDGE('',*,*,#2645,.F.);
#3407=ORIENTED_EDGE('',*,*,#2646,.T.);
#3408=ORIENTED_EDGE('',*,*,#2647,.F.);
#3409=ORIENTED_EDGE('',*,*,#2643,.F.);
#3410=ORIENTED_EDGE('',*,*,#2648,.F.);
#3411=ORIENTED_EDGE('',*,*,#2568,.F.);
#3412=ORIENTED_EDGE('',*,*,#2649,.F.);
#3413=ORIENTED_EDGE('',*,*,#2646,.F.);
#3414=ORIENTED_EDGE('',*,*,#2650,.F.);
#3415=ORIENTED_EDGE('',*,*,#2651,.T.);
#3416=ORIENTED_EDGE('',*,*,#2652,.F.);
#3417=ORIENTED_EDGE('',*,*,#2653,.F.);
#3418=ORIENTED_EDGE('',*,*,#2581,.F.);
#3419=ORIENTED_EDGE('',*,*,#2654,.F.);
#3420=ORIENTED_EDGE('',*,*,#2655,.T.);
#3421=ORIENTED_EDGE('',*,*,#2656,.F.);
#3422=ORIENTED_EDGE('',*,*,#2651,.F.);
#3423=ORIENTED_EDGE('',*,*,#2657,.F.);
#3424=ORIENTED_EDGE('',*,*,#2580,.F.);
#3425=ORIENTED_EDGE('',*,*,#2658,.F.);
#3426=ORIENTED_EDGE('',*,*,#2655,.F.);
#3427=ORIENTED_EDGE('',*,*,#2659,.F.);
#3428=ORIENTED_EDGE('',*,*,#2660,.T.);
#3429=ORIENTED_EDGE('',*,*,#2661,.F.);
#3430=ORIENTED_EDGE('',*,*,#2575,.F.);
#3431=ORIENTED_EDGE('',*,*,#2662,.F.);
#3432=ORIENTED_EDGE('',*,*,#2663,.T.);
#3433=ORIENTED_EDGE('',*,*,#2664,.F.);
#3434=ORIENTED_EDGE('',*,*,#2660,.F.);
#3435=ORIENTED_EDGE('',*,*,#2665,.F.);
#3436=ORIENTED_EDGE('',*,*,#2574,.F.);
#3437=ORIENTED_EDGE('',*,*,#2666,.F.);
#3438=ORIENTED_EDGE('',*,*,#2663,.F.);
#3439=ORIENTED_EDGE('',*,*,#2667,.F.);
#3440=ORIENTED_EDGE('',*,*,#2668,.T.);
#3441=ORIENTED_EDGE('',*,*,#2669,.F.);
#3442=ORIENTED_EDGE('',*,*,#2572,.F.);
#3443=ORIENTED_EDGE('',*,*,#2670,.F.);
#3444=ORIENTED_EDGE('',*,*,#2671,.T.);
#3445=ORIENTED_EDGE('',*,*,#2672,.F.);
#3446=ORIENTED_EDGE('',*,*,#2668,.F.);
#3447=ORIENTED_EDGE('',*,*,#2673,.F.);
#3448=ORIENTED_EDGE('',*,*,#2571,.F.);
#3449=ORIENTED_EDGE('',*,*,#2674,.F.);
#3450=ORIENTED_EDGE('',*,*,#2671,.F.);
#3451=ORIENTED_EDGE('',*,*,#2675,.F.);
#3452=ORIENTED_EDGE('',*,*,#2676,.T.);
#3453=ORIENTED_EDGE('',*,*,#2677,.F.);
#3454=ORIENTED_EDGE('',*,*,#2678,.F.);
#3455=ORIENTED_EDGE('',*,*,#2584,.F.);
#3456=ORIENTED_EDGE('',*,*,#2679,.F.);
#3457=ORIENTED_EDGE('',*,*,#2680,.T.);
#3458=ORIENTED_EDGE('',*,*,#2681,.F.);
#3459=ORIENTED_EDGE('',*,*,#2676,.F.);
#3460=ORIENTED_EDGE('',*,*,#2682,.F.);
#3461=ORIENTED_EDGE('',*,*,#2583,.F.);
#3462=ORIENTED_EDGE('',*,*,#2683,.F.);
#3463=ORIENTED_EDGE('',*,*,#2680,.F.);
#3464=ORIENTED_EDGE('',*,*,#2640,.T.);
#3465=ORIENTED_EDGE('',*,*,#2637,.T.);
#3466=ORIENTED_EDGE('',*,*,#2634,.T.);
#3467=ORIENTED_EDGE('',*,*,#2684,.T.);
#3468=ORIENTED_EDGE('',*,*,#2685,.T.);
#3469=ORIENTED_EDGE('',*,*,#2686,.F.);
#3470=ORIENTED_EDGE('',*,*,#2657,.T.);
#3471=ORIENTED_EDGE('',*,*,#2654,.T.);
#3472=ORIENTED_EDGE('',*,*,#2650,.T.);
#3473=ORIENTED_EDGE('',*,*,#2687,.T.);
#3474=ORIENTED_EDGE('',*,*,#2688,.T.);
#3475=ORIENTED_EDGE('',*,*,#2689,.F.);
#3476=ORIENTED_EDGE('',*,*,#2682,.T.);
#3477=ORIENTED_EDGE('',*,*,#2679,.T.);
#3478=ORIENTED_EDGE('',*,*,#2675,.T.);
#3479=ORIENTED_EDGE('',*,*,#2464,.F.);
#3480=ORIENTED_EDGE('',*,*,#2690,.F.);
#3481=ORIENTED_EDGE('',*,*,#2691,.F.);
#3482=ORIENTED_EDGE('',*,*,#2692,.F.);
#3483=ORIENTED_EDGE('',*,*,#2565,.F.);
#3484=ORIENTED_EDGE('',*,*,#2648,.T.);
#3485=ORIENTED_EDGE('',*,*,#2645,.T.);
#3486=ORIENTED_EDGE('',*,*,#2642,.T.);
#3487=ORIENTED_EDGE('',*,*,#2693,.T.);
#3488=ORIENTED_EDGE('',*,*,#2694,.T.);
#3489=ORIENTED_EDGE('',*,*,#2695,.F.);
#3490=ORIENTED_EDGE('',*,*,#2673,.T.);
#3491=ORIENTED_EDGE('',*,*,#2670,.T.);
#3492=ORIENTED_EDGE('',*,*,#2667,.T.);
#3493=ORIENTED_EDGE('',*,*,#2696,.T.);
#3494=ORIENTED_EDGE('',*,*,#2697,.T.);
#3495=ORIENTED_EDGE('',*,*,#2698,.F.);
#3496=ORIENTED_EDGE('',*,*,#2665,.T.);
#3497=ORIENTED_EDGE('',*,*,#2662,.T.);
#3498=ORIENTED_EDGE('',*,*,#2659,.T.);
#3499=ORIENTED_EDGE('',*,*,#2699,.T.);
#3500=ORIENTED_EDGE('',*,*,#2700,.T.);
#3501=ORIENTED_EDGE('',*,*,#2701,.F.);
#3502=ORIENTED_EDGE('',*,*,#2701,.T.);
#3503=ORIENTED_EDGE('',*,*,#2702,.T.);
#3504=ORIENTED_EDGE('',*,*,#2703,.F.);
#3505=ORIENTED_EDGE('',*,*,#2704,.F.);
#3506=ORIENTED_EDGE('',*,*,#2545,.F.);
#3507=ORIENTED_EDGE('',*,*,#2705,.F.);
#3508=ORIENTED_EDGE('',*,*,#2706,.F.);
#3509=ORIENTED_EDGE('',*,*,#2707,.F.);
#3510=ORIENTED_EDGE('',*,*,#2708,.T.);
#3511=ORIENTED_EDGE('',*,*,#2709,.F.);
#3512=ORIENTED_EDGE('',*,*,#2547,.F.);
#3513=ORIENTED_EDGE('',*,*,#2710,.F.);
#3514=ORIENTED_EDGE('',*,*,#2706,.T.);
#3515=ORIENTED_EDGE('',*,*,#2711,.F.);
#3516=ORIENTED_EDGE('',*,*,#2708,.F.);
#3517=ORIENTED_EDGE('',*,*,#2712,.F.);
#3518=ORIENTED_EDGE('',*,*,#2713,.T.);
#3519=ORIENTED_EDGE('',*,*,#2714,.F.);
#3520=ORIENTED_EDGE('',*,*,#2715,.F.);
#3521=ORIENTED_EDGE('',*,*,#2716,.F.);
#3522=ORIENTED_EDGE('',*,*,#2536,.F.);
#3523=ORIENTED_EDGE('',*,*,#2717,.F.);
#3524=ORIENTED_EDGE('',*,*,#2713,.F.);
#3525=ORIENTED_EDGE('',*,*,#2718,.F.);
#3526=ORIENTED_EDGE('',*,*,#2715,.T.);
#3527=ORIENTED_EDGE('',*,*,#2719,.F.);
#3528=ORIENTED_EDGE('',*,*,#2537,.F.);
#3529=ORIENTED_EDGE('',*,*,#2720,.F.);
#3530=ORIENTED_EDGE('',*,*,#2552,.F.);
#3531=ORIENTED_EDGE('',*,*,#2721,.F.);
#3532=ORIENTED_EDGE('',*,*,#2722,.F.);
#3533=ORIENTED_EDGE('',*,*,#2723,.F.);
#3534=ORIENTED_EDGE('',*,*,#2724,.T.);
#3535=ORIENTED_EDGE('',*,*,#2725,.F.);
#3536=ORIENTED_EDGE('',*,*,#2554,.F.);
#3537=ORIENTED_EDGE('',*,*,#2726,.F.);
#3538=ORIENTED_EDGE('',*,*,#2722,.T.);
#3539=ORIENTED_EDGE('',*,*,#2727,.F.);
#3540=ORIENTED_EDGE('',*,*,#2724,.F.);
#3541=ORIENTED_EDGE('',*,*,#2728,.F.);
#3542=ORIENTED_EDGE('',*,*,#2729,.T.);
#3543=ORIENTED_EDGE('',*,*,#2730,.F.);
#3544=ORIENTED_EDGE('',*,*,#2731,.F.);
#3545=ORIENTED_EDGE('',*,*,#2732,.F.);
#3546=ORIENTED_EDGE('',*,*,#2542,.F.);
#3547=ORIENTED_EDGE('',*,*,#2733,.F.);
#3548=ORIENTED_EDGE('',*,*,#2729,.F.);
#3549=ORIENTED_EDGE('',*,*,#2734,.F.);
#3550=ORIENTED_EDGE('',*,*,#2731,.T.);
#3551=ORIENTED_EDGE('',*,*,#2735,.F.);
#3552=ORIENTED_EDGE('',*,*,#2543,.F.);
#3553=ORIENTED_EDGE('',*,*,#2736,.F.);
#3554=ORIENTED_EDGE('',*,*,#2737,.T.);
#3555=ORIENTED_EDGE('',*,*,#2738,.F.);
#3556=ORIENTED_EDGE('',*,*,#2739,.F.);
#3557=ORIENTED_EDGE('',*,*,#2740,.F.);
#3558=ORIENTED_EDGE('',*,*,#2539,.F.);
#3559=ORIENTED_EDGE('',*,*,#2741,.F.);
#3560=ORIENTED_EDGE('',*,*,#2737,.F.);
#3561=ORIENTED_EDGE('',*,*,#2742,.F.);
#3562=ORIENTED_EDGE('',*,*,#2739,.T.);
#3563=ORIENTED_EDGE('',*,*,#2743,.F.);
#3564=ORIENTED_EDGE('',*,*,#2540,.F.);
#3565=ORIENTED_EDGE('',*,*,#2744,.F.);
#3566=ORIENTED_EDGE('',*,*,#2559,.F.);
#3567=ORIENTED_EDGE('',*,*,#2745,.F.);
#3568=ORIENTED_EDGE('',*,*,#2746,.F.);
#3569=ORIENTED_EDGE('',*,*,#2747,.F.);
#3570=ORIENTED_EDGE('',*,*,#2748,.T.);
#3571=ORIENTED_EDGE('',*,*,#2749,.F.);
#3572=ORIENTED_EDGE('',*,*,#2561,.F.);
#3573=ORIENTED_EDGE('',*,*,#2750,.F.);
#3574=ORIENTED_EDGE('',*,*,#2746,.T.);
#3575=ORIENTED_EDGE('',*,*,#2751,.F.);
#3576=ORIENTED_EDGE('',*,*,#2748,.F.);
#3577=ORIENTED_EDGE('',*,*,#2752,.F.);
#3578=ORIENTED_EDGE('',*,*,#2753,.T.);
#3579=ORIENTED_EDGE('',*,*,#2754,.F.);
#3580=ORIENTED_EDGE('',*,*,#2460,.F.);
#3581=ORIENTED_EDGE('',*,*,#2755,.F.);
#3582=ORIENTED_EDGE('',*,*,#2756,.T.);
#3583=ORIENTED_EDGE('',*,*,#2757,.F.);
#3584=ORIENTED_EDGE('',*,*,#2753,.F.);
#3585=ORIENTED_EDGE('',*,*,#2758,.F.);
#3586=ORIENTED_EDGE('',*,*,#2458,.F.);
#3587=ORIENTED_EDGE('',*,*,#2759,.F.);
#3588=ORIENTED_EDGE('',*,*,#2756,.F.);
#3589=ORIENTED_EDGE('',*,*,#2760,.F.);
#3590=ORIENTED_EDGE('',*,*,#2761,.T.);
#3591=ORIENTED_EDGE('',*,*,#2762,.F.);
#3592=ORIENTED_EDGE('',*,*,#2469,.F.);
#3593=ORIENTED_EDGE('',*,*,#2763,.F.);
#3594=ORIENTED_EDGE('',*,*,#2764,.T.);
#3595=ORIENTED_EDGE('',*,*,#2765,.F.);
#3596=ORIENTED_EDGE('',*,*,#2761,.F.);
#3597=ORIENTED_EDGE('',*,*,#2766,.F.);
#3598=ORIENTED_EDGE('',*,*,#2467,.F.);
#3599=ORIENTED_EDGE('',*,*,#2767,.F.);
#3600=ORIENTED_EDGE('',*,*,#2764,.F.);
#3601=ORIENTED_EDGE('',*,*,#2768,.F.);
#3602=ORIENTED_EDGE('',*,*,#2769,.T.);
#3603=ORIENTED_EDGE('',*,*,#2770,.F.);
#3604=ORIENTED_EDGE('',*,*,#2476,.F.);
#3605=ORIENTED_EDGE('',*,*,#2771,.F.);
#3606=ORIENTED_EDGE('',*,*,#2772,.T.);
#3607=ORIENTED_EDGE('',*,*,#2773,.F.);
#3608=ORIENTED_EDGE('',*,*,#2769,.F.);
#3609=ORIENTED_EDGE('',*,*,#2774,.F.);
#3610=ORIENTED_EDGE('',*,*,#2474,.F.);
#3611=ORIENTED_EDGE('',*,*,#2775,.F.);
#3612=ORIENTED_EDGE('',*,*,#2772,.F.);
#3613=ORIENTED_EDGE('',*,*,#2758,.T.);
#3614=ORIENTED_EDGE('',*,*,#2755,.T.);
#3615=ORIENTED_EDGE('',*,*,#2752,.T.);
#3616=ORIENTED_EDGE('',*,*,#2776,.T.);
#3617=ORIENTED_EDGE('',*,*,#2777,.T.);
#3618=ORIENTED_EDGE('',*,*,#2778,.F.);
#3619=ORIENTED_EDGE('',*,*,#2766,.T.);
#3620=ORIENTED_EDGE('',*,*,#2763,.T.);
#3621=ORIENTED_EDGE('',*,*,#2760,.T.);
#3622=ORIENTED_EDGE('',*,*,#2779,.T.);
#3623=ORIENTED_EDGE('',*,*,#2780,.T.);
#3624=ORIENTED_EDGE('',*,*,#2781,.F.);
#3625=ORIENTED_EDGE('',*,*,#2774,.T.);
#3626=ORIENTED_EDGE('',*,*,#2771,.T.);
#3627=ORIENTED_EDGE('',*,*,#2768,.T.);
#3628=ORIENTED_EDGE('',*,*,#2782,.T.);
#3629=ORIENTED_EDGE('',*,*,#2783,.T.);
#3630=ORIENTED_EDGE('',*,*,#2784,.F.);
#3631=ORIENTED_EDGE('',*,*,#2784,.T.);
#3632=ORIENTED_EDGE('',*,*,#2785,.T.);
#3633=ORIENTED_EDGE('',*,*,#2786,.F.);
#3634=ORIENTED_EDGE('',*,*,#2787,.T.);
#3635=ORIENTED_EDGE('',*,*,#2788,.T.);
#3636=ORIENTED_EDGE('',*,*,#2789,.T.);
#3637=ORIENTED_EDGE('',*,*,#2790,.T.);
#3638=ORIENTED_EDGE('',*,*,#2791,.T.);
#3639=ORIENTED_EDGE('',*,*,#2792,.F.);
#3640=ORIENTED_EDGE('',*,*,#2793,.T.);
#3641=ORIENTED_EDGE('',*,*,#2794,.T.);
#3642=ORIENTED_EDGE('',*,*,#2795,.T.);
#3643=ORIENTED_EDGE('',*,*,#2796,.T.);
#3644=ORIENTED_EDGE('',*,*,#2797,.T.);
#3645=ORIENTED_EDGE('',*,*,#2798,.F.);
#3646=ORIENTED_EDGE('',*,*,#2799,.T.);
#3647=ORIENTED_EDGE('',*,*,#2800,.T.);
#3648=ORIENTED_EDGE('',*,*,#2801,.T.);
#3649=ORIENTED_EDGE('',*,*,#2503,.F.);
#3650=ORIENTED_EDGE('',*,*,#2802,.F.);
#3651=ORIENTED_EDGE('',*,*,#2803,.F.);
#3652=ORIENTED_EDGE('',*,*,#2804,.F.);
#3653=ORIENTED_EDGE('',*,*,#2462,.F.);
#3654=ORIENTED_EDGE('',*,*,#2789,.F.);
#3655=ORIENTED_EDGE('',*,*,#2805,.T.);
#3656=ORIENTED_EDGE('',*,*,#2806,.F.);
#3657=ORIENTED_EDGE('',*,*,#2483,.F.);
#3658=ORIENTED_EDGE('',*,*,#2788,.F.);
#3659=ORIENTED_EDGE('',*,*,#2807,.T.);
#3660=ORIENTED_EDGE('',*,*,#2808,.F.);
#3661=ORIENTED_EDGE('',*,*,#2805,.F.);
#3662=ORIENTED_EDGE('',*,*,#2787,.F.);
#3663=ORIENTED_EDGE('',*,*,#2481,.F.);
#3664=ORIENTED_EDGE('',*,*,#2809,.F.);
#3665=ORIENTED_EDGE('',*,*,#2807,.F.);
#3666=ORIENTED_EDGE('',*,*,#2795,.F.);
#3667=ORIENTED_EDGE('',*,*,#2810,.T.);
#3668=ORIENTED_EDGE('',*,*,#2811,.F.);
#3669=ORIENTED_EDGE('',*,*,#2490,.F.);
#3670=ORIENTED_EDGE('',*,*,#2794,.F.);
#3671=ORIENTED_EDGE('',*,*,#2812,.T.);
#3672=ORIENTED_EDGE('',*,*,#2813,.F.);
#3673=ORIENTED_EDGE('',*,*,#2810,.F.);
#3674=ORIENTED_EDGE('',*,*,#2793,.F.);
#3675=ORIENTED_EDGE('',*,*,#2488,.F.);
#3676=ORIENTED_EDGE('',*,*,#2814,.F.);
#3677=ORIENTED_EDGE('',*,*,#2812,.F.);
#3678=ORIENTED_EDGE('',*,*,#2801,.F.);
#3679=ORIENTED_EDGE('',*,*,#2815,.T.);
#3680=ORIENTED_EDGE('',*,*,#2816,.F.);
#3681=ORIENTED_EDGE('',*,*,#2497,.F.);
#3682=ORIENTED_EDGE('',*,*,#2800,.F.);
#3683=ORIENTED_EDGE('',*,*,#2817,.T.);
#3684=ORIENTED_EDGE('',*,*,#2818,.F.);
#3685=ORIENTED_EDGE('',*,*,#2815,.F.);
#3686=ORIENTED_EDGE('',*,*,#2799,.F.);
#3687=ORIENTED_EDGE('',*,*,#2495,.F.);
#3688=ORIENTED_EDGE('',*,*,#2819,.F.);
#3689=ORIENTED_EDGE('',*,*,#2817,.F.);
#3690=ORIENTED_EDGE('',*,*,#2563,.F.);
#3691=ORIENTED_EDGE('',*,*,#2820,.T.);
#3692=ORIENTED_EDGE('',*,*,#2821,.T.);
#3693=ORIENTED_EDGE('',*,*,#2693,.F.);
#3694=ORIENTED_EDGE('',*,*,#2558,.F.);
#3695=ORIENTED_EDGE('',*,*,#2695,.T.);
#3696=ORIENTED_EDGE('',*,*,#2822,.T.);
#3697=ORIENTED_EDGE('',*,*,#2823,.F.);
#3698=ORIENTED_EDGE('',*,*,#2822,.F.);
#3699=ORIENTED_EDGE('',*,*,#2694,.F.);
#3700=ORIENTED_EDGE('',*,*,#2821,.F.);
#3701=ORIENTED_EDGE('',*,*,#2824,.F.);
#3702=ORIENTED_EDGE('',*,*,#2499,.F.);
#3703=ORIENTED_EDGE('',*,*,#2798,.T.);
#3704=ORIENTED_EDGE('',*,*,#2825,.T.);
#3705=ORIENTED_EDGE('',*,*,#2826,.F.);
#3706=ORIENTED_EDGE('',*,*,#2494,.F.);
#3707=ORIENTED_EDGE('',*,*,#2827,.T.);
#3708=ORIENTED_EDGE('',*,*,#2828,.T.);
#3709=ORIENTED_EDGE('',*,*,#2796,.F.);
#3710=ORIENTED_EDGE('',*,*,#2828,.F.);
#3711=ORIENTED_EDGE('',*,*,#2829,.F.);
#3712=ORIENTED_EDGE('',*,*,#2825,.F.);
#3713=ORIENTED_EDGE('',*,*,#2797,.F.);
#3714=ORIENTED_EDGE('',*,*,#2492,.F.);
#3715=ORIENTED_EDGE('',*,*,#2792,.T.);
#3716=ORIENTED_EDGE('',*,*,#2830,.T.);
#3717=ORIENTED_EDGE('',*,*,#2831,.F.);
#3718=ORIENTED_EDGE('',*,*,#2487,.F.);
#3719=ORIENTED_EDGE('',*,*,#2832,.T.);
#3720=ORIENTED_EDGE('',*,*,#2833,.T.);
#3721=ORIENTED_EDGE('',*,*,#2790,.F.);
#3722=ORIENTED_EDGE('',*,*,#2833,.F.);
#3723=ORIENTED_EDGE('',*,*,#2834,.F.);
#3724=ORIENTED_EDGE('',*,*,#2830,.F.);
#3725=ORIENTED_EDGE('',*,*,#2791,.F.);
#3726=ORIENTED_EDGE('',*,*,#2551,.F.);
#3727=ORIENTED_EDGE('',*,*,#2698,.T.);
#3728=ORIENTED_EDGE('',*,*,#2835,.T.);
#3729=ORIENTED_EDGE('',*,*,#2836,.F.);
#3730=ORIENTED_EDGE('',*,*,#2556,.F.);
#3731=ORIENTED_EDGE('',*,*,#2837,.T.);
#3732=ORIENTED_EDGE('',*,*,#2838,.T.);
#3733=ORIENTED_EDGE('',*,*,#2696,.F.);
#3734=ORIENTED_EDGE('',*,*,#2839,.F.);
#3735=ORIENTED_EDGE('',*,*,#2835,.F.);
#3736=ORIENTED_EDGE('',*,*,#2697,.F.);
#3737=ORIENTED_EDGE('',*,*,#2838,.F.);
#3738=ORIENTED_EDGE('',*,*,#2524,.F.);
#3739=ORIENTED_EDGE('',*,*,#2840,.T.);
#3740=ORIENTED_EDGE('',*,*,#2841,.T.);
#3741=ORIENTED_EDGE('',*,*,#2842,.F.);
#3742=ORIENTED_EDGE('',*,*,#2519,.F.);
#3743=ORIENTED_EDGE('',*,*,#2843,.T.);
#3744=ORIENTED_EDGE('',*,*,#2844,.T.);
#3745=ORIENTED_EDGE('',*,*,#2845,.F.);
#3746=ORIENTED_EDGE('',*,*,#2846,.F.);
#3747=ORIENTED_EDGE('',*,*,#2841,.F.);
#3748=ORIENTED_EDGE('',*,*,#2847,.F.);
#3749=ORIENTED_EDGE('',*,*,#2844,.F.);
#3750=ORIENTED_EDGE('',*,*,#2478,.F.);
#3751=ORIENTED_EDGE('',*,*,#2781,.T.);
#3752=ORIENTED_EDGE('',*,*,#2848,.T.);
#3753=ORIENTED_EDGE('',*,*,#2684,.F.);
#3754=ORIENTED_EDGE('',*,*,#2473,.F.);
#3755=ORIENTED_EDGE('',*,*,#2686,.T.);
#3756=ORIENTED_EDGE('',*,*,#2849,.T.);
#3757=ORIENTED_EDGE('',*,*,#2779,.F.);
#3758=ORIENTED_EDGE('',*,*,#2849,.F.);
#3759=ORIENTED_EDGE('',*,*,#2685,.F.);
#3760=ORIENTED_EDGE('',*,*,#2848,.F.);
#3761=ORIENTED_EDGE('',*,*,#2780,.F.);
#3762=ORIENTED_EDGE('',*,*,#2850,.F.);
#3763=ORIENTED_EDGE('',*,*,#2851,.T.);
#3764=ORIENTED_EDGE('',*,*,#2852,.T.);
#3765=ORIENTED_EDGE('',*,*,#2853,.F.);
#3766=ORIENTED_EDGE('',*,*,#2854,.F.);
#3767=ORIENTED_EDGE('',*,*,#2855,.T.);
#3768=ORIENTED_EDGE('',*,*,#2856,.T.);
#3769=ORIENTED_EDGE('',*,*,#2851,.F.);
#3770=ORIENTED_EDGE('',*,*,#2857,.F.);
#3771=ORIENTED_EDGE('',*,*,#2858,.T.);
#3772=ORIENTED_EDGE('',*,*,#2859,.T.);
#3773=ORIENTED_EDGE('',*,*,#2855,.F.);
#3774=ORIENTED_EDGE('',*,*,#2860,.F.);
#3775=ORIENTED_EDGE('',*,*,#2853,.T.);
#3776=ORIENTED_EDGE('',*,*,#2861,.T.);
#3777=ORIENTED_EDGE('',*,*,#2858,.F.);
#3778=ORIENTED_EDGE('',*,*,#2862,.F.);
#3779=ORIENTED_EDGE('',*,*,#2863,.T.);
#3780=ORIENTED_EDGE('',*,*,#2864,.T.);
#3781=ORIENTED_EDGE('',*,*,#2865,.F.);
#3782=ORIENTED_EDGE('',*,*,#2866,.F.);
#3783=ORIENTED_EDGE('',*,*,#2867,.T.);
#3784=ORIENTED_EDGE('',*,*,#2868,.T.);
#3785=ORIENTED_EDGE('',*,*,#2863,.F.);
#3786=ORIENTED_EDGE('',*,*,#2869,.F.);
#3787=ORIENTED_EDGE('',*,*,#2870,.T.);
#3788=ORIENTED_EDGE('',*,*,#2871,.T.);
#3789=ORIENTED_EDGE('',*,*,#2867,.F.);
#3790=ORIENTED_EDGE('',*,*,#2872,.F.);
#3791=ORIENTED_EDGE('',*,*,#2865,.T.);
#3792=ORIENTED_EDGE('',*,*,#2873,.T.);
#3793=ORIENTED_EDGE('',*,*,#2870,.F.);
#3794=ORIENTED_EDGE('',*,*,#2874,.F.);
#3795=ORIENTED_EDGE('',*,*,#2875,.T.);
#3796=ORIENTED_EDGE('',*,*,#2876,.T.);
#3797=ORIENTED_EDGE('',*,*,#2877,.F.);
#3798=ORIENTED_EDGE('',*,*,#2878,.F.);
#3799=ORIENTED_EDGE('',*,*,#2879,.T.);
#3800=ORIENTED_EDGE('',*,*,#2880,.T.);
#3801=ORIENTED_EDGE('',*,*,#2875,.F.);
#3802=ORIENTED_EDGE('',*,*,#2881,.F.);
#3803=ORIENTED_EDGE('',*,*,#2882,.T.);
#3804=ORIENTED_EDGE('',*,*,#2883,.T.);
#3805=ORIENTED_EDGE('',*,*,#2879,.F.);
#3806=ORIENTED_EDGE('',*,*,#2884,.F.);
#3807=ORIENTED_EDGE('',*,*,#2877,.T.);
#3808=ORIENTED_EDGE('',*,*,#2885,.T.);
#3809=ORIENTED_EDGE('',*,*,#2882,.F.);
#3810=ORIENTED_EDGE('',*,*,#2886,.F.);
#3811=ORIENTED_EDGE('',*,*,#2887,.T.);
#3812=ORIENTED_EDGE('',*,*,#2888,.T.);
#3813=ORIENTED_EDGE('',*,*,#2889,.F.);
#3814=ORIENTED_EDGE('',*,*,#2890,.F.);
#3815=ORIENTED_EDGE('',*,*,#2891,.T.);
#3816=ORIENTED_EDGE('',*,*,#2892,.T.);
#3817=ORIENTED_EDGE('',*,*,#2887,.F.);
#3818=ORIENTED_EDGE('',*,*,#2893,.F.);
#3819=ORIENTED_EDGE('',*,*,#2894,.T.);
#3820=ORIENTED_EDGE('',*,*,#2895,.T.);
#3821=ORIENTED_EDGE('',*,*,#2891,.F.);
#3822=ORIENTED_EDGE('',*,*,#2896,.F.);
#3823=ORIENTED_EDGE('',*,*,#2889,.T.);
#3824=ORIENTED_EDGE('',*,*,#2897,.T.);
#3825=ORIENTED_EDGE('',*,*,#2894,.F.);
#3826=ORIENTED_EDGE('',*,*,#2898,.F.);
#3827=ORIENTED_EDGE('',*,*,#2899,.T.);
#3828=ORIENTED_EDGE('',*,*,#2900,.T.);
#3829=ORIENTED_EDGE('',*,*,#2901,.F.);
#3830=ORIENTED_EDGE('',*,*,#2902,.F.);
#3831=ORIENTED_EDGE('',*,*,#2903,.T.);
#3832=ORIENTED_EDGE('',*,*,#2904,.T.);
#3833=ORIENTED_EDGE('',*,*,#2899,.F.);
#3834=ORIENTED_EDGE('',*,*,#2905,.F.);
#3835=ORIENTED_EDGE('',*,*,#2906,.T.);
#3836=ORIENTED_EDGE('',*,*,#2907,.T.);
#3837=ORIENTED_EDGE('',*,*,#2903,.F.);
#3838=ORIENTED_EDGE('',*,*,#2908,.F.);
#3839=ORIENTED_EDGE('',*,*,#2901,.T.);
#3840=ORIENTED_EDGE('',*,*,#2909,.T.);
#3841=ORIENTED_EDGE('',*,*,#2906,.F.);
#3842=ORIENTED_EDGE('',*,*,#2910,.F.);
#3843=ORIENTED_EDGE('',*,*,#2911,.T.);
#3844=ORIENTED_EDGE('',*,*,#2912,.T.);
#3845=ORIENTED_EDGE('',*,*,#2913,.F.);
#3846=ORIENTED_EDGE('',*,*,#2914,.F.);
#3847=ORIENTED_EDGE('',*,*,#2915,.T.);
#3848=ORIENTED_EDGE('',*,*,#2916,.T.);
#3849=ORIENTED_EDGE('',*,*,#2911,.F.);
#3850=ORIENTED_EDGE('',*,*,#2917,.F.);
#3851=ORIENTED_EDGE('',*,*,#2918,.T.);
#3852=ORIENTED_EDGE('',*,*,#2919,.T.);
#3853=ORIENTED_EDGE('',*,*,#2915,.F.);
#3854=ORIENTED_EDGE('',*,*,#2920,.F.);
#3855=ORIENTED_EDGE('',*,*,#2913,.T.);
#3856=ORIENTED_EDGE('',*,*,#2921,.T.);
#3857=ORIENTED_EDGE('',*,*,#2918,.F.);
#3858=ORIENTED_EDGE('',*,*,#2922,.F.);
#3859=ORIENTED_EDGE('',*,*,#2923,.T.);
#3860=ORIENTED_EDGE('',*,*,#2924,.T.);
#3861=ORIENTED_EDGE('',*,*,#2925,.F.);
#3862=ORIENTED_EDGE('',*,*,#2926,.F.);
#3863=ORIENTED_EDGE('',*,*,#2927,.T.);
#3864=ORIENTED_EDGE('',*,*,#2928,.T.);
#3865=ORIENTED_EDGE('',*,*,#2923,.F.);
#3866=ORIENTED_EDGE('',*,*,#2929,.F.);
#3867=ORIENTED_EDGE('',*,*,#2930,.T.);
#3868=ORIENTED_EDGE('',*,*,#2931,.T.);
#3869=ORIENTED_EDGE('',*,*,#2927,.F.);
#3870=ORIENTED_EDGE('',*,*,#2932,.F.);
#3871=ORIENTED_EDGE('',*,*,#2925,.T.);
#3872=ORIENTED_EDGE('',*,*,#2933,.T.);
#3873=ORIENTED_EDGE('',*,*,#2930,.F.);
#3874=ORIENTED_EDGE('',*,*,#2934,.F.);
#3875=ORIENTED_EDGE('',*,*,#2935,.T.);
#3876=ORIENTED_EDGE('',*,*,#2936,.T.);
#3877=ORIENTED_EDGE('',*,*,#2937,.F.);
#3878=ORIENTED_EDGE('',*,*,#2938,.F.);
#3879=ORIENTED_EDGE('',*,*,#2939,.T.);
#3880=ORIENTED_EDGE('',*,*,#2940,.T.);
#3881=ORIENTED_EDGE('',*,*,#2935,.F.);
#3882=ORIENTED_EDGE('',*,*,#2941,.F.);
#3883=ORIENTED_EDGE('',*,*,#2942,.T.);
#3884=ORIENTED_EDGE('',*,*,#2943,.T.);
#3885=ORIENTED_EDGE('',*,*,#2939,.F.);
#3886=ORIENTED_EDGE('',*,*,#2944,.F.);
#3887=ORIENTED_EDGE('',*,*,#2937,.T.);
#3888=ORIENTED_EDGE('',*,*,#2945,.T.);
#3889=ORIENTED_EDGE('',*,*,#2942,.F.);
#3890=ORIENTED_EDGE('',*,*,#2946,.F.);
#3891=ORIENTED_EDGE('',*,*,#2947,.T.);
#3892=ORIENTED_EDGE('',*,*,#2948,.T.);
#3893=ORIENTED_EDGE('',*,*,#2949,.F.);
#3894=ORIENTED_EDGE('',*,*,#2950,.F.);
#3895=ORIENTED_EDGE('',*,*,#2951,.T.);
#3896=ORIENTED_EDGE('',*,*,#2952,.T.);
#3897=ORIENTED_EDGE('',*,*,#2947,.F.);
#3898=ORIENTED_EDGE('',*,*,#2953,.F.);
#3899=ORIENTED_EDGE('',*,*,#2954,.T.);
#3900=ORIENTED_EDGE('',*,*,#2955,.T.);
#3901=ORIENTED_EDGE('',*,*,#2951,.F.);
#3902=ORIENTED_EDGE('',*,*,#2956,.F.);
#3903=ORIENTED_EDGE('',*,*,#2949,.T.);
#3904=ORIENTED_EDGE('',*,*,#2957,.T.);
#3905=ORIENTED_EDGE('',*,*,#2954,.F.);
#3906=ORIENTED_EDGE('',*,*,#2958,.F.);
#3907=ORIENTED_EDGE('',*,*,#2959,.T.);
#3908=ORIENTED_EDGE('',*,*,#2960,.T.);
#3909=ORIENTED_EDGE('',*,*,#2961,.F.);
#3910=ORIENTED_EDGE('',*,*,#2962,.F.);
#3911=ORIENTED_EDGE('',*,*,#2963,.T.);
#3912=ORIENTED_EDGE('',*,*,#2964,.T.);
#3913=ORIENTED_EDGE('',*,*,#2959,.F.);
#3914=ORIENTED_EDGE('',*,*,#2965,.F.);
#3915=ORIENTED_EDGE('',*,*,#2966,.T.);
#3916=ORIENTED_EDGE('',*,*,#2967,.T.);
#3917=ORIENTED_EDGE('',*,*,#2963,.F.);
#3918=ORIENTED_EDGE('',*,*,#2968,.F.);
#3919=ORIENTED_EDGE('',*,*,#2961,.T.);
#3920=ORIENTED_EDGE('',*,*,#2969,.T.);
#3921=ORIENTED_EDGE('',*,*,#2966,.F.);
#3922=ORIENTED_EDGE('',*,*,#2970,.F.);
#3923=ORIENTED_EDGE('',*,*,#2971,.T.);
#3924=ORIENTED_EDGE('',*,*,#2972,.T.);
#3925=ORIENTED_EDGE('',*,*,#2973,.F.);
#3926=ORIENTED_EDGE('',*,*,#2974,.F.);
#3927=ORIENTED_EDGE('',*,*,#2975,.T.);
#3928=ORIENTED_EDGE('',*,*,#2976,.T.);
#3929=ORIENTED_EDGE('',*,*,#2971,.F.);
#3930=ORIENTED_EDGE('',*,*,#2977,.F.);
#3931=ORIENTED_EDGE('',*,*,#2978,.T.);
#3932=ORIENTED_EDGE('',*,*,#2979,.T.);
#3933=ORIENTED_EDGE('',*,*,#2975,.F.);
#3934=ORIENTED_EDGE('',*,*,#2980,.F.);
#3935=ORIENTED_EDGE('',*,*,#2973,.T.);
#3936=ORIENTED_EDGE('',*,*,#2981,.T.);
#3937=ORIENTED_EDGE('',*,*,#2978,.F.);
#3938=ORIENTED_EDGE('',*,*,#2982,.F.);
#3939=ORIENTED_EDGE('',*,*,#2983,.T.);
#3940=ORIENTED_EDGE('',*,*,#2984,.T.);
#3941=ORIENTED_EDGE('',*,*,#2985,.F.);
#3942=ORIENTED_EDGE('',*,*,#2986,.F.);
#3943=ORIENTED_EDGE('',*,*,#2987,.T.);
#3944=ORIENTED_EDGE('',*,*,#2988,.T.);
#3945=ORIENTED_EDGE('',*,*,#2983,.F.);
#3946=ORIENTED_EDGE('',*,*,#2989,.F.);
#3947=ORIENTED_EDGE('',*,*,#2990,.T.);
#3948=ORIENTED_EDGE('',*,*,#2991,.T.);
#3949=ORIENTED_EDGE('',*,*,#2987,.F.);
#3950=ORIENTED_EDGE('',*,*,#2992,.F.);
#3951=ORIENTED_EDGE('',*,*,#2985,.T.);
#3952=ORIENTED_EDGE('',*,*,#2993,.T.);
#3953=ORIENTED_EDGE('',*,*,#2990,.F.);
#3954=ORIENTED_EDGE('',*,*,#2994,.F.);
#3955=ORIENTED_EDGE('',*,*,#2995,.T.);
#3956=ORIENTED_EDGE('',*,*,#2996,.T.);
#3957=ORIENTED_EDGE('',*,*,#2997,.F.);
#3958=ORIENTED_EDGE('',*,*,#2998,.F.);
#3959=ORIENTED_EDGE('',*,*,#2999,.T.);
#3960=ORIENTED_EDGE('',*,*,#3000,.T.);
#3961=ORIENTED_EDGE('',*,*,#2995,.F.);
#3962=ORIENTED_EDGE('',*,*,#3001,.F.);
#3963=ORIENTED_EDGE('',*,*,#3002,.T.);
#3964=ORIENTED_EDGE('',*,*,#3003,.T.);
#3965=ORIENTED_EDGE('',*,*,#2999,.F.);
#3966=ORIENTED_EDGE('',*,*,#3004,.F.);
#3967=ORIENTED_EDGE('',*,*,#2997,.T.);
#3968=ORIENTED_EDGE('',*,*,#3005,.T.);
#3969=ORIENTED_EDGE('',*,*,#3002,.F.);
#3970=ORIENTED_EDGE('',*,*,#3006,.F.);
#3971=ORIENTED_EDGE('',*,*,#3007,.T.);
#3972=ORIENTED_EDGE('',*,*,#3008,.T.);
#3973=ORIENTED_EDGE('',*,*,#3009,.F.);
#3974=ORIENTED_EDGE('',*,*,#2517,.F.);
#3975=ORIENTED_EDGE('',*,*,#3010,.T.);
#3976=ORIENTED_EDGE('',*,*,#3011,.T.);
#3977=ORIENTED_EDGE('',*,*,#3012,.F.);
#3978=ORIENTED_EDGE('',*,*,#3013,.F.);
#3979=ORIENTED_EDGE('',*,*,#3014,.T.);
#3980=ORIENTED_EDGE('',*,*,#3015,.T.);
#3981=ORIENTED_EDGE('',*,*,#3016,.F.);
#3982=ORIENTED_EDGE('',*,*,#3017,.F.);
#3983=ORIENTED_EDGE('',*,*,#3018,.T.);
#3984=ORIENTED_EDGE('',*,*,#3019,.T.);
#3985=ORIENTED_EDGE('',*,*,#3014,.F.);
#3986=ORIENTED_EDGE('',*,*,#3020,.F.);
#3987=ORIENTED_EDGE('',*,*,#3021,.T.);
#3988=ORIENTED_EDGE('',*,*,#3022,.T.);
#3989=ORIENTED_EDGE('',*,*,#3018,.F.);
#3990=ORIENTED_EDGE('',*,*,#3023,.F.);
#3991=ORIENTED_EDGE('',*,*,#3024,.T.);
#3992=ORIENTED_EDGE('',*,*,#3025,.T.);
#3993=ORIENTED_EDGE('',*,*,#3021,.F.);
#3994=ORIENTED_EDGE('',*,*,#3026,.F.);
#3995=ORIENTED_EDGE('',*,*,#3027,.T.);
#3996=ORIENTED_EDGE('',*,*,#3028,.T.);
#3997=ORIENTED_EDGE('',*,*,#3024,.F.);
#3998=ORIENTED_EDGE('',*,*,#3029,.F.);
#3999=ORIENTED_EDGE('',*,*,#3016,.T.);
#4000=ORIENTED_EDGE('',*,*,#3030,.T.);
#4001=ORIENTED_EDGE('',*,*,#3027,.F.);
#4002=ORIENTED_EDGE('',*,*,#2485,.F.);
#4003=ORIENTED_EDGE('',*,*,#2786,.T.);
#4004=ORIENTED_EDGE('',*,*,#3031,.T.);
#4005=ORIENTED_EDGE('',*,*,#3032,.F.);
#4006=ORIENTED_EDGE('',*,*,#3033,.F.);
#4007=ORIENTED_EDGE('',*,*,#3034,.T.);
#4008=ORIENTED_EDGE('',*,*,#3035,.T.);
#4009=ORIENTED_EDGE('',*,*,#3036,.F.);
#4010=ORIENTED_EDGE('',*,*,#3037,.F.);
#4011=ORIENTED_EDGE('',*,*,#3038,.T.);
#4012=ORIENTED_EDGE('',*,*,#3039,.T.);
#4013=ORIENTED_EDGE('',*,*,#3034,.F.);
#4014=ORIENTED_EDGE('',*,*,#3040,.F.);
#4015=ORIENTED_EDGE('',*,*,#3041,.T.);
#4016=ORIENTED_EDGE('',*,*,#3042,.T.);
#4017=ORIENTED_EDGE('',*,*,#3038,.F.);
#4018=ORIENTED_EDGE('',*,*,#3043,.F.);
#4019=ORIENTED_EDGE('',*,*,#3036,.T.);
#4020=ORIENTED_EDGE('',*,*,#3044,.T.);
#4021=ORIENTED_EDGE('',*,*,#3041,.F.);
#4022=ORIENTED_EDGE('',*,*,#2480,.F.);
#4023=ORIENTED_EDGE('',*,*,#2703,.T.);
#4024=ORIENTED_EDGE('',*,*,#3045,.T.);
#4025=ORIENTED_EDGE('',*,*,#2782,.F.);
#4026=ORIENTED_EDGE('',*,*,#3046,.F.);
#4027=ORIENTED_EDGE('',*,*,#3047,.T.);
#4028=ORIENTED_EDGE('',*,*,#3048,.T.);
#4029=ORIENTED_EDGE('',*,*,#3049,.F.);
#4030=ORIENTED_EDGE('',*,*,#3050,.F.);
#4031=ORIENTED_EDGE('',*,*,#3051,.T.);
#4032=ORIENTED_EDGE('',*,*,#3052,.T.);
#4033=ORIENTED_EDGE('',*,*,#3047,.F.);
#4034=ORIENTED_EDGE('',*,*,#3053,.F.);
#4035=ORIENTED_EDGE('',*,*,#3054,.T.);
#4036=ORIENTED_EDGE('',*,*,#3055,.T.);
#4037=ORIENTED_EDGE('',*,*,#3051,.F.);
#4038=ORIENTED_EDGE('',*,*,#3056,.F.);
#4039=ORIENTED_EDGE('',*,*,#3057,.T.);
#4040=ORIENTED_EDGE('',*,*,#3058,.T.);
#4041=ORIENTED_EDGE('',*,*,#3054,.F.);
#4042=ORIENTED_EDGE('',*,*,#3059,.F.);
#4043=ORIENTED_EDGE('',*,*,#3060,.T.);
#4044=ORIENTED_EDGE('',*,*,#3061,.T.);
#4045=ORIENTED_EDGE('',*,*,#3057,.F.);
#4046=ORIENTED_EDGE('',*,*,#3062,.F.);
#4047=ORIENTED_EDGE('',*,*,#3049,.T.);
#4048=ORIENTED_EDGE('',*,*,#3063,.T.);
#4049=ORIENTED_EDGE('',*,*,#3060,.F.);
#4050=ORIENTED_EDGE('',*,*,#2549,.F.);
#4051=ORIENTED_EDGE('',*,*,#3064,.T.);
#4052=ORIENTED_EDGE('',*,*,#3065,.T.);
#4053=ORIENTED_EDGE('',*,*,#2699,.F.);
#4054=ORIENTED_EDGE('',*,*,#3066,.F.);
#4055=ORIENTED_EDGE('',*,*,#3067,.T.);
#4056=ORIENTED_EDGE('',*,*,#3068,.T.);
#4057=ORIENTED_EDGE('',*,*,#3007,.F.);
#4058=ORIENTED_EDGE('',*,*,#3069,.F.);
#4059=ORIENTED_EDGE('',*,*,#3070,.T.);
#4060=ORIENTED_EDGE('',*,*,#3071,.T.);
#4061=ORIENTED_EDGE('',*,*,#3067,.F.);
#4062=ORIENTED_EDGE('',*,*,#3072,.F.);
#4063=ORIENTED_EDGE('',*,*,#3009,.T.);
#4064=ORIENTED_EDGE('',*,*,#3073,.T.);
#4065=ORIENTED_EDGE('',*,*,#3070,.F.);
#4066=ORIENTED_EDGE('',*,*,#3073,.F.);
#4067=ORIENTED_EDGE('',*,*,#3008,.F.);
#4068=ORIENTED_EDGE('',*,*,#3074,.F.);
#4069=ORIENTED_EDGE('',*,*,#3011,.F.);
#4070=ORIENTED_EDGE('',*,*,#3075,.F.);
#4071=ORIENTED_EDGE('',*,*,#3015,.F.);
#4072=ORIENTED_EDGE('',*,*,#3019,.F.);
#4073=ORIENTED_EDGE('',*,*,#3022,.F.);
#4074=ORIENTED_EDGE('',*,*,#3025,.F.);
#4075=ORIENTED_EDGE('',*,*,#3028,.F.);
#4076=ORIENTED_EDGE('',*,*,#3030,.F.);
#4077=ORIENTED_EDGE('',*,*,#3076,.F.);
#4078=ORIENTED_EDGE('',*,*,#3031,.F.);
#4079=ORIENTED_EDGE('',*,*,#2785,.F.);
#4080=ORIENTED_EDGE('',*,*,#3035,.F.);
#4081=ORIENTED_EDGE('',*,*,#3039,.F.);
#4082=ORIENTED_EDGE('',*,*,#3042,.F.);
#4083=ORIENTED_EDGE('',*,*,#3044,.F.);
#4084=ORIENTED_EDGE('',*,*,#2783,.F.);
#4085=ORIENTED_EDGE('',*,*,#3045,.F.);
#4086=ORIENTED_EDGE('',*,*,#2702,.F.);
#4087=ORIENTED_EDGE('',*,*,#3048,.F.);
#4088=ORIENTED_EDGE('',*,*,#3052,.F.);
#4089=ORIENTED_EDGE('',*,*,#3055,.F.);
#4090=ORIENTED_EDGE('',*,*,#3058,.F.);
#4091=ORIENTED_EDGE('',*,*,#3061,.F.);
#4092=ORIENTED_EDGE('',*,*,#3063,.F.);
#4093=ORIENTED_EDGE('',*,*,#2700,.F.);
#4094=ORIENTED_EDGE('',*,*,#3065,.F.);
#4095=ORIENTED_EDGE('',*,*,#3077,.F.);
#4096=ORIENTED_EDGE('',*,*,#3068,.F.);
#4097=ORIENTED_EDGE('',*,*,#3071,.F.);
#4098=ORIENTED_EDGE('',*,*,#3005,.F.);
#4099=ORIENTED_EDGE('',*,*,#2996,.F.);
#4100=ORIENTED_EDGE('',*,*,#3000,.F.);
#4101=ORIENTED_EDGE('',*,*,#3003,.F.);
#4102=ORIENTED_EDGE('',*,*,#2993,.F.);
#4103=ORIENTED_EDGE('',*,*,#2984,.F.);
#4104=ORIENTED_EDGE('',*,*,#2988,.F.);
#4105=ORIENTED_EDGE('',*,*,#2991,.F.);
#4106=ORIENTED_EDGE('',*,*,#2981,.F.);
#4107=ORIENTED_EDGE('',*,*,#2972,.F.);
#4108=ORIENTED_EDGE('',*,*,#2976,.F.);
#4109=ORIENTED_EDGE('',*,*,#2979,.F.);
#4110=ORIENTED_EDGE('',*,*,#2969,.F.);
#4111=ORIENTED_EDGE('',*,*,#2960,.F.);
#4112=ORIENTED_EDGE('',*,*,#2964,.F.);
#4113=ORIENTED_EDGE('',*,*,#2967,.F.);
#4114=ORIENTED_EDGE('',*,*,#2957,.F.);
#4115=ORIENTED_EDGE('',*,*,#2948,.F.);
#4116=ORIENTED_EDGE('',*,*,#2952,.F.);
#4117=ORIENTED_EDGE('',*,*,#2955,.F.);
#4118=ORIENTED_EDGE('',*,*,#2945,.F.);
#4119=ORIENTED_EDGE('',*,*,#2936,.F.);
#4120=ORIENTED_EDGE('',*,*,#2940,.F.);
#4121=ORIENTED_EDGE('',*,*,#2943,.F.);
#4122=ORIENTED_EDGE('',*,*,#2933,.F.);
#4123=ORIENTED_EDGE('',*,*,#2924,.F.);
#4124=ORIENTED_EDGE('',*,*,#2928,.F.);
#4125=ORIENTED_EDGE('',*,*,#2931,.F.);
#4126=ORIENTED_EDGE('',*,*,#2921,.F.);
#4127=ORIENTED_EDGE('',*,*,#2912,.F.);
#4128=ORIENTED_EDGE('',*,*,#2916,.F.);
#4129=ORIENTED_EDGE('',*,*,#2919,.F.);
#4130=ORIENTED_EDGE('',*,*,#2909,.F.);
#4131=ORIENTED_EDGE('',*,*,#2900,.F.);
#4132=ORIENTED_EDGE('',*,*,#2904,.F.);
#4133=ORIENTED_EDGE('',*,*,#2907,.F.);
#4134=ORIENTED_EDGE('',*,*,#2897,.F.);
#4135=ORIENTED_EDGE('',*,*,#2888,.F.);
#4136=ORIENTED_EDGE('',*,*,#2892,.F.);
#4137=ORIENTED_EDGE('',*,*,#2895,.F.);
#4138=ORIENTED_EDGE('',*,*,#2885,.F.);
#4139=ORIENTED_EDGE('',*,*,#2876,.F.);
#4140=ORIENTED_EDGE('',*,*,#2880,.F.);
#4141=ORIENTED_EDGE('',*,*,#2883,.F.);
#4142=ORIENTED_EDGE('',*,*,#2873,.F.);
#4143=ORIENTED_EDGE('',*,*,#2864,.F.);
#4144=ORIENTED_EDGE('',*,*,#2868,.F.);
#4145=ORIENTED_EDGE('',*,*,#2871,.F.);
#4146=ORIENTED_EDGE('',*,*,#2861,.F.);
#4147=ORIENTED_EDGE('',*,*,#2852,.F.);
#4148=ORIENTED_EDGE('',*,*,#2856,.F.);
#4149=ORIENTED_EDGE('',*,*,#2859,.F.);
#4150=ORIENTED_EDGE('',*,*,#2471,.F.);
#4151=ORIENTED_EDGE('',*,*,#2778,.T.);
#4152=ORIENTED_EDGE('',*,*,#3078,.T.);
#4153=ORIENTED_EDGE('',*,*,#2687,.F.);
#4154=ORIENTED_EDGE('',*,*,#2466,.F.);
#4155=ORIENTED_EDGE('',*,*,#2689,.T.);
#4156=ORIENTED_EDGE('',*,*,#3079,.T.);
#4157=ORIENTED_EDGE('',*,*,#2776,.F.);
#4158=ORIENTED_EDGE('',*,*,#3079,.F.);
#4159=ORIENTED_EDGE('',*,*,#2688,.F.);
#4160=ORIENTED_EDGE('',*,*,#3078,.F.);
#4161=ORIENTED_EDGE('',*,*,#2777,.F.);
#4162=ORIENTED_EDGE('',*,*,#2526,.F.);
#4163=ORIENTED_EDGE('',*,*,#3080,.T.);
#4164=ORIENTED_EDGE('',*,*,#3081,.T.);
#4165=ORIENTED_EDGE('',*,*,#3082,.F.);
#4166=ORIENTED_EDGE('',*,*,#2531,.F.);
#4167=ORIENTED_EDGE('',*,*,#3083,.T.);
#4168=ORIENTED_EDGE('',*,*,#3084,.T.);
#4169=ORIENTED_EDGE('',*,*,#3085,.F.);
#4170=ORIENTED_EDGE('',*,*,#3084,.F.);
#4171=ORIENTED_EDGE('',*,*,#3086,.F.);
#4172=ORIENTED_EDGE('',*,*,#3081,.F.);
#4173=ORIENTED_EDGE('',*,*,#3087,.F.);
#4174=ORIENTED_EDGE('',*,*,#2994,.T.);
#4175=ORIENTED_EDGE('',*,*,#3004,.T.);
#4176=ORIENTED_EDGE('',*,*,#3001,.T.);
#4177=ORIENTED_EDGE('',*,*,#2998,.T.);
#4178=ORIENTED_EDGE('',*,*,#3088,.T.);
#4179=ORIENTED_EDGE('',*,*,#2982,.T.);
#4180=ORIENTED_EDGE('',*,*,#2992,.T.);
#4181=ORIENTED_EDGE('',*,*,#2989,.T.);
#4182=ORIENTED_EDGE('',*,*,#2986,.T.);
#4183=ORIENTED_EDGE('',*,*,#2970,.T.);
#4184=ORIENTED_EDGE('',*,*,#2980,.T.);
#4185=ORIENTED_EDGE('',*,*,#2977,.T.);
#4186=ORIENTED_EDGE('',*,*,#2974,.T.);
#4187=ORIENTED_EDGE('',*,*,#2958,.T.);
#4188=ORIENTED_EDGE('',*,*,#2968,.T.);
#4189=ORIENTED_EDGE('',*,*,#2965,.T.);
#4190=ORIENTED_EDGE('',*,*,#2962,.T.);
#4191=ORIENTED_EDGE('',*,*,#2946,.T.);
#4192=ORIENTED_EDGE('',*,*,#2956,.T.);
#4193=ORIENTED_EDGE('',*,*,#2953,.T.);
#4194=ORIENTED_EDGE('',*,*,#2950,.T.);
#4195=ORIENTED_EDGE('',*,*,#2934,.T.);
#4196=ORIENTED_EDGE('',*,*,#2944,.T.);
#4197=ORIENTED_EDGE('',*,*,#2941,.T.);
#4198=ORIENTED_EDGE('',*,*,#2938,.T.);
#4199=ORIENTED_EDGE('',*,*,#2922,.T.);
#4200=ORIENTED_EDGE('',*,*,#2932,.T.);
#4201=ORIENTED_EDGE('',*,*,#2929,.T.);
#4202=ORIENTED_EDGE('',*,*,#2926,.T.);
#4203=ORIENTED_EDGE('',*,*,#2910,.T.);
#4204=ORIENTED_EDGE('',*,*,#2920,.T.);
#4205=ORIENTED_EDGE('',*,*,#2917,.T.);
#4206=ORIENTED_EDGE('',*,*,#2914,.T.);
#4207=ORIENTED_EDGE('',*,*,#2898,.T.);
#4208=ORIENTED_EDGE('',*,*,#2908,.T.);
#4209=ORIENTED_EDGE('',*,*,#2905,.T.);
#4210=ORIENTED_EDGE('',*,*,#2902,.T.);
#4211=ORIENTED_EDGE('',*,*,#2886,.T.);
#4212=ORIENTED_EDGE('',*,*,#2896,.T.);
#4213=ORIENTED_EDGE('',*,*,#2893,.T.);
#4214=ORIENTED_EDGE('',*,*,#2890,.T.);
#4215=ORIENTED_EDGE('',*,*,#2874,.T.);
#4216=ORIENTED_EDGE('',*,*,#2884,.T.);
#4217=ORIENTED_EDGE('',*,*,#2881,.T.);
#4218=ORIENTED_EDGE('',*,*,#2878,.T.);
#4219=ORIENTED_EDGE('',*,*,#2862,.T.);
#4220=ORIENTED_EDGE('',*,*,#2872,.T.);
#4221=ORIENTED_EDGE('',*,*,#2869,.T.);
#4222=ORIENTED_EDGE('',*,*,#2866,.T.);
#4223=ORIENTED_EDGE('',*,*,#2850,.T.);
#4224=ORIENTED_EDGE('',*,*,#2860,.T.);
#4225=ORIENTED_EDGE('',*,*,#2857,.T.);
#4226=ORIENTED_EDGE('',*,*,#2854,.T.);
#4227=ORIENTED_EDGE('',*,*,#3006,.T.);
#4228=ORIENTED_EDGE('',*,*,#3072,.T.);
#4229=ORIENTED_EDGE('',*,*,#3069,.T.);
#4230=ORIENTED_EDGE('',*,*,#3066,.T.);
#4231=ORIENTED_EDGE('',*,*,#3029,.T.);
#4232=ORIENTED_EDGE('',*,*,#3026,.T.);
#4233=ORIENTED_EDGE('',*,*,#3023,.T.);
#4234=ORIENTED_EDGE('',*,*,#3020,.T.);
#4235=ORIENTED_EDGE('',*,*,#3017,.T.);
#4236=ORIENTED_EDGE('',*,*,#3013,.T.);
#4237=ORIENTED_EDGE('',*,*,#3062,.T.);
#4238=ORIENTED_EDGE('',*,*,#3059,.T.);
#4239=ORIENTED_EDGE('',*,*,#3056,.T.);
#4240=ORIENTED_EDGE('',*,*,#3053,.T.);
#4241=ORIENTED_EDGE('',*,*,#3050,.T.);
#4242=ORIENTED_EDGE('',*,*,#3046,.T.);
#4243=ORIENTED_EDGE('',*,*,#3043,.T.);
#4244=ORIENTED_EDGE('',*,*,#3040,.T.);
#4245=ORIENTED_EDGE('',*,*,#3037,.T.);
#4246=ORIENTED_EDGE('',*,*,#3033,.T.);
#4247=ORIENTED_EDGE('',*,*,#3089,.T.);
#4248=ORIENTED_EDGE('',*,*,#3090,.T.);
#4249=ORIENTED_EDGE('',*,*,#3091,.T.);
#4250=ORIENTED_EDGE('',*,*,#3092,.T.);
#4251=ORIENTED_EDGE('',*,*,#3090,.F.);
#4252=ORIENTED_EDGE('',*,*,#3092,.F.);
#4253=ORIENTED_EDGE('',*,*,#3093,.T.);
#4254=ORIENTED_EDGE('',*,*,#3088,.F.);
#4255=ORIENTED_EDGE('',*,*,#3093,.F.);
#4256=ORIENTED_EDGE('',*,*,#3091,.F.);
#4257=ORIENTED_EDGE('',*,*,#3089,.F.);
#4258=ORIENTED_EDGE('',*,*,#3094,.T.);
#4259=ORIENTED_EDGE('',*,*,#3095,.T.);
#4260=ORIENTED_EDGE('',*,*,#3096,.T.);
#4261=ORIENTED_EDGE('',*,*,#3097,.T.);
#4262=ORIENTED_EDGE('',*,*,#3098,.T.);
#4263=ORIENTED_EDGE('',*,*,#3099,.T.);
#4264=ORIENTED_EDGE('',*,*,#3100,.T.);
#4265=ORIENTED_EDGE('',*,*,#3101,.T.);
#4266=ORIENTED_EDGE('',*,*,#3102,.T.);
#4267=ORIENTED_EDGE('',*,*,#3103,.T.);
#4268=ORIENTED_EDGE('',*,*,#3104,.T.);
#4269=ORIENTED_EDGE('',*,*,#3105,.T.);
#4270=ORIENTED_EDGE('',*,*,#3106,.F.);
#4271=ORIENTED_EDGE('',*,*,#3107,.T.);
#4272=ORIENTED_EDGE('',*,*,#3105,.F.);
#4273=ORIENTED_EDGE('',*,*,#3108,.F.);
#4274=ORIENTED_EDGE('',*,*,#3109,.F.);
#4275=ORIENTED_EDGE('',*,*,#3108,.T.);
#4276=ORIENTED_EDGE('',*,*,#3104,.F.);
#4277=ORIENTED_EDGE('',*,*,#3110,.F.);
#4278=ORIENTED_EDGE('',*,*,#3111,.F.);
#4279=ORIENTED_EDGE('',*,*,#3110,.T.);
#4280=ORIENTED_EDGE('',*,*,#3103,.F.);
#4281=ORIENTED_EDGE('',*,*,#3112,.F.);
#4282=ORIENTED_EDGE('',*,*,#3113,.F.);
#4283=ORIENTED_EDGE('',*,*,#3112,.T.);
#4284=ORIENTED_EDGE('',*,*,#3102,.F.);
#4285=ORIENTED_EDGE('',*,*,#3114,.F.);
#4286=ORIENTED_EDGE('',*,*,#3115,.F.);
#4287=ORIENTED_EDGE('',*,*,#3114,.T.);
#4288=ORIENTED_EDGE('',*,*,#3101,.F.);
#4289=ORIENTED_EDGE('',*,*,#3116,.F.);
#4290=ORIENTED_EDGE('',*,*,#3117,.F.);
#4291=ORIENTED_EDGE('',*,*,#3116,.T.);
#4292=ORIENTED_EDGE('',*,*,#3100,.F.);
#4293=ORIENTED_EDGE('',*,*,#3118,.F.);
#4294=ORIENTED_EDGE('',*,*,#3119,.F.);
#4295=ORIENTED_EDGE('',*,*,#3118,.T.);
#4296=ORIENTED_EDGE('',*,*,#3099,.F.);
#4297=ORIENTED_EDGE('',*,*,#3120,.F.);
#4298=ORIENTED_EDGE('',*,*,#3121,.F.);
#4299=ORIENTED_EDGE('',*,*,#3120,.T.);
#4300=ORIENTED_EDGE('',*,*,#3098,.F.);
#4301=ORIENTED_EDGE('',*,*,#3122,.F.);
#4302=ORIENTED_EDGE('',*,*,#3123,.F.);
#4303=ORIENTED_EDGE('',*,*,#3122,.T.);
#4304=ORIENTED_EDGE('',*,*,#3097,.F.);
#4305=ORIENTED_EDGE('',*,*,#3124,.F.);
#4306=ORIENTED_EDGE('',*,*,#3125,.F.);
#4307=ORIENTED_EDGE('',*,*,#3124,.T.);
#4308=ORIENTED_EDGE('',*,*,#3096,.F.);
#4309=ORIENTED_EDGE('',*,*,#3126,.F.);
#4310=ORIENTED_EDGE('',*,*,#3127,.F.);
#4311=ORIENTED_EDGE('',*,*,#3126,.T.);
#4312=ORIENTED_EDGE('',*,*,#3095,.F.);
#4313=ORIENTED_EDGE('',*,*,#3128,.F.);
#4314=ORIENTED_EDGE('',*,*,#3129,.F.);
#4315=ORIENTED_EDGE('',*,*,#3128,.T.);
#4316=ORIENTED_EDGE('',*,*,#3094,.F.);
#4317=ORIENTED_EDGE('',*,*,#3107,.F.);
#4318=ORIENTED_EDGE('',*,*,#2463,.F.);
#4319=ORIENTED_EDGE('',*,*,#2804,.T.);
#4320=ORIENTED_EDGE('',*,*,#3130,.T.);
#4321=ORIENTED_EDGE('',*,*,#2690,.T.);
#4322=ORIENTED_EDGE('',*,*,#2502,.F.);
#4323=ORIENTED_EDGE('',*,*,#3131,.T.);
#4324=ORIENTED_EDGE('',*,*,#3132,.T.);
#4325=ORIENTED_EDGE('',*,*,#2802,.T.);
#4326=ORIENTED_EDGE('',*,*,#2534,.F.);
#4327=ORIENTED_EDGE('',*,*,#3133,.T.);
#4328=ORIENTED_EDGE('',*,*,#3134,.T.);
#4329=ORIENTED_EDGE('',*,*,#3135,.T.);
#4330=ORIENTED_EDGE('',*,*,#2592,.T.);
#4331=ORIENTED_EDGE('',*,*,#2845,.T.);
#4332=ORIENTED_EDGE('',*,*,#2847,.T.);
#4333=ORIENTED_EDGE('',*,*,#2840,.F.);
#4334=ORIENTED_EDGE('',*,*,#2606,.T.);
#4335=ORIENTED_EDGE('',*,*,#2602,.T.);
#4336=ORIENTED_EDGE('',*,*,#2608,.T.);
#4337=ORIENTED_EDGE('',*,*,#3082,.T.);
#4338=ORIENTED_EDGE('',*,*,#3086,.T.);
#4339=ORIENTED_EDGE('',*,*,#3083,.F.);
#4340=ORIENTED_EDGE('',*,*,#2630,.T.);
#4341=ORIENTED_EDGE('',*,*,#2626,.T.);
#4342=ORIENTED_EDGE('',*,*,#2632,.T.);
#4343=ORIENTED_EDGE('',*,*,#2535,.F.);
#4344=ORIENTED_EDGE('',*,*,#3135,.F.);
#4345=ORIENTED_EDGE('',*,*,#3136,.F.);
#4346=ORIENTED_EDGE('',*,*,#3131,.F.);
#4347=ORIENTED_EDGE('',*,*,#2501,.F.);
#4348=ORIENTED_EDGE('',*,*,#2594,.T.);
#4349=ORIENTED_EDGE('',*,*,#2600,.T.);
#4350=ORIENTED_EDGE('',*,*,#2597,.T.);
#4351=ORIENTED_EDGE('',*,*,#2826,.T.);
#4352=ORIENTED_EDGE('',*,*,#2829,.T.);
#4353=ORIENTED_EDGE('',*,*,#2827,.F.);
#4354=ORIENTED_EDGE('',*,*,#2618,.T.);
#4355=ORIENTED_EDGE('',*,*,#2624,.T.);
#4356=ORIENTED_EDGE('',*,*,#2621,.T.);
#4357=ORIENTED_EDGE('',*,*,#2831,.T.);
#4358=ORIENTED_EDGE('',*,*,#2834,.T.);
#4359=ORIENTED_EDGE('',*,*,#2832,.F.);
#4360=ORIENTED_EDGE('',*,*,#2610,.T.);
#4361=ORIENTED_EDGE('',*,*,#2616,.T.);
#4362=ORIENTED_EDGE('',*,*,#2613,.T.);
#4363=ORIENTED_EDGE('',*,*,#3032,.T.);
#4364=ORIENTED_EDGE('',*,*,#3076,.T.);
#4365=ORIENTED_EDGE('',*,*,#3137,.F.);
#4366=ORIENTED_EDGE('',*,*,#3137,.T.);
#4367=ORIENTED_EDGE('',*,*,#3075,.T.);
#4368=ORIENTED_EDGE('',*,*,#3010,.F.);
#4369=ORIENTED_EDGE('',*,*,#2590,.T.);
#4370=ORIENTED_EDGE('',*,*,#2586,.T.);
#4371=ORIENTED_EDGE('',*,*,#2566,.F.);
#4372=ORIENTED_EDGE('',*,*,#2692,.T.);
#4373=ORIENTED_EDGE('',*,*,#3138,.T.);
#4374=ORIENTED_EDGE('',*,*,#3139,.T.);
#4375=ORIENTED_EDGE('',*,*,#2707,.T.);
#4376=ORIENTED_EDGE('',*,*,#2836,.T.);
#4377=ORIENTED_EDGE('',*,*,#2839,.T.);
#4378=ORIENTED_EDGE('',*,*,#2837,.F.);
#4379=ORIENTED_EDGE('',*,*,#2720,.T.);
#4380=ORIENTED_EDGE('',*,*,#2726,.T.);
#4381=ORIENTED_EDGE('',*,*,#2723,.T.);
#4382=ORIENTED_EDGE('',*,*,#2823,.T.);
#4383=ORIENTED_EDGE('',*,*,#2824,.T.);
#4384=ORIENTED_EDGE('',*,*,#2820,.F.);
#4385=ORIENTED_EDGE('',*,*,#2744,.T.);
#4386=ORIENTED_EDGE('',*,*,#2750,.T.);
#4387=ORIENTED_EDGE('',*,*,#2747,.T.);
#4388=ORIENTED_EDGE('',*,*,#2567,.F.);
#4389=ORIENTED_EDGE('',*,*,#3139,.F.);
#4390=ORIENTED_EDGE('',*,*,#3140,.F.);
#4391=ORIENTED_EDGE('',*,*,#3133,.F.);
#4392=ORIENTED_EDGE('',*,*,#2533,.F.);
#4393=ORIENTED_EDGE('',*,*,#2716,.T.);
#4394=ORIENTED_EDGE('',*,*,#2712,.T.);
#4395=ORIENTED_EDGE('',*,*,#2718,.T.);
#4396=ORIENTED_EDGE('',*,*,#3085,.T.);
#4397=ORIENTED_EDGE('',*,*,#3087,.T.);
#4398=ORIENTED_EDGE('',*,*,#3080,.F.);
#4399=ORIENTED_EDGE('',*,*,#2740,.T.);
#4400=ORIENTED_EDGE('',*,*,#2736,.T.);
#4401=ORIENTED_EDGE('',*,*,#2742,.T.);
#4402=ORIENTED_EDGE('',*,*,#2842,.T.);
#4403=ORIENTED_EDGE('',*,*,#2846,.T.);
#4404=ORIENTED_EDGE('',*,*,#2843,.F.);
#4405=ORIENTED_EDGE('',*,*,#2732,.T.);
#4406=ORIENTED_EDGE('',*,*,#2728,.T.);
#4407=ORIENTED_EDGE('',*,*,#2734,.T.);
#4408=ORIENTED_EDGE('',*,*,#3012,.T.);
#4409=ORIENTED_EDGE('',*,*,#3074,.T.);
#4410=ORIENTED_EDGE('',*,*,#3141,.F.);
#4411=ORIENTED_EDGE('',*,*,#3141,.T.);
#4412=ORIENTED_EDGE('',*,*,#3077,.T.);
#4413=ORIENTED_EDGE('',*,*,#3064,.F.);
#4414=ORIENTED_EDGE('',*,*,#2704,.T.);
#4415=ORIENTED_EDGE('',*,*,#2710,.T.);
#4416=ORIENTED_EDGE('',*,*,#3142,.T.);
#4417=ORIENTED_EDGE('',*,*,#3143,.T.);
#4418=ORIENTED_EDGE('',*,*,#3144,.T.);
#4419=ORIENTED_EDGE('',*,*,#3145,.T.);
#4420=ORIENTED_EDGE('',*,*,#3143,.F.);
#4421=ORIENTED_EDGE('',*,*,#3146,.F.);
#4422=ORIENTED_EDGE('',*,*,#3147,.F.);
#4423=ORIENTED_EDGE('',*,*,#3148,.F.);
#4424=ORIENTED_EDGE('',*,*,#2754,.T.);
#4425=ORIENTED_EDGE('',*,*,#2757,.T.);
#4426=ORIENTED_EDGE('',*,*,#2759,.T.);
#4427=ORIENTED_EDGE('',*,*,#2461,.F.);
#4428=ORIENTED_EDGE('',*,*,#2762,.T.);
#4429=ORIENTED_EDGE('',*,*,#2765,.T.);
#4430=ORIENTED_EDGE('',*,*,#2767,.T.);
#4431=ORIENTED_EDGE('',*,*,#2470,.F.);
#4432=ORIENTED_EDGE('',*,*,#2770,.T.);
#4433=ORIENTED_EDGE('',*,*,#2773,.T.);
#4434=ORIENTED_EDGE('',*,*,#2775,.T.);
#4435=ORIENTED_EDGE('',*,*,#2477,.F.);
#4436=ORIENTED_EDGE('',*,*,#2806,.T.);
#4437=ORIENTED_EDGE('',*,*,#2808,.T.);
#4438=ORIENTED_EDGE('',*,*,#2809,.T.);
#4439=ORIENTED_EDGE('',*,*,#2484,.F.);
#4440=ORIENTED_EDGE('',*,*,#2811,.T.);
#4441=ORIENTED_EDGE('',*,*,#2813,.T.);
#4442=ORIENTED_EDGE('',*,*,#2814,.T.);
#4443=ORIENTED_EDGE('',*,*,#2491,.F.);
#4444=ORIENTED_EDGE('',*,*,#2816,.T.);
#4445=ORIENTED_EDGE('',*,*,#2818,.T.);
#4446=ORIENTED_EDGE('',*,*,#2819,.T.);
#4447=ORIENTED_EDGE('',*,*,#2498,.F.);
#4448=ORIENTED_EDGE('',*,*,#3142,.F.);
#4449=ORIENTED_EDGE('',*,*,#3149,.T.);
#4450=ORIENTED_EDGE('',*,*,#3150,.F.);
#4451=ORIENTED_EDGE('',*,*,#3151,.T.);
#4452=ORIENTED_EDGE('',*,*,#3152,.F.);
#4453=ORIENTED_EDGE('',*,*,#3153,.T.);
#4454=ORIENTED_EDGE('',*,*,#3154,.F.);
#4455=ORIENTED_EDGE('',*,*,#3146,.T.);
#4456=ORIENTED_EDGE('',*,*,#3140,.T.);
#4457=ORIENTED_EDGE('',*,*,#3138,.F.);
#4458=ORIENTED_EDGE('',*,*,#2691,.T.);
#4459=ORIENTED_EDGE('',*,*,#3130,.F.);
#4460=ORIENTED_EDGE('',*,*,#2803,.T.);
#4461=ORIENTED_EDGE('',*,*,#3132,.F.);
#4462=ORIENTED_EDGE('',*,*,#3136,.T.);
#4463=ORIENTED_EDGE('',*,*,#3134,.F.);
#4464=ORIENTED_EDGE('',*,*,#3154,.T.);
#4465=ORIENTED_EDGE('',*,*,#3155,.T.);
#4466=ORIENTED_EDGE('',*,*,#3156,.T.);
#4467=ORIENTED_EDGE('',*,*,#3147,.T.);
#4468=ORIENTED_EDGE('',*,*,#3155,.F.);
#4469=ORIENTED_EDGE('',*,*,#3153,.F.);
#4470=ORIENTED_EDGE('',*,*,#3157,.F.);
#4471=ORIENTED_EDGE('',*,*,#3158,.F.);
#4472=ORIENTED_EDGE('',*,*,#2599,.T.);
#4473=ORIENTED_EDGE('',*,*,#2601,.T.);
#4474=ORIENTED_EDGE('',*,*,#2595,.T.);
#4475=ORIENTED_EDGE('',*,*,#2506,.F.);
#4476=ORIENTED_EDGE('',*,*,#2623,.T.);
#4477=ORIENTED_EDGE('',*,*,#2625,.T.);
#4478=ORIENTED_EDGE('',*,*,#2619,.T.);
#4479=ORIENTED_EDGE('',*,*,#2509,.F.);
#4480=ORIENTED_EDGE('',*,*,#2615,.T.);
#4481=ORIENTED_EDGE('',*,*,#2617,.T.);
#4482=ORIENTED_EDGE('',*,*,#2611,.T.);
#4483=ORIENTED_EDGE('',*,*,#2512,.F.);
#4484=ORIENTED_EDGE('',*,*,#2593,.T.);
#4485=ORIENTED_EDGE('',*,*,#2588,.T.);
#4486=ORIENTED_EDGE('',*,*,#2591,.T.);
#4487=ORIENTED_EDGE('',*,*,#2516,.F.);
#4488=ORIENTED_EDGE('',*,*,#2609,.T.);
#4489=ORIENTED_EDGE('',*,*,#2604,.T.);
#4490=ORIENTED_EDGE('',*,*,#2607,.T.);
#4491=ORIENTED_EDGE('',*,*,#2523,.F.);
#4492=ORIENTED_EDGE('',*,*,#2633,.T.);
#4493=ORIENTED_EDGE('',*,*,#2628,.T.);
#4494=ORIENTED_EDGE('',*,*,#2631,.T.);
#4495=ORIENTED_EDGE('',*,*,#2530,.F.);
#4496=ORIENTED_EDGE('',*,*,#3152,.T.);
#4497=ORIENTED_EDGE('',*,*,#3159,.T.);
#4498=ORIENTED_EDGE('',*,*,#3160,.T.);
#4499=ORIENTED_EDGE('',*,*,#3157,.T.);
#4500=ORIENTED_EDGE('',*,*,#3159,.F.);
#4501=ORIENTED_EDGE('',*,*,#3151,.F.);
#4502=ORIENTED_EDGE('',*,*,#3161,.F.);
#4503=ORIENTED_EDGE('',*,*,#3162,.F.);
#4504=ORIENTED_EDGE('',*,*,#2719,.T.);
#4505=ORIENTED_EDGE('',*,*,#2714,.T.);
#4506=ORIENTED_EDGE('',*,*,#2717,.T.);
#4507=ORIENTED_EDGE('',*,*,#2538,.F.);
#4508=ORIENTED_EDGE('',*,*,#2743,.T.);
#4509=ORIENTED_EDGE('',*,*,#2738,.T.);
#4510=ORIENTED_EDGE('',*,*,#2741,.T.);
#4511=ORIENTED_EDGE('',*,*,#2541,.F.);
#4512=ORIENTED_EDGE('',*,*,#2735,.T.);
#4513=ORIENTED_EDGE('',*,*,#2730,.T.);
#4514=ORIENTED_EDGE('',*,*,#2733,.T.);
#4515=ORIENTED_EDGE('',*,*,#2544,.F.);
#4516=ORIENTED_EDGE('',*,*,#2709,.T.);
#4517=ORIENTED_EDGE('',*,*,#2711,.T.);
#4518=ORIENTED_EDGE('',*,*,#2705,.T.);
#4519=ORIENTED_EDGE('',*,*,#2548,.F.);
#4520=ORIENTED_EDGE('',*,*,#2725,.T.);
#4521=ORIENTED_EDGE('',*,*,#2727,.T.);
#4522=ORIENTED_EDGE('',*,*,#2721,.T.);
#4523=ORIENTED_EDGE('',*,*,#2555,.F.);
#4524=ORIENTED_EDGE('',*,*,#2749,.T.);
#4525=ORIENTED_EDGE('',*,*,#2751,.T.);
#4526=ORIENTED_EDGE('',*,*,#2745,.T.);
#4527=ORIENTED_EDGE('',*,*,#2562,.F.);
#4528=ORIENTED_EDGE('',*,*,#3150,.T.);
#4529=ORIENTED_EDGE('',*,*,#3163,.T.);
#4530=ORIENTED_EDGE('',*,*,#3164,.T.);
#4531=ORIENTED_EDGE('',*,*,#3161,.T.);
#4532=ORIENTED_EDGE('',*,*,#3145,.F.);
#4533=ORIENTED_EDGE('',*,*,#3165,.F.);
#4534=ORIENTED_EDGE('',*,*,#3163,.F.);
#4535=ORIENTED_EDGE('',*,*,#3149,.F.);
#4536=ORIENTED_EDGE('',*,*,#2644,.T.);
#4537=ORIENTED_EDGE('',*,*,#2647,.T.);
#4538=ORIENTED_EDGE('',*,*,#2649,.T.);
#4539=ORIENTED_EDGE('',*,*,#2570,.F.);
#4540=ORIENTED_EDGE('',*,*,#2669,.T.);
#4541=ORIENTED_EDGE('',*,*,#2672,.T.);
#4542=ORIENTED_EDGE('',*,*,#2674,.T.);
#4543=ORIENTED_EDGE('',*,*,#2573,.F.);
#4544=ORIENTED_EDGE('',*,*,#2661,.T.);
#4545=ORIENTED_EDGE('',*,*,#2664,.T.);
#4546=ORIENTED_EDGE('',*,*,#2666,.T.);
#4547=ORIENTED_EDGE('',*,*,#2576,.F.);
#4548=ORIENTED_EDGE('',*,*,#2636,.T.);
#4549=ORIENTED_EDGE('',*,*,#2639,.T.);
#4550=ORIENTED_EDGE('',*,*,#2641,.T.);
#4551=ORIENTED_EDGE('',*,*,#2579,.F.);
#4552=ORIENTED_EDGE('',*,*,#2653,.T.);
#4553=ORIENTED_EDGE('',*,*,#2652,.T.);
#4554=ORIENTED_EDGE('',*,*,#2656,.T.);
#4555=ORIENTED_EDGE('',*,*,#2658,.T.);
#4556=ORIENTED_EDGE('',*,*,#2582,.F.);
#4557=ORIENTED_EDGE('',*,*,#2678,.T.);
#4558=ORIENTED_EDGE('',*,*,#2677,.T.);
#4559=ORIENTED_EDGE('',*,*,#2681,.T.);
#4560=ORIENTED_EDGE('',*,*,#2683,.T.);
#4561=ORIENTED_EDGE('',*,*,#2585,.F.);
#4562=ORIENTED_EDGE('',*,*,#3106,.T.);
#4563=ORIENTED_EDGE('',*,*,#3109,.T.);
#4564=ORIENTED_EDGE('',*,*,#3111,.T.);
#4565=ORIENTED_EDGE('',*,*,#3113,.T.);
#4566=ORIENTED_EDGE('',*,*,#3115,.T.);
#4567=ORIENTED_EDGE('',*,*,#3117,.T.);
#4568=ORIENTED_EDGE('',*,*,#3119,.T.);
#4569=ORIENTED_EDGE('',*,*,#3121,.T.);
#4570=ORIENTED_EDGE('',*,*,#3123,.T.);
#4571=ORIENTED_EDGE('',*,*,#3125,.T.);
#4572=ORIENTED_EDGE('',*,*,#3127,.T.);
#4573=ORIENTED_EDGE('',*,*,#3129,.T.);
#4574=ORIENTED_EDGE('',*,*,#3144,.F.);
#4575=ORIENTED_EDGE('',*,*,#3148,.T.);
#4576=ORIENTED_EDGE('',*,*,#3156,.F.);
#4577=ORIENTED_EDGE('',*,*,#3158,.T.);
#4578=ORIENTED_EDGE('',*,*,#3160,.F.);
#4579=ORIENTED_EDGE('',*,*,#3162,.T.);
#4580=ORIENTED_EDGE('',*,*,#3164,.F.);
#4581=ORIENTED_EDGE('',*,*,#3165,.T.);
#4582=PLANE('',#5106);
#4583=PLANE('',#5107);
#4584=PLANE('',#5109);
#4585=PLANE('',#5110);
#4586=PLANE('',#5111);
#4587=PLANE('',#5112);
#4588=PLANE('',#5113);
#4589=PLANE('',#5114);
#4590=PLANE('',#5115);
#4591=PLANE('',#5116);
#4592=PLANE('',#5117);
#4593=PLANE('',#5118);
#4594=PLANE('',#5120);
#4595=PLANE('',#5121);
#4596=PLANE('',#5122);
#4597=PLANE('',#5123);
#4598=PLANE('',#5124);
#4599=PLANE('',#5125);
#4600=PLANE('',#5126);
#4601=PLANE('',#5127);
#4602=PLANE('',#5128);
#4603=PLANE('',#5130);
#4604=PLANE('',#5131);
#4605=PLANE('',#5132);
#4606=PLANE('',#5133);
#4607=PLANE('',#5134);
#4608=PLANE('',#5135);
#4609=PLANE('',#5136);
#4610=PLANE('',#5137);
#4611=PLANE('',#5138);
#4612=PLANE('',#5140);
#4613=PLANE('',#5141);
#4614=PLANE('',#5142);
#4615=PLANE('',#5143);
#4616=PLANE('',#5144);
#4617=PLANE('',#5145);
#4618=PLANE('',#5146);
#4619=PLANE('',#5147);
#4620=PLANE('',#5148);
#4621=PLANE('',#5149);
#4622=PLANE('',#5150);
#4623=PLANE('',#5151);
#4624=PLANE('',#5152);
#4625=PLANE('',#5153);
#4626=PLANE('',#5154);
#4627=PLANE('',#5155);
#4628=PLANE('',#5156);
#4629=PLANE('',#5157);
#4630=PLANE('',#5158);
#4631=PLANE('',#5159);
#4632=PLANE('',#5160);
#4633=PLANE('',#5161);
#4634=PLANE('',#5162);
#4635=PLANE('',#5163);
#4636=PLANE('',#5164);
#4637=PLANE('',#5165);
#4638=PLANE('',#5166);
#4639=PLANE('',#5167);
#4640=PLANE('',#5168);
#4641=PLANE('',#5169);
#4642=PLANE('',#5170);
#4643=PLANE('',#5171);
#4644=PLANE('',#5172);
#4645=PLANE('',#5173);
#4646=PLANE('',#5174);
#4647=PLANE('',#5175);
#4648=PLANE('',#5176);
#4649=PLANE('',#5177);
#4650=PLANE('',#5178);
#4651=PLANE('',#5179);
#4652=PLANE('',#5180);
#4653=PLANE('',#5181);
#4654=PLANE('',#5182);
#4655=PLANE('',#5183);
#4656=PLANE('',#5184);
#4657=PLANE('',#5185);
#4658=PLANE('',#5186);
#4659=PLANE('',#5187);
#4660=PLANE('',#5188);
#4661=PLANE('',#5189);
#4662=PLANE('',#5190);
#4663=PLANE('',#5191);
#4664=PLANE('',#5192);
#4665=PLANE('',#5193);
#4666=PLANE('',#5194);
#4667=PLANE('',#5195);
#4668=PLANE('',#5196);
#4669=PLANE('',#5197);
#4670=PLANE('',#5198);
#4671=PLANE('',#5199);
#4672=PLANE('',#5200);
#4673=PLANE('',#5201);
#4674=PLANE('',#5202);
#4675=PLANE('',#5203);
#4676=PLANE('',#5204);
#4677=PLANE('',#5205);
#4678=PLANE('',#5206);
#4679=PLANE('',#5207);
#4680=PLANE('',#5208);
#4681=PLANE('',#5209);
#4682=PLANE('',#5210);
#4683=PLANE('',#5211);
#4684=PLANE('',#5212);
#4685=PLANE('',#5213);
#4686=PLANE('',#5214);
#4687=PLANE('',#5215);
#4688=PLANE('',#5216);
#4689=PLANE('',#5217);
#4690=PLANE('',#5218);
#4691=PLANE('',#5219);
#4692=PLANE('',#5220);
#4693=PLANE('',#5221);
#4694=PLANE('',#5222);
#4695=PLANE('',#5223);
#4696=PLANE('',#5224);
#4697=PLANE('',#5225);
#4698=PLANE('',#5226);
#4699=PLANE('',#5227);
#4700=PLANE('',#5228);
#4701=PLANE('',#5229);
#4702=PLANE('',#5230);
#4703=PLANE('',#5231);
#4704=PLANE('',#5232);
#4705=PLANE('',#5233);
#4706=PLANE('',#5234);
#4707=PLANE('',#5235);
#4708=PLANE('',#5236);
#4709=PLANE('',#5237);
#4710=PLANE('',#5238);
#4711=PLANE('',#5239);
#4712=PLANE('',#5240);
#4713=PLANE('',#5241);
#4714=PLANE('',#5242);
#4715=PLANE('',#5243);
#4716=PLANE('',#5244);
#4717=PLANE('',#5245);
#4718=PLANE('',#5246);
#4719=PLANE('',#5247);
#4720=PLANE('',#5248);
#4721=PLANE('',#5249);
#4722=PLANE('',#5250);
#4723=PLANE('',#5251);
#4724=PLANE('',#5252);
#4725=PLANE('',#5253);
#4726=PLANE('',#5254);
#4727=PLANE('',#5255);
#4728=PLANE('',#5256);
#4729=PLANE('',#5257);
#4730=PLANE('',#5258);
#4731=PLANE('',#5259);
#4732=PLANE('',#5260);
#4733=PLANE('',#5261);
#4734=PLANE('',#5262);
#4735=PLANE('',#5263);
#4736=PLANE('',#5264);
#4737=PLANE('',#5265);
#4738=PLANE('',#5266);
#4739=PLANE('',#5267);
#4740=PLANE('',#5268);
#4741=PLANE('',#5269);
#4742=PLANE('',#5270);
#4743=PLANE('',#5271);
#4744=PLANE('',#5272);
#4745=PLANE('',#5273);
#4746=PLANE('',#5274);
#4747=PLANE('',#5275);
#4748=PLANE('',#5276);
#4749=PLANE('',#5277);
#4750=PLANE('',#5278);
#4751=PLANE('',#5279);
#4752=PLANE('',#5280);
#4753=PLANE('',#5281);
#4754=PLANE('',#5282);
#4755=PLANE('',#5283);
#4756=PLANE('',#5284);
#4757=PLANE('',#5285);
#4758=PLANE('',#5286);
#4759=PLANE('',#5287);
#4760=PLANE('',#5288);
#4761=PLANE('',#5289);
#4762=PLANE('',#5290);
#4763=PLANE('',#5291);
#4764=PLANE('',#5292);
#4765=PLANE('',#5293);
#4766=PLANE('',#5294);
#4767=PLANE('',#5295);
#4768=PLANE('',#5296);
#4769=PLANE('',#5297);
#4770=PLANE('',#5298);
#4771=PLANE('',#5299);
#4772=PLANE('',#5300);
#4773=PLANE('',#5301);
#4774=PLANE('',#5302);
#4775=PLANE('',#5303);
#4776=PLANE('',#5304);
#4777=PLANE('',#5305);
#4778=PLANE('',#5306);
#4779=PLANE('',#5307);
#4780=PLANE('',#5308);
#4781=PLANE('',#5309);
#4782=PLANE('',#5310);
#4783=PLANE('',#5311);
#4784=PLANE('',#5312);
#4785=PLANE('',#5313);
#4786=PLANE('',#5314);
#4787=PLANE('',#5315);
#4788=PLANE('',#5316);
#4789=PLANE('',#5317);
#4790=PLANE('',#5318);
#4791=PLANE('',#5319);
#4792=PLANE('',#5320);
#4793=PLANE('',#5321);
#4794=PLANE('',#5323);
#4795=PLANE('',#5324);
#4796=PLANE('',#5325);
#4797=PLANE('',#5326);
#4798=PLANE('',#5327);
#4799=PLANE('',#5328);
#4800=PLANE('',#5329);
#4801=PLANE('',#5330);
#4802=PLANE('',#5331);
#4803=PLANE('',#5332);
#4804=PLANE('',#5333);
#4805=PLANE('',#5334);
#4806=PLANE('',#5335);
#4807=PLANE('',#5336);
#4808=PLANE('',#5337);
#4809=PLANE('',#5338);
#4810=PLANE('',#5345);
#4811=PLANE('',#5346);
#4812=PLANE('',#5347);
#4813=PLANE('',#5348);
#4814=PLANE('',#5349);
#4815=PLANE('',#5350);
#4816=PLANE('',#5351);
#4817=PLANE('',#5352);
#4818=PLANE('',#5353);
#4819=PLANE('',#5354);
#4820=PLANE('',#5355);
#4821=PLANE('',#5356);
#4822=PLANE('',#5357);
#4823=PLANE('',#5364);
#4824=PLANE('',#5367);
#4825=PLANE('',#5371);
#4826=PLANE('',#5372);
#4827=PLANE('',#5378);
#4828=PLANE('',#5381);
#4829=PLANE('',#5384);
#4830=PLANE('',#5385);
#4831=PLANE('',#5386);
#4832=ADVANCED_FACE('',(#86),#4582,.T.);
#4833=ADVANCED_FACE('',(#87),#4583,.T.);
#4834=ADVANCED_FACE('',(#88),#4584,.T.);
#4835=ADVANCED_FACE('',(#89),#4585,.T.);
#4836=ADVANCED_FACE('',(#90),#4586,.T.);
#4837=ADVANCED_FACE('',(#91),#4587,.T.);
#4838=ADVANCED_FACE('',(#92),#4588,.T.);
#4839=ADVANCED_FACE('',(#93),#4589,.T.);
#4840=ADVANCED_FACE('',(#94),#4590,.T.);
#4841=ADVANCED_FACE('',(#95),#4591,.T.);
#4842=ADVANCED_FACE('',(#96),#4592,.T.);
#4843=ADVANCED_FACE('',(#97),#4593,.T.);
#4844=ADVANCED_FACE('',(#98),#4594,.T.);
#4845=ADVANCED_FACE('',(#99),#4595,.T.);
#4846=ADVANCED_FACE('',(#100),#4596,.T.);
#4847=ADVANCED_FACE('',(#101),#4597,.T.);
#4848=ADVANCED_FACE('',(#102),#4598,.T.);
#4849=ADVANCED_FACE('',(#103),#4599,.T.);
#4850=ADVANCED_FACE('',(#104),#4600,.T.);
#4851=ADVANCED_FACE('',(#105),#4601,.T.);
#4852=ADVANCED_FACE('',(#106),#4602,.T.);
#4853=ADVANCED_FACE('',(#107),#4603,.T.);
#4854=ADVANCED_FACE('',(#108),#4604,.T.);
#4855=ADVANCED_FACE('',(#109),#4605,.T.);
#4856=ADVANCED_FACE('',(#110),#4606,.T.);
#4857=ADVANCED_FACE('',(#111),#4607,.T.);
#4858=ADVANCED_FACE('',(#112),#4608,.T.);
#4859=ADVANCED_FACE('',(#113),#4609,.T.);
#4860=ADVANCED_FACE('',(#114),#4610,.T.);
#4861=ADVANCED_FACE('',(#115),#4611,.T.);
#4862=ADVANCED_FACE('',(#116),#4612,.T.);
#4863=ADVANCED_FACE('',(#117),#4613,.T.);
#4864=ADVANCED_FACE('',(#118),#4614,.T.);
#4865=ADVANCED_FACE('',(#119),#4615,.T.);
#4866=ADVANCED_FACE('',(#120),#4616,.T.);
#4867=ADVANCED_FACE('',(#121),#4617,.T.);
#4868=ADVANCED_FACE('',(#122),#4618,.F.);
#4869=ADVANCED_FACE('',(#123),#4619,.F.);
#4870=ADVANCED_FACE('',(#124),#4620,.F.);
#4871=ADVANCED_FACE('',(#125),#4621,.F.);
#4872=ADVANCED_FACE('',(#126),#4622,.F.);
#4873=ADVANCED_FACE('',(#127),#4623,.F.);
#4874=ADVANCED_FACE('',(#128),#4624,.F.);
#4875=ADVANCED_FACE('',(#129),#4625,.F.);
#4876=ADVANCED_FACE('',(#130),#4626,.F.);
#4877=ADVANCED_FACE('',(#131),#4627,.F.);
#4878=ADVANCED_FACE('',(#132),#4628,.F.);
#4879=ADVANCED_FACE('',(#133),#4629,.F.);
#4880=ADVANCED_FACE('',(#134),#4630,.F.);
#4881=ADVANCED_FACE('',(#135),#4631,.F.);
#4882=ADVANCED_FACE('',(#136),#4632,.F.);
#4883=ADVANCED_FACE('',(#137),#4633,.F.);
#4884=ADVANCED_FACE('',(#138),#4634,.F.);
#4885=ADVANCED_FACE('',(#139),#4635,.F.);
#4886=ADVANCED_FACE('',(#140),#4636,.F.);
#4887=ADVANCED_FACE('',(#141),#4637,.F.);
#4888=ADVANCED_FACE('',(#142),#4638,.F.);
#4889=ADVANCED_FACE('',(#143),#4639,.F.);
#4890=ADVANCED_FACE('',(#144),#4640,.F.);
#4891=ADVANCED_FACE('',(#145),#4641,.F.);
#4892=ADVANCED_FACE('',(#146),#4642,.F.);
#4893=ADVANCED_FACE('',(#147),#4643,.F.);
#4894=ADVANCED_FACE('',(#148),#4644,.F.);
#4895=ADVANCED_FACE('',(#149),#4645,.F.);
#4896=ADVANCED_FACE('',(#150),#4646,.F.);
#4897=ADVANCED_FACE('',(#151),#4647,.F.);
#4898=ADVANCED_FACE('',(#152),#4648,.F.);
#4899=ADVANCED_FACE('',(#153),#4649,.F.);
#4900=ADVANCED_FACE('',(#154),#4650,.F.);
#4901=ADVANCED_FACE('',(#155),#4651,.F.);
#4902=ADVANCED_FACE('',(#156),#4652,.F.);
#4903=ADVANCED_FACE('',(#157),#4653,.F.);
#4904=ADVANCED_FACE('',(#158),#4654,.T.);
#4905=ADVANCED_FACE('',(#159),#4655,.F.);
#4906=ADVANCED_FACE('',(#160),#4656,.F.);
#4907=ADVANCED_FACE('',(#161),#4657,.F.);
#4908=ADVANCED_FACE('',(#162),#4658,.F.);
#4909=ADVANCED_FACE('',(#163),#4659,.F.);
#4910=ADVANCED_FACE('',(#164),#4660,.F.);
#4911=ADVANCED_FACE('',(#165),#4661,.F.);
#4912=ADVANCED_FACE('',(#166),#4662,.F.);
#4913=ADVANCED_FACE('',(#167),#4663,.F.);
#4914=ADVANCED_FACE('',(#168),#4664,.F.);
#4915=ADVANCED_FACE('',(#169),#4665,.F.);
#4916=ADVANCED_FACE('',(#170),#4666,.F.);
#4917=ADVANCED_FACE('',(#171),#4667,.F.);
#4918=ADVANCED_FACE('',(#172),#4668,.F.);
#4919=ADVANCED_FACE('',(#173),#4669,.F.);
#4920=ADVANCED_FACE('',(#174),#4670,.F.);
#4921=ADVANCED_FACE('',(#175),#4671,.F.);
#4922=ADVANCED_FACE('',(#176),#4672,.F.);
#4923=ADVANCED_FACE('',(#177),#4673,.F.);
#4924=ADVANCED_FACE('',(#178),#4674,.F.);
#4925=ADVANCED_FACE('',(#179),#4675,.F.);
#4926=ADVANCED_FACE('',(#180),#4676,.F.);
#4927=ADVANCED_FACE('',(#181),#4677,.F.);
#4928=ADVANCED_FACE('',(#182),#4678,.F.);
#4929=ADVANCED_FACE('',(#183),#4679,.F.);
#4930=ADVANCED_FACE('',(#184),#4680,.F.);
#4931=ADVANCED_FACE('',(#185),#4681,.F.);
#4932=ADVANCED_FACE('',(#186),#4682,.T.);
#4933=ADVANCED_FACE('',(#187),#4683,.F.);
#4934=ADVANCED_FACE('',(#188),#4684,.F.);
#4935=ADVANCED_FACE('',(#189),#4685,.F.);
#4936=ADVANCED_FACE('',(#190),#4686,.F.);
#4937=ADVANCED_FACE('',(#191),#4687,.F.);
#4938=ADVANCED_FACE('',(#192),#4688,.F.);
#4939=ADVANCED_FACE('',(#193),#4689,.F.);
#4940=ADVANCED_FACE('',(#194),#4690,.F.);
#4941=ADVANCED_FACE('',(#195),#4691,.F.);
#4942=ADVANCED_FACE('',(#196),#4692,.F.);
#4943=ADVANCED_FACE('',(#197),#4693,.F.);
#4944=ADVANCED_FACE('',(#198),#4694,.F.);
#4945=ADVANCED_FACE('',(#199),#4695,.F.);
#4946=ADVANCED_FACE('',(#200),#4696,.F.);
#4947=ADVANCED_FACE('',(#201),#4697,.F.);
#4948=ADVANCED_FACE('',(#202),#4698,.F.);
#4949=ADVANCED_FACE('',(#203),#4699,.F.);
#4950=ADVANCED_FACE('',(#204),#4700,.F.);
#4951=ADVANCED_FACE('',(#205),#4701,.F.);
#4952=ADVANCED_FACE('',(#206),#4702,.F.);
#4953=ADVANCED_FACE('',(#207),#4703,.F.);
#4954=ADVANCED_FACE('',(#208),#4704,.F.);
#4955=ADVANCED_FACE('',(#209),#4705,.F.);
#4956=ADVANCED_FACE('',(#210),#4706,.F.);
#4957=ADVANCED_FACE('',(#211),#4707,.F.);
#4958=ADVANCED_FACE('',(#212),#4708,.F.);
#4959=ADVANCED_FACE('',(#213),#4709,.F.);
#4960=ADVANCED_FACE('',(#214),#4710,.F.);
#4961=ADVANCED_FACE('',(#215),#4711,.F.);
#4962=ADVANCED_FACE('',(#216),#4712,.F.);
#4963=ADVANCED_FACE('',(#217),#4713,.F.);
#4964=ADVANCED_FACE('',(#218),#4714,.F.);
#4965=ADVANCED_FACE('',(#219),#4715,.F.);
#4966=ADVANCED_FACE('',(#220),#4716,.F.);
#4967=ADVANCED_FACE('',(#221),#4717,.F.);
#4968=ADVANCED_FACE('',(#222),#4718,.F.);
#4969=ADVANCED_FACE('',(#223),#4719,.F.);
#4970=ADVANCED_FACE('',(#224),#4720,.F.);
#4971=ADVANCED_FACE('',(#225),#4721,.F.);
#4972=ADVANCED_FACE('',(#226),#4722,.F.);
#4973=ADVANCED_FACE('',(#227),#4723,.F.);
#4974=ADVANCED_FACE('',(#228),#4724,.F.);
#4975=ADVANCED_FACE('',(#229),#4725,.F.);
#4976=ADVANCED_FACE('',(#230),#4726,.F.);
#4977=ADVANCED_FACE('',(#231),#4727,.F.);
#4978=ADVANCED_FACE('',(#232),#4728,.F.);
#4979=ADVANCED_FACE('',(#233),#4729,.F.);
#4980=ADVANCED_FACE('',(#234),#4730,.F.);
#4981=ADVANCED_FACE('',(#235),#4731,.F.);
#4982=ADVANCED_FACE('',(#236),#4732,.F.);
#4983=ADVANCED_FACE('',(#237),#4733,.F.);
#4984=ADVANCED_FACE('',(#238),#4734,.F.);
#4985=ADVANCED_FACE('',(#239),#4735,.F.);
#4986=ADVANCED_FACE('',(#240),#4736,.F.);
#4987=ADVANCED_FACE('',(#241),#4737,.F.);
#4988=ADVANCED_FACE('',(#242),#4738,.F.);
#4989=ADVANCED_FACE('',(#243),#4739,.F.);
#4990=ADVANCED_FACE('',(#244),#4740,.F.);
#4991=ADVANCED_FACE('',(#245),#4741,.F.);
#4992=ADVANCED_FACE('',(#246),#4742,.F.);
#4993=ADVANCED_FACE('',(#247),#4743,.F.);
#4994=ADVANCED_FACE('',(#248),#4744,.F.);
#4995=ADVANCED_FACE('',(#249),#4745,.F.);
#4996=ADVANCED_FACE('',(#250),#4746,.F.);
#4997=ADVANCED_FACE('',(#251),#4747,.F.);
#4998=ADVANCED_FACE('',(#252),#4748,.F.);
#4999=ADVANCED_FACE('',(#253),#4749,.F.);
#5000=ADVANCED_FACE('',(#254),#4750,.F.);
#5001=ADVANCED_FACE('',(#255),#4751,.F.);
#5002=ADVANCED_FACE('',(#256),#4752,.F.);
#5003=ADVANCED_FACE('',(#257),#4753,.F.);
#5004=ADVANCED_FACE('',(#258),#4754,.F.);
#5005=ADVANCED_FACE('',(#259),#4755,.F.);
#5006=ADVANCED_FACE('',(#260),#4756,.F.);
#5007=ADVANCED_FACE('',(#261),#4757,.F.);
#5008=ADVANCED_FACE('',(#262),#4758,.F.);
#5009=ADVANCED_FACE('',(#263),#4759,.F.);
#5010=ADVANCED_FACE('',(#264),#4760,.F.);
#5011=ADVANCED_FACE('',(#265),#4761,.F.);
#5012=ADVANCED_FACE('',(#266),#4762,.F.);
#5013=ADVANCED_FACE('',(#267),#4763,.F.);
#5014=ADVANCED_FACE('',(#268),#4764,.F.);
#5015=ADVANCED_FACE('',(#269),#4765,.F.);
#5016=ADVANCED_FACE('',(#270),#4766,.F.);
#5017=ADVANCED_FACE('',(#271),#4767,.F.);
#5018=ADVANCED_FACE('',(#272),#4768,.F.);
#5019=ADVANCED_FACE('',(#273),#4769,.F.);
#5020=ADVANCED_FACE('',(#274),#4770,.F.);
#5021=ADVANCED_FACE('',(#275),#4771,.F.);
#5022=ADVANCED_FACE('',(#276),#4772,.F.);
#5023=ADVANCED_FACE('',(#277),#4773,.F.);
#5024=ADVANCED_FACE('',(#278),#4774,.F.);
#5025=ADVANCED_FACE('',(#279),#4775,.F.);
#5026=ADVANCED_FACE('',(#280),#4776,.F.);
#5027=ADVANCED_FACE('',(#281),#4777,.F.);
#5028=ADVANCED_FACE('',(#282),#4778,.F.);
#5029=ADVANCED_FACE('',(#283),#4779,.F.);
#5030=ADVANCED_FACE('',(#284),#4780,.F.);
#5031=ADVANCED_FACE('',(#285),#4781,.F.);
#5032=ADVANCED_FACE('',(#286),#4782,.F.);
#5033=ADVANCED_FACE('',(#287),#4783,.F.);
#5034=ADVANCED_FACE('',(#288),#4784,.F.);
#5035=ADVANCED_FACE('',(#289),#4785,.F.);
#5036=ADVANCED_FACE('',(#290,#25,#26,#27,#28,#29,#30,#31,#32,#33,#34,#35,
#36,#37),#4786,.F.);
#5037=ADVANCED_FACE('',(#291),#4787,.F.);
#5038=ADVANCED_FACE('',(#292),#4788,.F.);
#5039=ADVANCED_FACE('',(#293),#4789,.F.);
#5040=ADVANCED_FACE('',(#294),#4790,.F.);
#5041=ADVANCED_FACE('',(#295),#4791,.F.);
#5042=ADVANCED_FACE('',(#296),#4792,.F.);
#5043=ADVANCED_FACE('',(#297,#38),#4793,.T.);
#5044=ADVANCED_FACE('',(#298),#4794,.T.);
#5045=ADVANCED_FACE('',(#299),#4795,.T.);
#5046=ADVANCED_FACE('',(#300),#4796,.T.);
#5047=ADVANCED_FACE('',(#301),#4797,.T.);
#5048=ADVANCED_FACE('',(#302),#4798,.T.);
#5049=ADVANCED_FACE('',(#303),#4799,.T.);
#5050=ADVANCED_FACE('',(#304),#4800,.T.);
#5051=ADVANCED_FACE('',(#305),#4801,.T.);
#5052=ADVANCED_FACE('',(#306),#4802,.T.);
#5053=ADVANCED_FACE('',(#307),#4803,.T.);
#5054=ADVANCED_FACE('',(#308),#4804,.T.);
#5055=ADVANCED_FACE('',(#309),#4805,.T.);
#5056=ADVANCED_FACE('',(#310),#4806,.T.);
#5057=ADVANCED_FACE('',(#311),#4807,.T.);
#5058=ADVANCED_FACE('',(#312),#4808,.T.);
#5059=ADVANCED_FACE('',(#313),#4809,.T.);
#5060=ADVANCED_FACE('',(#314),#24,.T.);
#5061=ADVANCED_FACE('',(#315),#15,.T.);
#5062=ADVANCED_FACE('',(#316,#39),#4810,.T.);
#5063=ADVANCED_FACE('',(#317),#4811,.T.);
#5064=ADVANCED_FACE('',(#318),#4812,.T.);
#5065=ADVANCED_FACE('',(#319),#4813,.T.);
#5066=ADVANCED_FACE('',(#320),#4814,.T.);
#5067=ADVANCED_FACE('',(#321),#4815,.T.);
#5068=ADVANCED_FACE('',(#322),#4816,.T.);
#5069=ADVANCED_FACE('',(#323),#4817,.T.);
#5070=ADVANCED_FACE('',(#324),#4818,.T.);
#5071=ADVANCED_FACE('',(#325),#4819,.T.);
#5072=ADVANCED_FACE('',(#326),#4820,.T.);
#5073=ADVANCED_FACE('',(#327),#4821,.T.);
#5074=ADVANCED_FACE('',(#328),#4822,.T.);
#5075=ADVANCED_FACE('',(#329),#16,.F.);
#5076=ADVANCED_FACE('',(#330),#17,.F.);
#5077=ADVANCED_FACE('',(#331),#18,.F.);
#5078=ADVANCED_FACE('',(#332),#4823,.T.);
#5079=ADVANCED_FACE('',(#333),#19,.F.);
#5080=ADVANCED_FACE('',(#334),#4824,.T.);
#5081=ADVANCED_FACE('',(#335),#20,.T.);
#5082=ADVANCED_FACE('',(#336,#40,#41,#42,#43,#44,#45),#4825,.T.);
#5083=ADVANCED_FACE('',(#337,#46),#4826,.T.);
#5084=ADVANCED_FACE('',(#338),#21,.T.);
#5085=ADVANCED_FACE('',(#339,#47,#48,#49,#50,#51,#52),#4827,.T.);
#5086=ADVANCED_FACE('',(#340),#22,.T.);
#5087=ADVANCED_FACE('',(#341,#53,#54,#55,#56,#57,#58),#4828,.T.);
#5088=ADVANCED_FACE('',(#342),#23,.T.);
#5089=ADVANCED_FACE('',(#343,#59,#60,#61,#62,#63,#64),#4829,.T.);
#5090=ADVANCED_FACE('',(#344),#4830,.T.);
#5091=ADVANCED_FACE('',(#345),#4831,.F.);
#5092=CLOSED_SHELL('',(#4832,#4833,#4834,#4835,#4836,#4837,#4838,#4839,
#4840,#4841,#4842,#4843,#4844,#4845,#4846,#4847,#4848,#4849,#4850,#4851,
#4852,#4853,#4854,#4855,#4856,#4857,#4858,#4859,#4860,#4861,#4862,#4863,
#4864,#4865,#4866,#4867,#4868,#4869,#4870,#4871,#4872,#4873,#4874,#4875,
#4876,#4877,#4878,#4879,#4880,#4881,#4882,#4883,#4884,#4885,#4886,#4887,
#4888,#4889,#4890,#4891,#4892,#4893,#4894,#4895,#4896,#4897,#4898,#4899,
#4900,#4901,#4902,#4903,#4904,#4905,#4906,#4907,#4908,#4909,#4910,#4911,
#4912,#4913,#4914,#4915,#4916,#4917,#4918,#4919,#4920,#4921,#4922,#4923,
#4924,#4925,#4926,#4927,#4928,#4929,#4930,#4931,#4932,#4933,#4934,#4935,
#4936,#4937,#4938,#4939,#4940,#4941,#4942,#4943,#4944,#4945,#4946,#4947,
#4948,#4949,#4950,#4951,#4952,#4953,#4954,#4955,#4956,#4957,#4958,#4959,
#4960,#4961,#4962,#4963,#4964,#4965,#4966,#4967,#4968,#4969,#4970,#4971,
#4972,#4973,#4974,#4975,#4976,#4977,#4978,#4979,#4980,#4981,#4982,#4983,
#4984,#4985,#4986,#4987,#4988,#4989,#4990,#4991,#4992,#4993,#4994,#4995,
#4996,#4997,#4998,#4999,#5000,#5001,#5002,#5003,#5004,#5005,#5006,#5007,
#5008,#5009,#5010,#5011,#5012,#5013,#5014,#5015,#5016,#5017,#5018,#5019,
#5020,#5021,#5022,#5023,#5024,#5025,#5026,#5027,#5028,#5029,#5030,#5031,
#5032,#5033,#5034,#5035,#5036,#5037,#5038,#5039,#5040,#5041,#5042,#5043,
#5044,#5045,#5046,#5047,#5048,#5049,#5050,#5051,#5052,#5053,#5054,#5055,
#5056,#5057,#5058,#5059,#5060,#5061,#5062,#5063,#5064,#5065,#5066,#5067,
#5068,#5069,#5070,#5071,#5072,#5073,#5074,#5075,#5076,#5077,#5078,#5079,
#5080,#5081,#5082,#5083,#5084,#5085,#5086,#5087,#5088,#5089,#5090,#5091));
#5093=DERIVED_UNIT_ELEMENT(#5095,1.);
#5094=DERIVED_UNIT_ELEMENT(#8050,-3.);
#5095=(
MASS_UNIT()
NAMED_UNIT(*)
SI_UNIT(.KILO.,.GRAM.)
);
#5096=DERIVED_UNIT((#5093,#5094));
#5097=MEASURE_REPRESENTATION_ITEM('density measure',
POSITIVE_RATIO_MEASURE(1060.),#5096);
#5098=PROPERTY_DEFINITION_REPRESENTATION(#5103,#5100);
#5099=PROPERTY_DEFINITION_REPRESENTATION(#5104,#5101);
#5100=REPRESENTATION('material name',(#5102),#8047);
#5101=REPRESENTATION('density',(#5097),#8047);
#5102=DESCRIPTIVE_REPRESENTATION_ITEM('ABS \X2\58516599\X0\',
'ABS \X2\58516599\X0\');
#5103=PROPERTY_DEFINITION('material property','material name',#8057);
#5104=PROPERTY_DEFINITION('material property','density of part',#8057);
#5105=AXIS2_PLACEMENT_3D('',#6638,#5387,#5388);
#5106=AXIS2_PLACEMENT_3D('',#6639,#5389,#5390);
#5107=AXIS2_PLACEMENT_3D('',#6648,#5395,#5396);
#5108=AXIS2_PLACEMENT_3D('',#6652,#5398,#5399);
#5109=AXIS2_PLACEMENT_3D('',#6658,#5403,#5404);
#5110=AXIS2_PLACEMENT_3D('',#6667,#5409,#5410);
#5111=AXIS2_PLACEMENT_3D('',#6673,#5414,#5415);
#5112=AXIS2_PLACEMENT_3D('',#6682,#5420,#5421);
#5113=AXIS2_PLACEMENT_3D('',#6688,#5425,#5426);
#5114=AXIS2_PLACEMENT_3D('',#6697,#5431,#5432);
#5115=AXIS2_PLACEMENT_3D('',#6703,#5436,#5437);
#5116=AXIS2_PLACEMENT_3D('',#6712,#5442,#5443);
#5117=AXIS2_PLACEMENT_3D('',#6718,#5447,#5448);
#5118=AXIS2_PLACEMENT_3D('',#6727,#5453,#5454);
#5119=AXIS2_PLACEMENT_3D('',#6735,#5458,#5459);
#5120=AXIS2_PLACEMENT_3D('',#6737,#5461,#5462);
#5121=AXIS2_PLACEMENT_3D('',#6743,#5466,#5467);
#5122=AXIS2_PLACEMENT_3D('',#6749,#5471,#5472);
#5123=AXIS2_PLACEMENT_3D('',#6755,#5476,#5477);
#5124=AXIS2_PLACEMENT_3D('',#6764,#5482,#5483);
#5125=AXIS2_PLACEMENT_3D('',#6770,#5487,#5488);
#5126=AXIS2_PLACEMENT_3D('',#6779,#5493,#5494);
#5127=AXIS2_PLACEMENT_3D('',#6785,#5498,#5499);
#5128=AXIS2_PLACEMENT_3D('',#6794,#5504,#5505);
#5129=AXIS2_PLACEMENT_3D('',#6802,#5509,#5510);
#5130=AXIS2_PLACEMENT_3D('',#6804,#5512,#5513);
#5131=AXIS2_PLACEMENT_3D('',#6810,#5517,#5518);
#5132=AXIS2_PLACEMENT_3D('',#6816,#5522,#5523);
#5133=AXIS2_PLACEMENT_3D('',#6822,#5527,#5528);
#5134=AXIS2_PLACEMENT_3D('',#6831,#5533,#5534);
#5135=AXIS2_PLACEMENT_3D('',#6837,#5538,#5539);
#5136=AXIS2_PLACEMENT_3D('',#6846,#5544,#5545);
#5137=AXIS2_PLACEMENT_3D('',#6852,#5549,#5550);
#5138=AXIS2_PLACEMENT_3D('',#6861,#5555,#5556);
#5139=AXIS2_PLACEMENT_3D('',#6869,#5560,#5561);
#5140=AXIS2_PLACEMENT_3D('',#6871,#5563,#5564);
#5141=AXIS2_PLACEMENT_3D('',#6877,#5568,#5569);
#5142=AXIS2_PLACEMENT_3D('',#6883,#5573,#5574);
#5143=AXIS2_PLACEMENT_3D('',#6889,#5578,#5579);
#5144=AXIS2_PLACEMENT_3D('',#6895,#5583,#5584);
#5145=AXIS2_PLACEMENT_3D('',#6901,#5588,#5589);
#5146=AXIS2_PLACEMENT_3D('',#6907,#5593,#5594);
#5147=AXIS2_PLACEMENT_3D('',#6916,#5599,#5600);
#5148=AXIS2_PLACEMENT_3D('',#6919,#5603,#5604);
#5149=AXIS2_PLACEMENT_3D('',#6922,#5607,#5608);
#5150=AXIS2_PLACEMENT_3D('',#6928,#5612,#5613);
#5151=AXIS2_PLACEMENT_3D('',#6934,#5617,#5618);
#5152=AXIS2_PLACEMENT_3D('',#6937,#5621,#5622);
#5153=AXIS2_PLACEMENT_3D('',#6946,#5627,#5628);
#5154=AXIS2_PLACEMENT_3D('',#6949,#5631,#5632);
#5155=AXIS2_PLACEMENT_3D('',#6952,#5635,#5636);
#5156=AXIS2_PLACEMENT_3D('',#6958,#5640,#5641);
#5157=AXIS2_PLACEMENT_3D('',#6964,#5645,#5646);
#5158=AXIS2_PLACEMENT_3D('',#6967,#5649,#5650);
#5159=AXIS2_PLACEMENT_3D('',#6973,#5654,#5655);
#5160=AXIS2_PLACEMENT_3D('',#6979,#5659,#5660);
#5161=AXIS2_PLACEMENT_3D('',#6982,#5663,#5664);
#5162=AXIS2_PLACEMENT_3D('',#6991,#5669,#5670);
#5163=AXIS2_PLACEMENT_3D('',#6994,#5673,#5674);
#5164=AXIS2_PLACEMENT_3D('',#6997,#5677,#5678);
#5165=AXIS2_PLACEMENT_3D('',#7003,#5682,#5683);
#5166=AXIS2_PLACEMENT_3D('',#7009,#5687,#5688);
#5167=AXIS2_PLACEMENT_3D('',#7012,#5691,#5692);
#5168=AXIS2_PLACEMENT_3D('',#7018,#5696,#5697);
#5169=AXIS2_PLACEMENT_3D('',#7024,#5701,#5702);
#5170=AXIS2_PLACEMENT_3D('',#7027,#5705,#5706);
#5171=AXIS2_PLACEMENT_3D('',#7035,#5711,#5712);
#5172=AXIS2_PLACEMENT_3D('',#7041,#5716,#5717);
#5173=AXIS2_PLACEMENT_3D('',#7044,#5720,#5721);
#5174=AXIS2_PLACEMENT_3D('',#7050,#5725,#5726);
#5175=AXIS2_PLACEMENT_3D('',#7056,#5730,#5731);
#5176=AXIS2_PLACEMENT_3D('',#7059,#5734,#5735);
#5177=AXIS2_PLACEMENT_3D('',#7065,#5739,#5740);
#5178=AXIS2_PLACEMENT_3D('',#7071,#5744,#5745);
#5179=AXIS2_PLACEMENT_3D('',#7074,#5748,#5749);
#5180=AXIS2_PLACEMENT_3D('',#7082,#5754,#5755);
#5181=AXIS2_PLACEMENT_3D('',#7088,#5759,#5760);
#5182=AXIS2_PLACEMENT_3D('',#7091,#5763,#5764);
#5183=AXIS2_PLACEMENT_3D('',#7126,#5785,#5786);
#5184=AXIS2_PLACEMENT_3D('',#7132,#5790,#5791);
#5185=AXIS2_PLACEMENT_3D('',#7138,#5795,#5796);
#5186=AXIS2_PLACEMENT_3D('',#7141,#5799,#5800);
#5187=AXIS2_PLACEMENT_3D('',#7150,#5805,#5806);
#5188=AXIS2_PLACEMENT_3D('',#7153,#5809,#5810);
#5189=AXIS2_PLACEMENT_3D('',#7156,#5813,#5814);
#5190=AXIS2_PLACEMENT_3D('',#7162,#5818,#5819);
#5191=AXIS2_PLACEMENT_3D('',#7168,#5823,#5824);
#5192=AXIS2_PLACEMENT_3D('',#7171,#5827,#5828);
#5193=AXIS2_PLACEMENT_3D('',#7180,#5833,#5834);
#5194=AXIS2_PLACEMENT_3D('',#7183,#5837,#5838);
#5195=AXIS2_PLACEMENT_3D('',#7186,#5841,#5842);
#5196=AXIS2_PLACEMENT_3D('',#7195,#5847,#5848);
#5197=AXIS2_PLACEMENT_3D('',#7198,#5851,#5852);
#5198=AXIS2_PLACEMENT_3D('',#7201,#5855,#5856);
#5199=AXIS2_PLACEMENT_3D('',#7207,#5860,#5861);
#5200=AXIS2_PLACEMENT_3D('',#7213,#5865,#5866);
#5201=AXIS2_PLACEMENT_3D('',#7216,#5869,#5870);
#5202=AXIS2_PLACEMENT_3D('',#7222,#5874,#5875);
#5203=AXIS2_PLACEMENT_3D('',#7228,#5879,#5880);
#5204=AXIS2_PLACEMENT_3D('',#7231,#5883,#5884);
#5205=AXIS2_PLACEMENT_3D('',#7237,#5888,#5889);
#5206=AXIS2_PLACEMENT_3D('',#7243,#5893,#5894);
#5207=AXIS2_PLACEMENT_3D('',#7246,#5897,#5898);
#5208=AXIS2_PLACEMENT_3D('',#7252,#5902,#5903);
#5209=AXIS2_PLACEMENT_3D('',#7258,#5907,#5908);
#5210=AXIS2_PLACEMENT_3D('',#7261,#5911,#5912);
#5211=AXIS2_PLACEMENT_3D('',#7311,#5942,#5943);
#5212=AXIS2_PLACEMENT_3D('',#7315,#5946,#5947);
#5213=AXIS2_PLACEMENT_3D('',#7319,#5950,#5951);
#5214=AXIS2_PLACEMENT_3D('',#7321,#5953,#5954);
#5215=AXIS2_PLACEMENT_3D('',#7325,#5957,#5958);
#5216=AXIS2_PLACEMENT_3D('',#7329,#5961,#5962);
#5217=AXIS2_PLACEMENT_3D('',#7331,#5964,#5965);
#5218=AXIS2_PLACEMENT_3D('',#7335,#5968,#5969);
#5219=AXIS2_PLACEMENT_3D('',#7339,#5972,#5973);
#5220=AXIS2_PLACEMENT_3D('',#7341,#5975,#5976);
#5221=AXIS2_PLACEMENT_3D('',#7345,#5979,#5980);
#5222=AXIS2_PLACEMENT_3D('',#7349,#5983,#5984);
#5223=AXIS2_PLACEMENT_3D('',#7351,#5986,#5987);
#5224=AXIS2_PLACEMENT_3D('',#7355,#5990,#5991);
#5225=AXIS2_PLACEMENT_3D('',#7359,#5994,#5995);
#5226=AXIS2_PLACEMENT_3D('',#7361,#5997,#5998);
#5227=AXIS2_PLACEMENT_3D('',#7365,#6001,#6002);
#5228=AXIS2_PLACEMENT_3D('',#7369,#6005,#6006);
#5229=AXIS2_PLACEMENT_3D('',#7371,#6008,#6009);
#5230=AXIS2_PLACEMENT_3D('',#7375,#6012,#6013);
#5231=AXIS2_PLACEMENT_3D('',#7379,#6016,#6017);
#5232=AXIS2_PLACEMENT_3D('',#7381,#6019,#6020);
#5233=AXIS2_PLACEMENT_3D('',#7387,#6024,#6025);
#5234=AXIS2_PLACEMENT_3D('',#7393,#6029,#6030);
#5235=AXIS2_PLACEMENT_3D('',#7396,#6033,#6034);
#5236=AXIS2_PLACEMENT_3D('',#7398,#6036,#6037);
#5237=AXIS2_PLACEMENT_3D('',#7400,#6039,#6040);
#5238=AXIS2_PLACEMENT_3D('',#7401,#6041,#6042);
#5239=AXIS2_PLACEMENT_3D('',#7410,#6047,#6048);
#5240=AXIS2_PLACEMENT_3D('',#7416,#6052,#6053);
#5241=AXIS2_PLACEMENT_3D('',#7422,#6057,#6058);
#5242=AXIS2_PLACEMENT_3D('',#7425,#6061,#6062);
#5243=AXIS2_PLACEMENT_3D('',#7434,#6067,#6068);
#5244=AXIS2_PLACEMENT_3D('',#7440,#6072,#6073);
#5245=AXIS2_PLACEMENT_3D('',#7446,#6077,#6078);
#5246=AXIS2_PLACEMENT_3D('',#7449,#6081,#6082);
#5247=AXIS2_PLACEMENT_3D('',#7458,#6087,#6088);
#5248=AXIS2_PLACEMENT_3D('',#7464,#6092,#6093);
#5249=AXIS2_PLACEMENT_3D('',#7470,#6097,#6098);
#5250=AXIS2_PLACEMENT_3D('',#7473,#6101,#6102);
#5251=AXIS2_PLACEMENT_3D('',#7482,#6107,#6108);
#5252=AXIS2_PLACEMENT_3D('',#7488,#6112,#6113);
#5253=AXIS2_PLACEMENT_3D('',#7494,#6117,#6118);
#5254=AXIS2_PLACEMENT_3D('',#7497,#6121,#6122);
#5255=AXIS2_PLACEMENT_3D('',#7506,#6127,#6128);
#5256=AXIS2_PLACEMENT_3D('',#7512,#6132,#6133);
#5257=AXIS2_PLACEMENT_3D('',#7518,#6137,#6138);
#5258=AXIS2_PLACEMENT_3D('',#7521,#6141,#6142);
#5259=AXIS2_PLACEMENT_3D('',#7530,#6147,#6148);
#5260=AXIS2_PLACEMENT_3D('',#7536,#6152,#6153);
#5261=AXIS2_PLACEMENT_3D('',#7542,#6157,#6158);
#5262=AXIS2_PLACEMENT_3D('',#7545,#6161,#6162);
#5263=AXIS2_PLACEMENT_3D('',#7554,#6167,#6168);
#5264=AXIS2_PLACEMENT_3D('',#7560,#6172,#6173);
#5265=AXIS2_PLACEMENT_3D('',#7566,#6177,#6178);
#5266=AXIS2_PLACEMENT_3D('',#7569,#6181,#6182);
#5267=AXIS2_PLACEMENT_3D('',#7578,#6187,#6188);
#5268=AXIS2_PLACEMENT_3D('',#7584,#6192,#6193);
#5269=AXIS2_PLACEMENT_3D('',#7590,#6197,#6198);
#5270=AXIS2_PLACEMENT_3D('',#7593,#6201,#6202);
#5271=AXIS2_PLACEMENT_3D('',#7602,#6207,#6208);
#5272=AXIS2_PLACEMENT_3D('',#7608,#6212,#6213);
#5273=AXIS2_PLACEMENT_3D('',#7614,#6217,#6218);
#5274=AXIS2_PLACEMENT_3D('',#7617,#6221,#6222);
#5275=AXIS2_PLACEMENT_3D('',#7626,#6227,#6228);
#5276=AXIS2_PLACEMENT_3D('',#7632,#6232,#6233);
#5277=AXIS2_PLACEMENT_3D('',#7638,#6237,#6238);
#5278=AXIS2_PLACEMENT_3D('',#7641,#6241,#6242);
#5279=AXIS2_PLACEMENT_3D('',#7650,#6247,#6248);
#5280=AXIS2_PLACEMENT_3D('',#7656,#6252,#6253);
#5281=AXIS2_PLACEMENT_3D('',#7662,#6257,#6258);
#5282=AXIS2_PLACEMENT_3D('',#7665,#6261,#6262);
#5283=AXIS2_PLACEMENT_3D('',#7674,#6267,#6268);
#5284=AXIS2_PLACEMENT_3D('',#7680,#6272,#6273);
#5285=AXIS2_PLACEMENT_3D('',#7686,#6277,#6278);
#5286=AXIS2_PLACEMENT_3D('',#7689,#6281,#6282);
#5287=AXIS2_PLACEMENT_3D('',#7698,#6287,#6288);
#5288=AXIS2_PLACEMENT_3D('',#7704,#6292,#6293);
#5289=AXIS2_PLACEMENT_3D('',#7710,#6297,#6298);
#5290=AXIS2_PLACEMENT_3D('',#7713,#6301,#6302);
#5291=AXIS2_PLACEMENT_3D('',#7722,#6307,#6308);
#5292=AXIS2_PLACEMENT_3D('',#7728,#6312,#6313);
#5293=AXIS2_PLACEMENT_3D('',#7737,#6318,#6319);
#5294=AXIS2_PLACEMENT_3D('',#7743,#6323,#6324);
#5295=AXIS2_PLACEMENT_3D('',#7749,#6328,#6329);
#5296=AXIS2_PLACEMENT_3D('',#7755,#6333,#6334);
#5297=AXIS2_PLACEMENT_3D('',#7761,#6338,#6339);
#5298=AXIS2_PLACEMENT_3D('',#7764,#6342,#6343);
#5299=AXIS2_PLACEMENT_3D('',#7768,#6346,#6347);
#5300=AXIS2_PLACEMENT_3D('',#7775,#6352,#6353);
#5301=AXIS2_PLACEMENT_3D('',#7781,#6357,#6358);
#5302=AXIS2_PLACEMENT_3D('',#7787,#6362,#6363);
#5303=AXIS2_PLACEMENT_3D('',#7790,#6366,#6367);
#5304=AXIS2_PLACEMENT_3D('',#7792,#6369,#6370);
#5305=AXIS2_PLACEMENT_3D('',#7799,#6375,#6376);
#5306=AXIS2_PLACEMENT_3D('',#7805,#6380,#6381);
#5307=AXIS2_PLACEMENT_3D('',#7811,#6385,#6386);
#5308=AXIS2_PLACEMENT_3D('',#7817,#6390,#6391);
#5309=AXIS2_PLACEMENT_3D('',#7823,#6395,#6396);
#5310=AXIS2_PLACEMENT_3D('',#7826,#6399,#6400);
#5311=AXIS2_PLACEMENT_3D('',#7830,#6403,#6404);
#5312=AXIS2_PLACEMENT_3D('',#7836,#6408,#6409);
#5313=AXIS2_PLACEMENT_3D('',#7842,#6413,#6414);
#5314=AXIS2_PLACEMENT_3D('',#7845,#6417,#6418);
#5315=AXIS2_PLACEMENT_3D('',#7850,#6423,#6424);
#5316=AXIS2_PLACEMENT_3D('',#7852,#6426,#6427);
#5317=AXIS2_PLACEMENT_3D('',#7854,#6429,#6430);
#5318=AXIS2_PLACEMENT_3D('',#7855,#6431,#6432);
#5319=AXIS2_PLACEMENT_3D('',#7861,#6436,#6437);
#5320=AXIS2_PLACEMENT_3D('',#7867,#6441,#6442);
#5321=AXIS2_PLACEMENT_3D('',#7870,#6445,#6446);
#5322=AXIS2_PLACEMENT_3D('',#7872,#6447,#6448);
#5323=AXIS2_PLACEMENT_3D('',#7873,#6449,#6450);
#5324=AXIS2_PLACEMENT_3D('',#7874,#6451,#6452);
#5325=AXIS2_PLACEMENT_3D('',#7875,#6453,#6454);
#5326=AXIS2_PLACEMENT_3D('',#7876,#6455,#6456);
#5327=AXIS2_PLACEMENT_3D('',#7877,#6457,#6458);
#5328=AXIS2_PLACEMENT_3D('',#7878,#6459,#6460);
#5329=AXIS2_PLACEMENT_3D('',#7879,#6461,#6462);
#5330=AXIS2_PLACEMENT_3D('',#7880,#6463,#6464);
#5331=AXIS2_PLACEMENT_3D('',#7881,#6465,#6466);
#5332=AXIS2_PLACEMENT_3D('',#7882,#6467,#6468);
#5333=AXIS2_PLACEMENT_3D('',#7883,#6469,#6470);
#5334=AXIS2_PLACEMENT_3D('',#7884,#6471,#6472);
#5335=AXIS2_PLACEMENT_3D('',#7885,#6473,#6474);
#5336=AXIS2_PLACEMENT_3D('',#7886,#6475,#6476);
#5337=AXIS2_PLACEMENT_3D('',#7887,#6477,#6478);
#5338=AXIS2_PLACEMENT_3D('',#7888,#6479,#6480);
#5339=AXIS2_PLACEMENT_3D('',#7889,#6481,#6482);
#5340=AXIS2_PLACEMENT_3D('',#7891,#6483,#6484);
#5341=AXIS2_PLACEMENT_3D('',#7893,#6485,#6486);
#5342=AXIS2_PLACEMENT_3D('',#7895,#6487,#6488);
#5343=AXIS2_PLACEMENT_3D('',#7896,#6489,#6490);
#5344=AXIS2_PLACEMENT_3D('',#7897,#6491,#6492);
#5345=AXIS2_PLACEMENT_3D('',#7899,#6494,#6495);
#5346=AXIS2_PLACEMENT_3D('',#7924,#6508,#6509);
#5347=AXIS2_PLACEMENT_3D('',#7930,#6513,#6514);
#5348=AXIS2_PLACEMENT_3D('',#7934,#6517,#6518);
#5349=AXIS2_PLACEMENT_3D('',#7938,#6521,#6522);
#5350=AXIS2_PLACEMENT_3D('',#7942,#6525,#6526);
#5351=AXIS2_PLACEMENT_3D('',#7946,#6529,#6530);
#5352=AXIS2_PLACEMENT_3D('',#7950,#6533,#6534);
#5353=AXIS2_PLACEMENT_3D('',#7954,#6537,#6538);
#5354=AXIS2_PLACEMENT_3D('',#7958,#6541,#6542);
#5355=AXIS2_PLACEMENT_3D('',#7962,#6545,#6546);
#5356=AXIS2_PLACEMENT_3D('',#7966,#6549,#6550);
#5357=AXIS2_PLACEMENT_3D('',#7970,#6553,#6554);
#5358=AXIS2_PLACEMENT_3D('',#7972,#6556,#6557);
#5359=AXIS2_PLACEMENT_3D('',#7973,#6558,#6559);
#5360=AXIS2_PLACEMENT_3D('',#7974,#6560,#6561);
#5361=AXIS2_PLACEMENT_3D('',#7977,#6563,#6564);
#5362=AXIS2_PLACEMENT_3D('',#7978,#6565,#6566);
#5363=AXIS2_PLACEMENT_3D('',#7982,#6568,#6569);
#5364=AXIS2_PLACEMENT_3D('',#7984,#6571,#6572);
#5365=AXIS2_PLACEMENT_3D('',#7987,#6575,#6576);
#5366=AXIS2_PLACEMENT_3D('',#7989,#6577,#6578);
#5367=AXIS2_PLACEMENT_3D('',#7991,#6580,#6581);
#5368=AXIS2_PLACEMENT_3D('',#7994,#6584,#6585);
#5369=AXIS2_PLACEMENT_3D('',#7997,#6586,#6587);
#5370=AXIS2_PLACEMENT_3D('',#8001,#6589,#6590);
#5371=AXIS2_PLACEMENT_3D('',#8003,#6592,#6593);
#5372=AXIS2_PLACEMENT_3D('',#8009,#6597,#6598);
#5373=AXIS2_PLACEMENT_3D('',#8013,#6600,#6601);
#5374=AXIS2_PLACEMENT_3D('',#8017,#6603,#6604);
#5375=AXIS2_PLACEMENT_3D('',#8020,#6606,#6607);
#5376=AXIS2_PLACEMENT_3D('',#8021,#6608,#6609);
#5377=AXIS2_PLACEMENT_3D('',#8024,#6611,#6612);
#5378=AXIS2_PLACEMENT_3D('',#8025,#6613,#6614);
#5379=AXIS2_PLACEMENT_3D('',#8029,#6617,#6618);
#5380=AXIS2_PLACEMENT_3D('',#8032,#6620,#6621);
#5381=AXIS2_PLACEMENT_3D('',#8033,#6622,#6623);
#5382=AXIS2_PLACEMENT_3D('',#8037,#6626,#6627);
#5383=AXIS2_PLACEMENT_3D('',#8040,#6629,#6630);
#5384=AXIS2_PLACEMENT_3D('',#8041,#6631,#6632);
#5385=AXIS2_PLACEMENT_3D('',#8043,#6634,#6635);
#5386=AXIS2_PLACEMENT_3D('',#8044,#6636,#6637);
#5387=DIRECTION('axis',(0.,0.,1.));
#5388=DIRECTION('refdir',(1.,0.,0.));
#5389=DIRECTION('center_axis',(0.,0.371390676354103,0.928476690885259));
#5390=DIRECTION('ref_axis',(1.,0.,0.));
#5391=DIRECTION('',(0.,0.928476690885259,-0.371390676354103));
#5392=DIRECTION('',(1.,0.,0.));
#5393=DIRECTION('',(0.,-0.928476690885259,0.371390676354103));
#5394=DIRECTION('',(-1.,0.,0.));
#5395=DIRECTION('center_axis',(0.,0.,1.));
#5396=DIRECTION('ref_axis',(1.,0.,0.));
#5397=DIRECTION('',(-1.,0.,0.));
#5398=DIRECTION('center_axis',(0.,0.,1.));
#5399=DIRECTION('ref_axis',(-0.707106781186548,0.707106781186548,0.));
#5400=DIRECTION('',(0.,-1.,0.));
#5401=DIRECTION('',(0.,1.,0.));
#5402=DIRECTION('',(0.706265207675852,0.70794735427614,0.));
#5403=DIRECTION('center_axis',(0.,0.371390676354103,0.928476690885259));
#5404=DIRECTION('ref_axis',(1.,0.,0.));
#5405=DIRECTION('',(0.,0.928476690885259,-0.371390676354103));
#5406=DIRECTION('',(1.,0.,0.));
#5407=DIRECTION('',(-1.87421127281562E-16,-0.928476690885259,0.371390676354103));
#5408=DIRECTION('',(-1.,0.,0.));
#5409=DIRECTION('center_axis',(0.,0.,1.));
#5410=DIRECTION('ref_axis',(1.,0.,0.));
#5411=DIRECTION('',(-0.706265207675852,-0.707947354276139,0.));
#5412=DIRECTION('',(0.,1.,0.));
#5413=DIRECTION('',(0.706265207675852,0.70794735427614,0.));
#5414=DIRECTION('center_axis',(0.,0.371390676354103,0.928476690885259));
#5415=DIRECTION('ref_axis',(1.,0.,0.));
#5416=DIRECTION('',(0.,0.928476690885259,-0.371390676354103));
#5417=DIRECTION('',(1.,0.,0.));
#5418=DIRECTION('',(0.,-0.928476690885259,0.371390676354103));
#5419=DIRECTION('',(-1.,0.,0.));
#5420=DIRECTION('center_axis',(0.,0.,1.));
#5421=DIRECTION('ref_axis',(1.,0.,0.));
#5422=DIRECTION('',(-0.706265207675852,-0.70794735427614,0.));
#5423=DIRECTION('',(0.,1.,0.));
#5424=DIRECTION('',(0.706265207675852,0.70794735427614,0.));
#5425=DIRECTION('center_axis',(0.,0.371390676354103,0.928476690885259));
#5426=DIRECTION('ref_axis',(1.,0.,0.));
#5427=DIRECTION('',(0.,0.928476690885259,-0.371390676354103));
#5428=DIRECTION('',(1.,0.,0.));
#5429=DIRECTION('',(0.,-0.928476690885259,0.371390676354103));
#5430=DIRECTION('',(-1.,0.,0.));
#5431=DIRECTION('center_axis',(0.,0.,1.));
#5432=DIRECTION('ref_axis',(1.,0.,0.));
#5433=DIRECTION('',(0.706265207675852,-0.707947354276139,0.));
#5434=DIRECTION('',(0.,1.,0.));
#5435=DIRECTION('',(-0.706265207675852,0.70794735427614,0.));
#5436=DIRECTION('center_axis',(0.,0.371390676354103,0.928476690885259));
#5437=DIRECTION('ref_axis',(1.,0.,0.));
#5438=DIRECTION('',(-1.87421127281562E-16,0.928476690885259,-0.371390676354103));
#5439=DIRECTION('',(1.,0.,0.));
#5440=DIRECTION('',(0.,-0.928476690885259,0.371390676354103));
#5441=DIRECTION('',(-1.,0.,0.));
#5442=DIRECTION('center_axis',(0.,0.,1.));
#5443=DIRECTION('ref_axis',(1.,0.,0.));
#5444=DIRECTION('',(0.706265207675852,-0.707947354276139,0.));
#5445=DIRECTION('',(0.,-1.,0.));
#5446=DIRECTION('',(-0.706265207675852,0.707947354276139,0.));
#5447=DIRECTION('center_axis',(0.,0.371390676354103,0.928476690885259));
#5448=DIRECTION('ref_axis',(1.,0.,0.));
#5449=DIRECTION('',(0.,0.928476690885259,-0.371390676354103));
#5450=DIRECTION('',(1.,0.,0.));
#5451=DIRECTION('',(0.,-0.928476690885259,0.371390676354103));
#5452=DIRECTION('',(-1.,0.,0.));
#5453=DIRECTION('center_axis',(0.,0.,1.));
#5454=DIRECTION('ref_axis',(1.,0.,0.));
#5455=DIRECTION('',(0.706265207675852,-0.707947354276139,0.));
#5456=DIRECTION('',(0.,-1.,0.));
#5457=DIRECTION('',(0.,1.,0.));
#5458=DIRECTION('center_axis',(0.,0.,1.));
#5459=DIRECTION('ref_axis',(0.707106781186548,0.707106781186548,0.));
#5460=DIRECTION('',(-1.,0.,0.));
#5461=DIRECTION('center_axis',(0.371390676354103,0.,0.928476690885259));
#5462=DIRECTION('ref_axis',(0.928476690885259,0.,-0.371390676354103));
#5463=DIRECTION('',(0.928476690885251,-1.34614891109299E-7,-0.3713906763541));
#5464=DIRECTION('',(-0.928476690885251,1.34614828304257E-7,0.3713906763541));
#5465=DIRECTION('',(0.,1.,0.));
#5466=DIRECTION('center_axis',(0.371390676354103,0.,0.928476690885259));
#5467=DIRECTION('ref_axis',(0.928476690885259,0.,-0.371390676354103));
#5468=DIRECTION('',(0.928476690885259,-2.14158618243952E-8,-0.371390676354103));
#5469=DIRECTION('',(-0.928476690885251,1.34614702694348E-7,0.3713906763541));
#5470=DIRECTION('',(0.,1.,0.));
#5471=DIRECTION('center_axis',(0.371390676354104,3.36536288426005E-7,0.928476690885198));
#5472=DIRECTION('ref_axis',(0.928476690885251,0.,-0.371390676354125));
#5473=DIRECTION('',(0.928476690885259,-1.34614515468436E-7,-0.371390676354079));
#5474=DIRECTION('',(-0.928476690885259,1.34614515281015E-7,0.371390676354079));
#5475=DIRECTION('',(0.,0.999999999999934,-3.62460675351078E-7));
#5476=DIRECTION('center_axis',(0.371390676354103,0.,0.928476690885259));
#5477=DIRECTION('ref_axis',(0.928476690885259,0.,-0.371390676354103));
#5478=DIRECTION('',(0.928476690885259,0.,-0.371390676354103));
#5479=DIRECTION('',(0.,-1.,0.));
#5480=DIRECTION('',(-0.928476690885259,0.,0.371390676354103));
#5481=DIRECTION('',(0.,1.,0.));
#5482=DIRECTION('center_axis',(0.,0.,1.));
#5483=DIRECTION('ref_axis',(1.,0.,0.));
#5484=DIRECTION('',(-0.706265207675852,-0.707947354276139,0.));
#5485=DIRECTION('',(-1.,0.,0.));
#5486=DIRECTION('',(0.706265207675852,0.707947354276139,0.));
#5487=DIRECTION('center_axis',(0.371390676354103,0.,0.928476690885259));
#5488=DIRECTION('ref_axis',(0.928476690885259,0.,-0.371390676354103));
#5489=DIRECTION('',(0.928476690885259,0.,-0.371390676354103));
#5490=DIRECTION('',(0.,-1.,0.));
#5491=DIRECTION('',(-0.928476690885259,0.,0.371390676354103));
#5492=DIRECTION('',(0.,1.,0.));
#5493=DIRECTION('center_axis',(0.,0.,1.));
#5494=DIRECTION('ref_axis',(1.,0.,0.));
#5495=DIRECTION('',(-0.706265207675852,-0.707947354276139,0.));
#5496=DIRECTION('',(-1.,0.,0.));
#5497=DIRECTION('',(0.706265207675852,0.707947354276139,0.));
#5498=DIRECTION('center_axis',(0.371390676354103,0.,0.928476690885259));
#5499=DIRECTION('ref_axis',(0.928476690885259,0.,-0.371390676354103));
#5500=DIRECTION('',(0.928476690885259,0.,-0.371390676354103));
#5501=DIRECTION('',(0.,-1.,0.));
#5502=DIRECTION('',(-0.928476690885259,0.,0.371390676354103));
#5503=DIRECTION('',(0.,1.,0.));
#5504=DIRECTION('center_axis',(0.,0.,1.));
#5505=DIRECTION('ref_axis',(1.,0.,0.));
#5506=DIRECTION('',(-0.706265207675852,-0.707947354276139,0.));
#5507=DIRECTION('',(-1.,0.,0.));
#5508=DIRECTION('',(1.,0.,0.));
#5509=DIRECTION('center_axis',(0.,0.,1.));
#5510=DIRECTION('ref_axis',(0.707106781186548,-0.707106781186548,0.));
#5511=DIRECTION('',(0.,1.,0.));
#5512=DIRECTION('center_axis',(0.,-0.371390676354103,0.928476690885259));
#5513=DIRECTION('ref_axis',(1.,0.,0.));
#5514=DIRECTION('',(0.,-0.928476690885259,-0.371390676354103));
#5515=DIRECTION('',(0.,0.928476690885259,0.371390676354103));
#5516=DIRECTION('',(1.,0.,0.));
#5517=DIRECTION('center_axis',(0.,-0.371390676354104,0.928476690885259));
#5518=DIRECTION('ref_axis',(1.,0.,0.));
#5519=DIRECTION('',(0.,-0.928476690885259,-0.371390676354104));
#5520=DIRECTION('',(1.87421127281562E-16,0.928476690885259,0.371390676354104));
#5521=DIRECTION('',(1.,0.,0.));
#5522=DIRECTION('center_axis',(0.,-0.371390676354103,0.928476690885259));
#5523=DIRECTION('ref_axis',(1.,0.,0.));
#5524=DIRECTION('',(0.,-0.928476690885259,-0.371390676354103));
#5525=DIRECTION('',(0.,0.928476690885259,0.371390676354103));
#5526=DIRECTION('',(1.,0.,0.));
#5527=DIRECTION('center_axis',(0.,-0.371390676354103,0.928476690885259));
#5528=DIRECTION('ref_axis',(1.,0.,0.));
#5529=DIRECTION('',(0.,-0.928476690885259,-0.371390676354103));
#5530=DIRECTION('',(-1.,0.,0.));
#5531=DIRECTION('',(0.,0.928476690885259,0.371390676354103));
#5532=DIRECTION('',(1.,0.,0.));
#5533=DIRECTION('center_axis',(0.,0.,1.));
#5534=DIRECTION('ref_axis',(1.,0.,0.));
#5535=DIRECTION('',(-0.706265207675852,0.70794735427614,0.));
#5536=DIRECTION('',(0.,1.,0.));
#5537=DIRECTION('',(0.706265207675852,-0.70794735427614,0.));
#5538=DIRECTION('center_axis',(0.,-0.371390676354104,0.928476690885259));
#5539=DIRECTION('ref_axis',(1.,0.,0.));
#5540=DIRECTION('',(1.87421127281562E-16,-0.928476690885259,-0.371390676354104));
#5541=DIRECTION('',(-1.,0.,0.));
#5542=DIRECTION('',(0.,0.928476690885259,0.371390676354104));
#5543=DIRECTION('',(1.,0.,0.));
#5544=DIRECTION('center_axis',(0.,0.,1.));
#5545=DIRECTION('ref_axis',(1.,0.,0.));
#5546=DIRECTION('',(-0.706265207675852,0.70794735427614,0.));
#5547=DIRECTION('',(0.,1.,0.));
#5548=DIRECTION('',(0.706265207675852,-0.707947354276139,0.));
#5549=DIRECTION('center_axis',(0.,-0.371390676354103,0.928476690885259));
#5550=DIRECTION('ref_axis',(1.,0.,0.));
#5551=DIRECTION('',(0.,-0.928476690885259,-0.371390676354103));
#5552=DIRECTION('',(-1.,0.,0.));
#5553=DIRECTION('',(0.,0.928476690885259,0.371390676354103));
#5554=DIRECTION('',(1.,0.,0.));
#5555=DIRECTION('center_axis',(0.,0.,1.));
#5556=DIRECTION('ref_axis',(1.,0.,0.));
#5557=DIRECTION('',(-0.706265207675852,0.70794735427614,0.));
#5558=DIRECTION('',(0.,1.,0.));
#5559=DIRECTION('',(0.,-1.,0.));
#5560=DIRECTION('center_axis',(0.,0.,1.));
#5561=DIRECTION('ref_axis',(-0.707106781186548,-0.707106781186548,0.));
#5562=DIRECTION('',(1.,0.,0.));
#5563=DIRECTION('center_axis',(-0.371390676354103,0.,0.928476690885259));
#5564=DIRECTION('ref_axis',(0.928476690885259,0.,0.371390676354103));
#5565=DIRECTION('',(-0.928476690885259,0.,-0.371390676354103));
#5566=DIRECTION('',(0.928476690885259,0.,0.371390676354103));
#5567=DIRECTION('',(0.,-1.,0.));
#5568=DIRECTION('center_axis',(-0.371390676354103,0.,0.928476690885259));
#5569=DIRECTION('ref_axis',(0.928476690885259,0.,0.371390676354103));
#5570=DIRECTION('',(-0.928476690885259,0.,-0.371390676354103));
#5571=DIRECTION('',(0.928476690885259,0.,0.371390676354103));
#5572=DIRECTION('',(0.,-1.,0.));
#5573=DIRECTION('center_axis',(-0.371390676354103,0.,0.928476690885259));
#5574=DIRECTION('ref_axis',(0.928476690885259,0.,0.371390676354103));
#5575=DIRECTION('',(-0.928476690885259,0.,-0.371390676354103));
#5576=DIRECTION('',(0.928476690885259,0.,0.371390676354103));
#5577=DIRECTION('',(0.,-1.,0.));
#5578=DIRECTION('center_axis',(-0.371390676354103,0.,0.928476690885259));
#5579=DIRECTION('ref_axis',(0.928476690885259,0.,0.371390676354103));
#5580=DIRECTION('',(-0.928476690885251,-1.34614515281022E-7,-0.3713906763541));
#5581=DIRECTION('',(0.928476690885251,1.34614515468444E-7,0.3713906763541));
#5582=DIRECTION('',(0.,-1.,0.));
#5583=DIRECTION('center_axis',(-0.371390676354103,0.,0.928476690885259));
#5584=DIRECTION('ref_axis',(0.928476690885259,0.,0.371390676354103));
#5585=DIRECTION('',(-0.928476690885251,-1.34614515468444E-7,-0.3713906763541));
#5586=DIRECTION('',(0.928476690885251,1.34614515468444E-7,0.3713906763541));
#5587=DIRECTION('',(0.,-1.,0.));
#5588=DIRECTION('center_axis',(-0.371390676354103,0.,0.928476690885259));
#5589=DIRECTION('ref_axis',(0.928476690885259,0.,0.371390676354103));
#5590=DIRECTION('',(-0.928476690885251,-1.34614515468444E-7,-0.3713906763541));
#5591=DIRECTION('',(0.928476690885251,1.34614515468444E-7,0.3713906763541));
#5592=DIRECTION('',(0.,-1.,0.));
#5593=DIRECTION('center_axis',(0.,0.,1.));
#5594=DIRECTION('ref_axis',(0.,-1.,0.));
#5595=DIRECTION('',(0.,-1.,0.));
#5596=DIRECTION('',(1.,0.,0.));
#5597=DIRECTION('',(0.,1.,0.));
#5598=DIRECTION('',(1.,0.,0.));
#5599=DIRECTION('center_axis',(0.,1.,0.));
#5600=DIRECTION('ref_axis',(0.,0.,1.));
#5601=DIRECTION('',(0.,0.,1.));
#5602=DIRECTION('',(0.,0.,-1.));
#5603=DIRECTION('center_axis',(0.,-1.,0.));
#5604=DIRECTION('ref_axis',(0.,0.,-1.));
#5605=DIRECTION('',(0.,0.,-1.));
#5606=DIRECTION('',(0.,0.,1.));
#5607=DIRECTION('center_axis',(0.,0.999999999999934,-3.62461687058999E-7));
#5608=DIRECTION('ref_axis',(0.,3.62461687058999E-7,0.999999999999934));
#5609=DIRECTION('',(0.,3.62461687058999E-7,0.999999999999934));
#5610=DIRECTION('',(0.,-3.62461687058999E-7,-0.999999999999934));
#5611=DIRECTION('',(1.,0.,0.));
#5612=DIRECTION('center_axis',(0.,-0.999999999999934,3.62461517951248E-7));
#5613=DIRECTION('ref_axis',(0.,-3.62461517951248E-7,-0.999999999999934));
#5614=DIRECTION('',(0.,-3.62461517951248E-7,-0.999999999999934));
#5615=DIRECTION('',(1.,0.,0.));
#5616=DIRECTION('',(0.,3.62461517951248E-7,0.999999999999934));
#5617=DIRECTION('center_axis',(0.,3.62460675547106E-7,0.999999999999934));
#5618=DIRECTION('ref_axis',(0.,-0.999999999999934,3.62460675547106E-7));
#5619=DIRECTION('',(0.,-0.999999999999934,3.62460675547106E-7));
#5620=DIRECTION('',(0.,0.999999999999934,-3.62460675547106E-7));
#5621=DIRECTION('center_axis',(0.,0.,1.));
#5622=DIRECTION('ref_axis',(0.,-1.,0.));
#5623=DIRECTION('',(0.,-1.,0.));
#5624=DIRECTION('',(1.,0.,0.));
#5625=DIRECTION('',(0.,1.,0.));
#5626=DIRECTION('',(1.,0.,0.));
#5627=DIRECTION('center_axis',(0.,1.,0.));
#5628=DIRECTION('ref_axis',(0.,0.,1.));
#5629=DIRECTION('',(0.,0.,1.));
#5630=DIRECTION('',(0.,0.,-1.));
#5631=DIRECTION('center_axis',(0.,-1.,0.));
#5632=DIRECTION('ref_axis',(0.,0.,-1.));
#5633=DIRECTION('',(0.,0.,-1.));
#5634=DIRECTION('',(0.,0.,1.));
#5635=DIRECTION('center_axis',(0.,0.999999999999934,-3.62460675615042E-7));
#5636=DIRECTION('ref_axis',(0.,3.62460675615042E-7,0.999999999999934));
#5637=DIRECTION('',(0.,3.62460675615042E-7,0.999999999999934));
#5638=DIRECTION('',(0.,-3.62460675615042E-7,-0.999999999999934));
#5639=DIRECTION('',(1.,0.,0.));
#5640=DIRECTION('center_axis',(0.,-0.999999999999934,3.62460675110396E-7));
#5641=DIRECTION('ref_axis',(0.,-3.62460675110396E-7,-0.999999999999934));
#5642=DIRECTION('',(0.,-3.62460675110396E-7,-0.999999999999934));
#5643=DIRECTION('',(1.,0.,0.));
#5644=DIRECTION('',(0.,3.62460675110396E-7,0.999999999999934));
#5645=DIRECTION('center_axis',(0.,3.6246067515505E-7,0.999999999999934));
#5646=DIRECTION('ref_axis',(0.,-0.999999999999934,3.6246067515505E-7));
#5647=DIRECTION('',(0.,-0.999999999999934,3.6246067515505E-7));
#5648=DIRECTION('',(0.,0.999999999999934,-3.6246067515505E-7));
#5649=DIRECTION('center_axis',(0.,0.999999999999998,-5.76639727055942E-8));
#5650=DIRECTION('ref_axis',(0.,5.76639727055942E-8,0.999999999999998));
#5651=DIRECTION('',(0.,5.76639727055942E-8,0.999999999999998));
#5652=DIRECTION('',(0.,-5.76639727055942E-8,-0.999999999999998));
#5653=DIRECTION('',(1.,0.,0.));
#5654=DIRECTION('center_axis',(0.,-0.999999999999934,3.62461179736219E-7));
#5655=DIRECTION('ref_axis',(0.,-3.62461179736219E-7,-0.999999999999934));
#5656=DIRECTION('',(0.,-3.62461179736219E-7,-0.999999999999934));
#5657=DIRECTION('',(1.,0.,0.));
#5658=DIRECTION('',(0.,3.62461179736219E-7,0.999999999999934));
#5659=DIRECTION('center_axis',(0.,3.62460675155051E-7,0.999999999999934));
#5660=DIRECTION('ref_axis',(0.,-0.999999999999934,3.62460675155051E-7));
#5661=DIRECTION('',(0.,-0.999999999999934,3.62460675155051E-7));
#5662=DIRECTION('',(0.,0.999999999999934,-3.62460675155051E-7));
#5663=DIRECTION('center_axis',(0.,0.,1.));
#5664=DIRECTION('ref_axis',(0.,-1.,0.));
#5665=DIRECTION('',(0.,-1.,0.));
#5666=DIRECTION('',(1.,0.,0.));
#5667=DIRECTION('',(0.,1.,0.));
#5668=DIRECTION('',(1.,0.,0.));
#5669=DIRECTION('center_axis',(0.,1.,0.));
#5670=DIRECTION('ref_axis',(0.,0.,1.));
#5671=DIRECTION('',(0.,0.,1.));
#5672=DIRECTION('',(0.,0.,-1.));
#5673=DIRECTION('center_axis',(0.,-1.,0.));
#5674=DIRECTION('ref_axis',(0.,0.,-1.));
#5675=DIRECTION('',(0.,0.,-1.));
#5676=DIRECTION('',(0.,0.,1.));
#5677=DIRECTION('center_axis',(0.,0.999999999999934,-3.62460675615042E-7));
#5678=DIRECTION('ref_axis',(0.,-3.62460675615042E-7,-0.999999999999934));
#5679=DIRECTION('',(0.,-3.62460675615042E-7,-0.999999999999934));
#5680=DIRECTION('',(-1.,0.,0.));
#5681=DIRECTION('',(0.,3.62460675615042E-7,0.999999999999934));
#5682=DIRECTION('center_axis',(0.,3.6246067515505E-7,0.999999999999934));
#5683=DIRECTION('ref_axis',(0.,0.999999999999934,-3.6246067515505E-7));
#5684=DIRECTION('',(0.,0.999999999999934,-3.6246067515505E-7));
#5685=DIRECTION('',(-1.,0.,0.));
#5686=DIRECTION('',(0.,-0.999999999999934,3.6246067515505E-7));
#5687=DIRECTION('center_axis',(0.,-0.999999999999934,3.62460675110396E-7));
#5688=DIRECTION('ref_axis',(0.,3.62460675110396E-7,0.999999999999934));
#5689=DIRECTION('',(0.,3.62460675110396E-7,0.999999999999934));
#5690=DIRECTION('',(0.,-3.62460675110396E-7,-0.999999999999934));
#5691=DIRECTION('center_axis',(0.,1.,0.));
#5692=DIRECTION('ref_axis',(0.,0.,-1.));
#5693=DIRECTION('',(0.,0.,-1.));
#5694=DIRECTION('',(-1.,0.,0.));
#5695=DIRECTION('',(0.,0.,1.));
#5696=DIRECTION('center_axis',(0.,0.,1.));
#5697=DIRECTION('ref_axis',(0.,1.,0.));
#5698=DIRECTION('',(0.,1.,0.));
#5699=DIRECTION('',(-1.,0.,0.));
#5700=DIRECTION('',(0.,-1.,0.));
#5701=DIRECTION('center_axis',(0.,-1.,0.));
#5702=DIRECTION('ref_axis',(0.,0.,1.));
#5703=DIRECTION('',(0.,0.,1.));
#5704=DIRECTION('',(0.,0.,-1.));
#5705=DIRECTION('center_axis',(0.,0.999999999999934,-3.62460675615043E-7));
#5706=DIRECTION('ref_axis',(0.,-3.62460675615042E-7,-0.999999999999934));
#5707=DIRECTION('',(0.,-3.62460675615042E-7,-0.999999999999934));
#5708=DIRECTION('',(-1.,0.,0.));
#5709=DIRECTION('',(0.,3.62460675615042E-7,0.999999999999934));
#5710=DIRECTION('',(0.,3.62460675615042E-7,0.999999999999934));
#5711=DIRECTION('center_axis',(0.,3.62460675155051E-7,0.999999999999934));
#5712=DIRECTION('ref_axis',(0.,0.999999999999934,-3.62460675155051E-7));
#5713=DIRECTION('',(0.,0.999999999999934,-3.62460675155051E-7));
#5714=DIRECTION('',(-1.,0.,0.));
#5715=DIRECTION('',(0.,-0.999999999999934,3.62460675155051E-7));
#5716=DIRECTION('center_axis',(0.,-0.999999999999934,3.62460675615043E-7));
#5717=DIRECTION('ref_axis',(0.,3.62460675615043E-7,0.999999999999934));
#5718=DIRECTION('',(0.,3.62460675615043E-7,0.999999999999934));
#5719=DIRECTION('',(0.,-3.62460675615043E-7,-0.999999999999934));
#5720=DIRECTION('center_axis',(0.,1.,0.));
#5721=DIRECTION('ref_axis',(0.,0.,-1.));
#5722=DIRECTION('',(0.,0.,-1.));
#5723=DIRECTION('',(-1.,0.,0.));
#5724=DIRECTION('',(0.,0.,1.));
#5725=DIRECTION('center_axis',(0.,0.,1.));
#5726=DIRECTION('ref_axis',(0.,1.,0.));
#5727=DIRECTION('',(0.,1.,0.));
#5728=DIRECTION('',(-1.,0.,0.));
#5729=DIRECTION('',(0.,-1.,0.));
#5730=DIRECTION('center_axis',(0.,-1.,0.));
#5731=DIRECTION('ref_axis',(0.,0.,1.));
#5732=DIRECTION('',(0.,0.,1.));
#5733=DIRECTION('',(0.,0.,-1.));
#5734=DIRECTION('center_axis',(0.,1.,0.));
#5735=DIRECTION('ref_axis',(0.,0.,-1.));
#5736=DIRECTION('',(0.,0.,-1.));
#5737=DIRECTION('',(-1.,0.,0.));
#5738=DIRECTION('',(0.,0.,1.));
#5739=DIRECTION('center_axis',(0.,0.,1.));
#5740=DIRECTION('ref_axis',(0.,1.,0.));
#5741=DIRECTION('',(0.,1.,0.));
#5742=DIRECTION('',(-1.,0.,0.));
#5743=DIRECTION('',(0.,-1.,0.));
#5744=DIRECTION('center_axis',(0.,-1.,0.));
#5745=DIRECTION('ref_axis',(0.,0.,1.));
#5746=DIRECTION('',(0.,0.,1.));
#5747=DIRECTION('',(0.,0.,-1.));
#5748=DIRECTION('center_axis',(0.,0.999999999999934,-3.62460675615043E-7));
#5749=DIRECTION('ref_axis',(0.,-3.62460675615043E-7,-0.999999999999934));
#5750=DIRECTION('',(0.,-3.62460675615043E-7,-0.999999999999934));
#5751=DIRECTION('',(-1.,0.,0.));
#5752=DIRECTION('',(0.,3.62460675615043E-7,0.999999999999934));
#5753=DIRECTION('',(0.,3.62460675615043E-7,0.999999999999934));
#5754=DIRECTION('center_axis',(0.,3.62460675547106E-7,0.999999999999934));
#5755=DIRECTION('ref_axis',(0.,0.999999999999934,-3.62460675547106E-7));
#5756=DIRECTION('',(0.,0.999999999999934,-3.62460675547106E-7));
#5757=DIRECTION('',(-1.,0.,0.));
#5758=DIRECTION('',(0.,-0.999999999999934,3.62460675547106E-7));
#5759=DIRECTION('center_axis',(0.,-0.999999999999934,3.62460675615042E-7));
#5760=DIRECTION('ref_axis',(0.,3.62460675615042E-7,0.999999999999934));
#5761=DIRECTION('',(0.,3.62460675615042E-7,0.999999999999934));
#5762=DIRECTION('',(0.,-3.62460675615042E-7,-0.999999999999934));
#5763=DIRECTION('center_axis',(1.,0.,0.));
#5764=DIRECTION('ref_axis',(0.,1.,0.));
#5765=DIRECTION('',(0.,0.,-1.));
#5766=DIRECTION('',(0.,1.,0.));
#5767=DIRECTION('',(0.,0.,-1.));
#5768=DIRECTION('',(0.,0.,-1.));
#5769=DIRECTION('',(0.,1.,0.));
#5770=DIRECTION('',(0.,0.,-1.));
#5771=DIRECTION('',(0.,0.,-1.));
#5772=DIRECTION('',(0.,1.,0.));
#5773=DIRECTION('',(0.,0.,1.));
#5774=DIRECTION('',(0.,0.,-1.));
#5775=DIRECTION('',(0.,1.,0.));
#5776=DIRECTION('',(0.,0.,-1.));
#5777=DIRECTION('',(0.,0.,-1.));
#5778=DIRECTION('',(0.,1.,0.));
#5779=DIRECTION('',(0.,0.,-1.));
#5780=DIRECTION('',(0.,0.,-1.));
#5781=DIRECTION('',(0.,1.,0.));
#5782=DIRECTION('',(0.,0.,-1.));
#5783=DIRECTION('',(0.,1.,0.));
#5784=DIRECTION('',(0.,0.,-1.));
#5785=DIRECTION('center_axis',(1.,0.,0.));
#5786=DIRECTION('ref_axis',(0.,0.,1.));
#5787=DIRECTION('',(0.,0.,1.));
#5788=DIRECTION('',(0.,0.,-1.));
#5789=DIRECTION('',(0.,-1.,0.));
#5790=DIRECTION('center_axis',(-1.,0.,0.));
#5791=DIRECTION('ref_axis',(0.,0.,-1.));
#5792=DIRECTION('',(0.,0.,-1.));
#5793=DIRECTION('',(0.,-1.,0.));
#5794=DIRECTION('',(0.,0.,1.));
#5795=DIRECTION('center_axis',(0.,0.,1.));
#5796=DIRECTION('ref_axis',(-1.,0.,0.));
#5797=DIRECTION('',(-1.,0.,0.));
#5798=DIRECTION('',(1.,0.,0.));
#5799=DIRECTION('center_axis',(0.,0.,1.));
#5800=DIRECTION('ref_axis',(-1.,0.,0.));
#5801=DIRECTION('',(-1.,0.,0.));
#5802=DIRECTION('',(0.,-1.,0.));
#5803=DIRECTION('',(1.,0.,0.));
#5804=DIRECTION('',(0.,-1.,0.));
#5805=DIRECTION('center_axis',(1.,0.,0.));
#5806=DIRECTION('ref_axis',(0.,0.,1.));
#5807=DIRECTION('',(0.,0.,1.));
#5808=DIRECTION('',(0.,0.,-1.));
#5809=DIRECTION('center_axis',(-1.,0.,0.));
#5810=DIRECTION('ref_axis',(0.,0.,-1.));
#5811=DIRECTION('',(0.,0.,-1.));
#5812=DIRECTION('',(0.,0.,1.));
#5813=DIRECTION('center_axis',(1.,0.,5.04646829375072E-16));
#5814=DIRECTION('ref_axis',(-5.04646829375072E-16,0.,1.));
#5815=DIRECTION('',(-5.04646829375072E-16,0.,1.));
#5816=DIRECTION('',(5.04646829375072E-16,0.,-1.));
#5817=DIRECTION('',(0.,-1.,0.));
#5818=DIRECTION('center_axis',(-1.,0.,0.));
#5819=DIRECTION('ref_axis',(0.,0.,-1.));
#5820=DIRECTION('',(0.,0.,-1.));
#5821=DIRECTION('',(0.,-1.,0.));
#5822=DIRECTION('',(0.,0.,1.));
#5823=DIRECTION('center_axis',(0.,0.,1.));
#5824=DIRECTION('ref_axis',(-1.,0.,0.));
#5825=DIRECTION('',(-1.,0.,0.));
#5826=DIRECTION('',(1.,0.,0.));
#5827=DIRECTION('center_axis',(0.,0.,1.));
#5828=DIRECTION('ref_axis',(-1.,0.,0.));
#5829=DIRECTION('',(-1.,0.,0.));
#5830=DIRECTION('',(0.,-1.,0.));
#5831=DIRECTION('',(1.,0.,0.));
#5832=DIRECTION('',(0.,-1.,0.));
#5833=DIRECTION('center_axis',(1.,0.,0.));
#5834=DIRECTION('ref_axis',(0.,0.,1.));
#5835=DIRECTION('',(0.,0.,1.));
#5836=DIRECTION('',(0.,0.,-1.));
#5837=DIRECTION('center_axis',(-1.,0.,0.));
#5838=DIRECTION('ref_axis',(0.,0.,-1.));
#5839=DIRECTION('',(0.,0.,-1.));
#5840=DIRECTION('',(0.,0.,1.));
#5841=DIRECTION('center_axis',(0.,0.,1.));
#5842=DIRECTION('ref_axis',(-1.,0.,0.));
#5843=DIRECTION('',(-1.,0.,0.));
#5844=DIRECTION('',(0.,-1.,0.));
#5845=DIRECTION('',(1.,0.,0.));
#5846=DIRECTION('',(0.,-1.,0.));
#5847=DIRECTION('center_axis',(1.,0.,0.));
#5848=DIRECTION('ref_axis',(0.,0.,1.));
#5849=DIRECTION('',(0.,0.,1.));
#5850=DIRECTION('',(0.,0.,-1.));
#5851=DIRECTION('center_axis',(-1.,0.,5.04646829375072E-16));
#5852=DIRECTION('ref_axis',(-5.04646829375072E-16,0.,-1.));
#5853=DIRECTION('',(-5.04646829375072E-16,0.,-1.));
#5854=DIRECTION('',(5.04646829375072E-16,0.,1.));
#5855=DIRECTION('center_axis',(1.,0.,0.));
#5856=DIRECTION('ref_axis',(0.,0.,1.));
#5857=DIRECTION('',(0.,0.,1.));
#5858=DIRECTION('',(0.,0.,-1.));
#5859=DIRECTION('',(0.,-1.,0.));
#5860=DIRECTION('center_axis',(-1.,0.,0.));
#5861=DIRECTION('ref_axis',(0.,0.,-1.));
#5862=DIRECTION('',(0.,0.,-1.));
#5863=DIRECTION('',(0.,-1.,0.));
#5864=DIRECTION('',(0.,0.,1.));
#5865=DIRECTION('center_axis',(0.,0.,1.));
#5866=DIRECTION('ref_axis',(-1.,0.,0.));
#5867=DIRECTION('',(-1.,0.,0.));
#5868=DIRECTION('',(1.,0.,0.));
#5869=DIRECTION('center_axis',(1.,0.,0.));
#5870=DIRECTION('ref_axis',(0.,0.,-1.));
#5871=DIRECTION('',(0.,0.,-1.));
#5872=DIRECTION('',(0.,1.,0.));
#5873=DIRECTION('',(0.,0.,1.));
#5874=DIRECTION('center_axis',(0.,0.,1.));
#5875=DIRECTION('ref_axis',(1.,0.,0.));
#5876=DIRECTION('',(1.,0.,0.));
#5877=DIRECTION('',(0.,1.,0.));
#5878=DIRECTION('',(-1.,0.,0.));
#5879=DIRECTION('center_axis',(-1.,0.,0.));
#5880=DIRECTION('ref_axis',(0.,0.,1.));
#5881=DIRECTION('',(0.,0.,1.));
#5882=DIRECTION('',(0.,0.,-1.));
#5883=DIRECTION('center_axis',(1.,0.,5.04646829375072E-16));
#5884=DIRECTION('ref_axis',(5.04646829375072E-16,0.,-1.));
#5885=DIRECTION('',(5.04646829375072E-16,0.,-1.));
#5886=DIRECTION('',(0.,1.,0.));
#5887=DIRECTION('',(-5.04646829375072E-16,0.,1.));
#5888=DIRECTION('center_axis',(0.,0.,1.));
#5889=DIRECTION('ref_axis',(1.,0.,0.));
#5890=DIRECTION('',(1.,0.,0.));
#5891=DIRECTION('',(0.,1.,0.));
#5892=DIRECTION('',(-1.,0.,0.));
#5893=DIRECTION('center_axis',(-1.,0.,0.));
#5894=DIRECTION('ref_axis',(0.,0.,1.));
#5895=DIRECTION('',(0.,0.,1.));
#5896=DIRECTION('',(0.,0.,-1.));
#5897=DIRECTION('center_axis',(1.,0.,0.));
#5898=DIRECTION('ref_axis',(0.,0.,-1.));
#5899=DIRECTION('',(0.,0.,-1.));
#5900=DIRECTION('',(0.,1.,0.));
#5901=DIRECTION('',(0.,0.,1.));
#5902=DIRECTION('center_axis',(0.,0.,1.));
#5903=DIRECTION('ref_axis',(1.,0.,0.));
#5904=DIRECTION('',(1.,0.,0.));
#5905=DIRECTION('',(0.,1.,0.));
#5906=DIRECTION('',(-1.,0.,0.));
#5907=DIRECTION('center_axis',(-1.,0.,0.));
#5908=DIRECTION('ref_axis',(0.,0.,1.));
#5909=DIRECTION('',(0.,0.,1.));
#5910=DIRECTION('',(0.,0.,-1.));
#5911=DIRECTION('center_axis',(0.,-1.,0.));
#5912=DIRECTION('ref_axis',(1.,0.,0.));
#5913=DIRECTION('',(0.,0.,-1.));
#5914=DIRECTION('',(1.,0.,0.));
#5915=DIRECTION('',(0.,0.,-1.));
#5916=DIRECTION('',(0.,0.,-1.));
#5917=DIRECTION('',(1.,0.,0.));
#5918=DIRECTION('',(0.,0.,-1.));
#5919=DIRECTION('',(0.,0.,-1.));
#5920=DIRECTION('',(1.,0.,0.));
#5921=DIRECTION('',(0.,0.,-1.));
#5922=DIRECTION('',(1.,0.,0.));
#5923=DIRECTION('',(0.,0.,-1.));
#5924=DIRECTION('',(0.,0.,1.));
#5925=DIRECTION('',(1.,0.,0.));
#5926=DIRECTION('',(0.,0.,-1.));
#5927=DIRECTION('',(0.,0.,-1.));
#5928=DIRECTION('',(1.,0.,0.));
#5929=DIRECTION('',(0.,0.,-1.));
#5930=DIRECTION('',(5.04646829375072E-16,0.,1.));
#5931=DIRECTION('',(1.,0.,0.));
#5932=DIRECTION('',(0.,0.,-1.));
#5933=DIRECTION('',(0.,0.,-1.));
#5934=DIRECTION('',(1.,0.,0.));
#5935=DIRECTION('',(0.,0.,-1.));
#5936=DIRECTION('',(0.,0.,1.));
#5937=DIRECTION('',(1.,0.,0.));
#5938=DIRECTION('',(0.,0.,-1.));
#5939=DIRECTION('',(0.,0.,-1.));
#5940=DIRECTION('',(1.,0.,0.));
#5941=DIRECTION('',(0.,0.,1.));
#5942=DIRECTION('center_axis',(1.,0.,0.));
#5943=DIRECTION('ref_axis',(0.,0.,-1.));
#5944=DIRECTION('',(0.,1.,0.));
#5945=DIRECTION('',(0.,0.,1.));
#5946=DIRECTION('center_axis',(0.,0.,1.));
#5947=DIRECTION('ref_axis',(1.,0.,0.));
#5948=DIRECTION('',(0.,1.,0.));
#5949=DIRECTION('',(-1.,0.,0.));
#5950=DIRECTION('center_axis',(-1.,0.,0.));
#5951=DIRECTION('ref_axis',(0.,0.,1.));
#5952=DIRECTION('',(0.,0.,-1.));
#5953=DIRECTION('center_axis',(1.,0.,0.));
#5954=DIRECTION('ref_axis',(0.,0.,-1.));
#5955=DIRECTION('',(0.,1.,0.));
#5956=DIRECTION('',(0.,0.,1.));
#5957=DIRECTION('center_axis',(0.,0.,1.));
#5958=DIRECTION('ref_axis',(1.,0.,0.));
#5959=DIRECTION('',(0.,1.,0.));
#5960=DIRECTION('',(-1.,0.,0.));
#5961=DIRECTION('center_axis',(-1.,0.,5.04646829375072E-16));
#5962=DIRECTION('ref_axis',(5.04646829375072E-16,0.,1.));
#5963=DIRECTION('',(-5.04646829375072E-16,0.,-1.));
#5964=DIRECTION('center_axis',(1.,0.,0.));
#5965=DIRECTION('ref_axis',(0.,0.,-1.));
#5966=DIRECTION('',(0.,1.,0.));
#5967=DIRECTION('',(0.,0.,1.));
#5968=DIRECTION('center_axis',(0.,0.,1.));
#5969=DIRECTION('ref_axis',(1.,0.,0.));
#5970=DIRECTION('',(0.,1.,0.));
#5971=DIRECTION('',(-1.,0.,0.));
#5972=DIRECTION('center_axis',(-1.,0.,0.));
#5973=DIRECTION('ref_axis',(0.,0.,1.));
#5974=DIRECTION('',(0.,0.,-1.));
#5975=DIRECTION('center_axis',(-0.70794735427614,-0.706265207675852,0.));
#5976=DIRECTION('ref_axis',(-0.706265207675852,0.70794735427614,0.));
#5977=DIRECTION('',(0.,0.,-1.));
#5978=DIRECTION('',(-0.706265207675852,0.70794735427614,0.));
#5979=DIRECTION('center_axis',(0.707947354276139,0.706265207675852,0.));
#5980=DIRECTION('ref_axis',(0.706265207675852,-0.707947354276139,0.));
#5981=DIRECTION('',(0.706265207675852,-0.707947354276139,0.));
#5982=DIRECTION('',(0.,0.,-1.));
#5983=DIRECTION('center_axis',(0.,0.,-1.));
#5984=DIRECTION('ref_axis',(-1.,0.,0.));
#5985=DIRECTION('',(-1.,0.,0.));
#5986=DIRECTION('center_axis',(0.707947354276139,0.706265207675852,0.));
#5987=DIRECTION('ref_axis',(0.706265207675852,-0.707947354276139,0.));
#5988=DIRECTION('',(0.706265207675852,-0.707947354276139,0.));
#5989=DIRECTION('',(0.,0.,-1.));
#5990=DIRECTION('center_axis',(-0.707947354276139,-0.706265207675852,0.));
#5991=DIRECTION('ref_axis',(-0.706265207675852,0.707947354276139,0.));
#5992=DIRECTION('',(0.,0.,-1.));
#5993=DIRECTION('',(-0.706265207675852,0.707947354276139,0.));
#5994=DIRECTION('center_axis',(0.,0.,-1.));
#5995=DIRECTION('ref_axis',(-1.,0.,0.));
#5996=DIRECTION('',(0.,-1.,0.));
#5997=DIRECTION('center_axis',(0.707947354276139,0.706265207675852,0.));
#5998=DIRECTION('ref_axis',(0.706265207675852,-0.707947354276139,0.));
#5999=DIRECTION('',(0.706265207675852,-0.707947354276139,0.));
#6000=DIRECTION('',(0.,0.,-1.));
#6001=DIRECTION('center_axis',(-0.70794735427614,-0.706265207675852,0.));
#6002=DIRECTION('ref_axis',(-0.706265207675852,0.70794735427614,0.));
#6003=DIRECTION('',(0.,0.,-1.));
#6004=DIRECTION('',(-0.706265207675852,0.70794735427614,0.));
#6005=DIRECTION('center_axis',(0.,0.,-1.));
#6006=DIRECTION('ref_axis',(-1.,0.,0.));
#6007=DIRECTION('',(0.,-1.,0.));
#6008=DIRECTION('center_axis',(0.70794735427614,0.706265207675852,0.));
#6009=DIRECTION('ref_axis',(0.706265207675852,-0.70794735427614,0.));
#6010=DIRECTION('',(0.706265207675852,-0.70794735427614,0.));
#6011=DIRECTION('',(0.,0.,-1.));
#6012=DIRECTION('center_axis',(-0.70794735427614,-0.706265207675852,0.));
#6013=DIRECTION('ref_axis',(-0.706265207675852,0.70794735427614,0.));
#6014=DIRECTION('',(0.,0.,-1.));
#6015=DIRECTION('',(-0.706265207675852,0.70794735427614,0.));
#6016=DIRECTION('center_axis',(0.,0.,-1.));
#6017=DIRECTION('ref_axis',(-1.,0.,0.));
#6018=DIRECTION('',(-1.,0.,0.));
#6019=DIRECTION('center_axis',(0.707947354276139,-0.706265207675852,0.));
#6020=DIRECTION('ref_axis',(-0.706265207675852,-0.707947354276139,0.));
#6021=DIRECTION('',(0.,0.,-1.));
#6022=DIRECTION('',(-0.706265207675852,-0.707947354276139,0.));
#6023=DIRECTION('',(0.,0.,-1.));
#6024=DIRECTION('center_axis',(-0.707947354276139,0.706265207675852,0.));
#6025=DIRECTION('ref_axis',(0.706265207675852,0.707947354276139,0.));
#6026=DIRECTION('',(0.,0.,-1.));
#6027=DIRECTION('',(0.706265207675852,0.707947354276139,0.));
#6028=DIRECTION('',(0.,0.,-1.));
#6029=DIRECTION('center_axis',(0.,0.,-1.));
#6030=DIRECTION('ref_axis',(-1.,0.,0.));
#6031=DIRECTION('',(-1.,0.,0.));
#6032=DIRECTION('',(0.,-1.,0.));
#6033=DIRECTION('center_axis',(0.70794735427614,-0.706265207675852,0.));
#6034=DIRECTION('ref_axis',(-0.706265207675852,-0.70794735427614,0.));
#6035=DIRECTION('',(-0.706265207675852,-0.70794735427614,0.));
#6036=DIRECTION('center_axis',(-0.70794735427614,0.706265207675852,0.));
#6037=DIRECTION('ref_axis',(0.706265207675852,0.70794735427614,0.));
#6038=DIRECTION('',(0.706265207675852,0.70794735427614,0.));
#6039=DIRECTION('center_axis',(0.,0.,-1.));
#6040=DIRECTION('ref_axis',(-1.,0.,0.));
#6041=DIRECTION('center_axis',(-0.707106786454903,0.707106775918192,0.));
#6042=DIRECTION('ref_axis',(0.707106775918192,0.707106786454903,0.));
#6043=DIRECTION('',(0.707106775918192,0.707106786454903,0.));
#6044=DIRECTION('',(0.,0.,-1.));
#6045=DIRECTION('',(0.707106775918192,0.707106786454903,0.));
#6046=DIRECTION('',(0.,0.,-1.));
#6047=DIRECTION('center_axis',(0.707106781186548,0.707106781186548,0.));
#6048=DIRECTION('ref_axis',(0.707106781186548,-0.707106781186548,0.));
#6049=DIRECTION('',(0.707106781186548,-0.707106781186548,0.));
#6050=DIRECTION('',(0.,0.,-1.));
#6051=DIRECTION('',(0.707106781186548,-0.707106781186548,0.));
#6052=DIRECTION('center_axis',(0.707106781186548,-0.707106781186547,0.));
#6053=DIRECTION('ref_axis',(-0.707106781186547,-0.707106781186548,0.));
#6054=DIRECTION('',(-0.707106781186547,-0.707106781186548,0.));
#6055=DIRECTION('',(0.,0.,-1.));
#6056=DIRECTION('',(-0.707106781186547,-0.707106781186548,0.));
#6057=DIRECTION('center_axis',(-0.707106781186548,-0.707106781186547,0.));
#6058=DIRECTION('ref_axis',(-0.707106781186547,0.707106781186548,0.));
#6059=DIRECTION('',(-0.707106781186547,0.707106781186548,0.));
#6060=DIRECTION('',(-0.707106781186547,0.707106781186548,0.));
#6061=DIRECTION('center_axis',(0.707106786454904,0.707106775918191,0.));
#6062=DIRECTION('ref_axis',(0.707106775918191,-0.707106786454904,0.));
#6063=DIRECTION('',(0.707106775918191,-0.707106786454904,0.));
#6064=DIRECTION('',(0.,0.,-1.));
#6065=DIRECTION('',(0.707106775918191,-0.707106786454904,0.));
#6066=DIRECTION('',(0.,0.,-1.));
#6067=DIRECTION('center_axis',(0.707106781186548,-0.707106781186547,0.));
#6068=DIRECTION('ref_axis',(-0.707106781186547,-0.707106781186548,0.));
#6069=DIRECTION('',(-0.707106781186547,-0.707106781186548,0.));
#6070=DIRECTION('',(0.,0.,-1.));
#6071=DIRECTION('',(-0.707106781186547,-0.707106781186548,0.));
#6072=DIRECTION('center_axis',(-0.707106781186547,-0.707106781186548,0.));
#6073=DIRECTION('ref_axis',(-0.707106781186548,0.707106781186547,0.));
#6074=DIRECTION('',(-0.707106781186548,0.707106781186547,0.));
#6075=DIRECTION('',(0.,0.,-1.));
#6076=DIRECTION('',(-0.707106781186548,0.707106781186547,0.));
#6077=DIRECTION('center_axis',(-0.707106781186548,0.707106781186547,0.));
#6078=DIRECTION('ref_axis',(0.707106781186547,0.707106781186548,0.));
#6079=DIRECTION('',(0.707106781186547,0.707106781186548,0.));
#6080=DIRECTION('',(0.707106781186547,0.707106781186548,0.));
#6081=DIRECTION('center_axis',(-0.707106786454904,0.707106775918191,0.));
#6082=DIRECTION('ref_axis',(0.707106775918191,0.707106786454904,0.));
#6083=DIRECTION('',(0.707106775918191,0.707106786454904,0.));
#6084=DIRECTION('',(0.,0.,-1.));
#6085=DIRECTION('',(0.707106775918191,0.707106786454904,0.));
#6086=DIRECTION('',(0.,0.,-1.));
#6087=DIRECTION('center_axis',(0.707106781186548,0.707106781186547,0.));
#6088=DIRECTION('ref_axis',(0.707106781186547,-0.707106781186548,0.));
#6089=DIRECTION('',(0.707106781186547,-0.707106781186548,0.));
#6090=DIRECTION('',(0.,0.,-1.));
#6091=DIRECTION('',(0.707106781186547,-0.707106781186548,0.));
#6092=DIRECTION('center_axis',(0.707106781186547,-0.707106781186548,0.));
#6093=DIRECTION('ref_axis',(-0.707106781186548,-0.707106781186547,0.));
#6094=DIRECTION('',(-0.707106781186548,-0.707106781186547,0.));
#6095=DIRECTION('',(0.,0.,-1.));
#6096=DIRECTION('',(-0.707106781186548,-0.707106781186547,0.));
#6097=DIRECTION('center_axis',(-0.707106781186548,-0.707106781186547,0.));
#6098=DIRECTION('ref_axis',(-0.707106781186547,0.707106781186548,0.));
#6099=DIRECTION('',(-0.707106781186547,0.707106781186548,0.));
#6100=DIRECTION('',(-0.707106781186547,0.707106781186548,0.));
#6101=DIRECTION('center_axis',(0.707106786454905,0.70710677591819,0.));
#6102=DIRECTION('ref_axis',(0.70710677591819,-0.707106786454905,0.));
#6103=DIRECTION('',(0.70710677591819,-0.707106786454905,0.));
#6104=DIRECTION('',(0.,0.,-1.));
#6105=DIRECTION('',(0.70710677591819,-0.707106786454905,0.));
#6106=DIRECTION('',(0.,0.,-1.));
#6107=DIRECTION('center_axis',(0.707106781186548,-0.707106781186547,0.));
#6108=DIRECTION('ref_axis',(-0.707106781186547,-0.707106781186548,0.));
#6109=DIRECTION('',(-0.707106781186547,-0.707106781186548,0.));
#6110=DIRECTION('',(0.,0.,-1.));
#6111=DIRECTION('',(-0.707106781186547,-0.707106781186548,0.));
#6112=DIRECTION('center_axis',(-0.707106781186547,-0.707106781186548,0.));
#6113=DIRECTION('ref_axis',(-0.707106781186548,0.707106781186547,0.));
#6114=DIRECTION('',(-0.707106781186548,0.707106781186547,0.));
#6115=DIRECTION('',(0.,0.,-1.));
#6116=DIRECTION('',(-0.707106781186548,0.707106781186547,0.));
#6117=DIRECTION('center_axis',(-0.707106781186548,0.707106781186547,0.));
#6118=DIRECTION('ref_axis',(0.707106781186547,0.707106781186548,0.));
#6119=DIRECTION('',(0.707106781186547,0.707106781186548,0.));
#6120=DIRECTION('',(0.707106781186547,0.707106781186548,0.));
#6121=DIRECTION('center_axis',(-0.707106781186548,0.707106781186547,0.));
#6122=DIRECTION('ref_axis',(0.707106781186547,0.707106781186548,0.));
#6123=DIRECTION('',(0.707106781186547,0.707106781186548,0.));
#6124=DIRECTION('',(0.,0.,-1.));
#6125=DIRECTION('',(0.707106781186547,0.707106781186548,0.));
#6126=DIRECTION('',(0.,0.,-1.));
#6127=DIRECTION('center_axis',(0.707106781186547,0.707106781186548,0.));
#6128=DIRECTION('ref_axis',(0.707106781186548,-0.707106781186547,0.));
#6129=DIRECTION('',(0.707106781186548,-0.707106781186547,0.));
#6130=DIRECTION('',(0.,0.,-1.));
#6131=DIRECTION('',(0.707106781186548,-0.707106781186547,0.));
#6132=DIRECTION('center_axis',(0.707106781186548,-0.707106781186547,0.));
#6133=DIRECTION('ref_axis',(-0.707106781186547,-0.707106781186548,0.));
#6134=DIRECTION('',(-0.707106781186547,-0.707106781186548,0.));
#6135=DIRECTION('',(0.,0.,-1.));
#6136=DIRECTION('',(-0.707106781186547,-0.707106781186548,0.));
#6137=DIRECTION('center_axis',(-0.707106786454904,-0.707106775918191,0.));
#6138=DIRECTION('ref_axis',(-0.707106775918191,0.707106786454904,0.));
#6139=DIRECTION('',(-0.707106775918191,0.707106786454904,0.));
#6140=DIRECTION('',(-0.707106775918191,0.707106786454904,0.));
#6141=DIRECTION('center_axis',(-0.707106781186548,0.707106781186547,0.));
#6142=DIRECTION('ref_axis',(0.707106781186547,0.707106781186548,0.));
#6143=DIRECTION('',(0.707106781186547,0.707106781186548,0.));
#6144=DIRECTION('',(0.,0.,-1.));
#6145=DIRECTION('',(0.707106781186547,0.707106781186548,0.));
#6146=DIRECTION('',(0.,0.,-1.));
#6147=DIRECTION('center_axis',(0.707106781186547,0.707106781186548,0.));
#6148=DIRECTION('ref_axis',(0.707106781186548,-0.707106781186547,0.));
#6149=DIRECTION('',(0.707106781186548,-0.707106781186547,0.));
#6150=DIRECTION('',(0.,0.,-1.));
#6151=DIRECTION('',(0.707106781186548,-0.707106781186547,0.));
#6152=DIRECTION('center_axis',(0.707106781186548,-0.707106781186547,0.));
#6153=DIRECTION('ref_axis',(-0.707106781186547,-0.707106781186548,0.));
#6154=DIRECTION('',(-0.707106781186547,-0.707106781186548,0.));
#6155=DIRECTION('',(0.,0.,-1.));
#6156=DIRECTION('',(-0.707106781186547,-0.707106781186548,0.));
#6157=DIRECTION('center_axis',(-0.707106786454904,-0.707106775918191,0.));
#6158=DIRECTION('ref_axis',(-0.707106775918191,0.707106786454904,0.));
#6159=DIRECTION('',(-0.707106775918191,0.707106786454904,0.));
#6160=DIRECTION('',(-0.707106775918191,0.707106786454904,0.));
#6161=DIRECTION('center_axis',(0.707106786454904,0.707106775918191,0.));
#6162=DIRECTION('ref_axis',(0.707106775918191,-0.707106786454904,0.));
#6163=DIRECTION('',(0.707106775918191,-0.707106786454904,0.));
#6164=DIRECTION('',(0.,0.,-1.));
#6165=DIRECTION('',(0.707106775918191,-0.707106786454904,0.));
#6166=DIRECTION('',(0.,0.,-1.));
#6167=DIRECTION('center_axis',(0.707106781186548,-0.707106781186547,0.));
#6168=DIRECTION('ref_axis',(-0.707106781186547,-0.707106781186548,0.));
#6169=DIRECTION('',(-0.707106781186547,-0.707106781186548,0.));
#6170=DIRECTION('',(0.,0.,-1.));
#6171=DIRECTION('',(-0.707106781186547,-0.707106781186548,0.));
#6172=DIRECTION('center_axis',(-0.707106781186548,-0.707106781186547,0.));
#6173=DIRECTION('ref_axis',(-0.707106781186547,0.707106781186548,0.));
#6174=DIRECTION('',(-0.707106781186547,0.707106781186548,0.));
#6175=DIRECTION('',(0.,0.,-1.));
#6176=DIRECTION('',(-0.707106781186547,0.707106781186548,0.));
#6177=DIRECTION('center_axis',(-0.707106781186548,0.707106781186548,0.));
#6178=DIRECTION('ref_axis',(0.707106781186548,0.707106781186548,0.));
#6179=DIRECTION('',(0.707106781186548,0.707106781186548,0.));
#6180=DIRECTION('',(0.707106781186548,0.707106781186548,0.));
#6181=DIRECTION('center_axis',(0.707106786454904,-0.707106775918191,0.));
#6182=DIRECTION('ref_axis',(-0.707106775918191,-0.707106786454904,0.));
#6183=DIRECTION('',(-0.707106775918191,-0.707106786454904,0.));
#6184=DIRECTION('',(0.,0.,-1.));
#6185=DIRECTION('',(-0.707106775918191,-0.707106786454904,0.));
#6186=DIRECTION('',(0.,0.,-1.));
#6187=DIRECTION('center_axis',(-0.707106781186548,-0.707106781186547,0.));
#6188=DIRECTION('ref_axis',(-0.707106781186547,0.707106781186548,0.));
#6189=DIRECTION('',(-0.707106781186547,0.707106781186548,0.));
#6190=DIRECTION('',(0.,0.,-1.));
#6191=DIRECTION('',(-0.707106781186547,0.707106781186548,0.));
#6192=DIRECTION('center_axis',(-0.707106781186547,0.707106781186548,0.));
#6193=DIRECTION('ref_axis',(0.707106781186548,0.707106781186547,0.));
#6194=DIRECTION('',(0.707106781186548,0.707106781186547,0.));
#6195=DIRECTION('',(0.,0.,-1.));
#6196=DIRECTION('',(0.707106781186548,0.707106781186547,0.));
#6197=DIRECTION('center_axis',(0.707106781186548,0.707106781186547,0.));
#6198=DIRECTION('ref_axis',(0.707106781186547,-0.707106781186548,0.));
#6199=DIRECTION('',(0.707106781186547,-0.707106781186548,0.));
#6200=DIRECTION('',(0.707106781186547,-0.707106781186548,0.));
#6201=DIRECTION('center_axis',(-0.707106781186548,0.707106781186547,0.));
#6202=DIRECTION('ref_axis',(0.707106781186547,0.707106781186548,0.));
#6203=DIRECTION('',(0.707106781186547,0.707106781186548,0.));
#6204=DIRECTION('',(0.,0.,-1.));
#6205=DIRECTION('',(0.707106781186547,0.707106781186548,0.));
#6206=DIRECTION('',(0.,0.,-1.));
#6207=DIRECTION('center_axis',(0.707106781186548,0.707106781186547,0.));
#6208=DIRECTION('ref_axis',(0.707106781186547,-0.707106781186548,0.));
#6209=DIRECTION('',(0.707106781186547,-0.707106781186548,0.));
#6210=DIRECTION('',(0.,0.,-1.));
#6211=DIRECTION('',(0.707106781186547,-0.707106781186548,0.));
#6212=DIRECTION('center_axis',(0.707106781186548,-0.707106781186548,0.));
#6213=DIRECTION('ref_axis',(-0.707106781186548,-0.707106781186548,0.));
#6214=DIRECTION('',(-0.707106781186548,-0.707106781186548,0.));
#6215=DIRECTION('',(0.,0.,-1.));
#6216=DIRECTION('',(-0.707106781186548,-0.707106781186548,0.));
#6217=DIRECTION('center_axis',(-0.707106786454903,-0.707106775918192,0.));
#6218=DIRECTION('ref_axis',(-0.707106775918192,0.707106786454903,0.));
#6219=DIRECTION('',(-0.707106775918192,0.707106786454903,0.));
#6220=DIRECTION('',(-0.707106775918192,0.707106786454903,0.));
#6221=DIRECTION('center_axis',(-0.707106786454905,0.70710677591819,0.));
#6222=DIRECTION('ref_axis',(0.70710677591819,0.707106786454905,0.));
#6223=DIRECTION('',(0.70710677591819,0.707106786454905,0.));
#6224=DIRECTION('',(0.,0.,-1.));
#6225=DIRECTION('',(0.70710677591819,0.707106786454905,0.));
#6226=DIRECTION('',(0.,0.,-1.));
#6227=DIRECTION('center_axis',(0.707106781186548,0.707106781186547,0.));
#6228=DIRECTION('ref_axis',(0.707106781186547,-0.707106781186548,0.));
#6229=DIRECTION('',(0.707106781186547,-0.707106781186548,0.));
#6230=DIRECTION('',(0.,0.,-1.));
#6231=DIRECTION('',(0.707106781186547,-0.707106781186548,0.));
#6232=DIRECTION('center_axis',(0.707106781186547,-0.707106781186548,0.));
#6233=DIRECTION('ref_axis',(-0.707106781186548,-0.707106781186547,0.));
#6234=DIRECTION('',(-0.707106781186548,-0.707106781186547,0.));
#6235=DIRECTION('',(0.,0.,-1.));
#6236=DIRECTION('',(-0.707106781186548,-0.707106781186547,0.));
#6237=DIRECTION('center_axis',(-0.707106781186548,-0.707106781186547,0.));
#6238=DIRECTION('ref_axis',(-0.707106781186547,0.707106781186548,0.));
#6239=DIRECTION('',(-0.707106781186547,0.707106781186548,0.));
#6240=DIRECTION('',(-0.707106781186547,0.707106781186548,0.));
#6241=DIRECTION('center_axis',(0.707106786454905,-0.70710677591819,0.));
#6242=DIRECTION('ref_axis',(-0.70710677591819,-0.707106786454905,0.));
#6243=DIRECTION('',(-0.70710677591819,-0.707106786454905,0.));
#6244=DIRECTION('',(0.,0.,-1.));
#6245=DIRECTION('',(-0.70710677591819,-0.707106786454905,0.));
#6246=DIRECTION('',(0.,0.,-1.));
#6247=DIRECTION('center_axis',(-0.707106781186548,-0.707106781186547,0.));
#6248=DIRECTION('ref_axis',(-0.707106781186547,0.707106781186548,0.));
#6249=DIRECTION('',(-0.707106781186547,0.707106781186548,0.));
#6250=DIRECTION('',(0.,0.,-1.));
#6251=DIRECTION('',(-0.707106781186547,0.707106781186548,0.));
#6252=DIRECTION('center_axis',(-0.707106781186547,0.707106781186548,0.));
#6253=DIRECTION('ref_axis',(0.707106781186548,0.707106781186547,0.));
#6254=DIRECTION('',(0.707106781186548,0.707106781186547,0.));
#6255=DIRECTION('',(0.,0.,-1.));
#6256=DIRECTION('',(0.707106781186548,0.707106781186547,0.));
#6257=DIRECTION('center_axis',(0.707106781186548,0.707106781186547,0.));
#6258=DIRECTION('ref_axis',(0.707106781186547,-0.707106781186548,0.));
#6259=DIRECTION('',(0.707106781186547,-0.707106781186548,0.));
#6260=DIRECTION('',(0.707106781186547,-0.707106781186548,0.));
#6261=DIRECTION('center_axis',(0.707106786454904,-0.707106775918191,0.));
#6262=DIRECTION('ref_axis',(-0.707106775918191,-0.707106786454904,0.));
#6263=DIRECTION('',(-0.707106775918191,-0.707106786454904,0.));
#6264=DIRECTION('',(0.,0.,-1.));
#6265=DIRECTION('',(-0.707106775918191,-0.707106786454904,0.));
#6266=DIRECTION('',(0.,0.,-1.));
#6267=DIRECTION('center_axis',(-0.707106781186548,-0.707106781186548,0.));
#6268=DIRECTION('ref_axis',(-0.707106781186548,0.707106781186548,0.));
#6269=DIRECTION('',(-0.707106781186548,0.707106781186548,0.));
#6270=DIRECTION('',(0.,0.,-1.));
#6271=DIRECTION('',(-0.707106781186548,0.707106781186548,0.));
#6272=DIRECTION('center_axis',(-0.707106781186548,0.707106781186547,0.));
#6273=DIRECTION('ref_axis',(0.707106781186547,0.707106781186548,0.));
#6274=DIRECTION('',(0.707106781186547,0.707106781186548,0.));
#6275=DIRECTION('',(0.,0.,-1.));
#6276=DIRECTION('',(0.707106781186547,0.707106781186548,0.));
#6277=DIRECTION('center_axis',(0.707106781186548,0.707106781186547,0.));
#6278=DIRECTION('ref_axis',(0.707106781186547,-0.707106781186548,0.));
#6279=DIRECTION('',(0.707106781186547,-0.707106781186548,0.));
#6280=DIRECTION('',(0.707106781186547,-0.707106781186548,0.));
#6281=DIRECTION('center_axis',(-0.707106781186548,-0.707106781186547,0.));
#6282=DIRECTION('ref_axis',(-0.707106781186547,0.707106781186548,0.));
#6283=DIRECTION('',(-0.707106781186547,0.707106781186548,0.));
#6284=DIRECTION('',(0.,0.,-1.));
#6285=DIRECTION('',(-0.707106781186547,0.707106781186548,0.));
#6286=DIRECTION('',(0.,0.,-1.));
#6287=DIRECTION('center_axis',(-0.707106781186548,0.707106781186548,0.));
#6288=DIRECTION('ref_axis',(0.707106781186548,0.707106781186548,0.));
#6289=DIRECTION('',(0.707106781186548,0.707106781186548,0.));
#6290=DIRECTION('',(0.,0.,-1.));
#6291=DIRECTION('',(0.707106781186548,0.707106781186548,0.));
#6292=DIRECTION('center_axis',(0.707106781186548,0.707106781186548,0.));
#6293=DIRECTION('ref_axis',(0.707106781186548,-0.707106781186548,0.));
#6294=DIRECTION('',(0.707106781186548,-0.707106781186548,0.));
#6295=DIRECTION('',(0.,0.,-1.));
#6296=DIRECTION('',(0.707106781186548,-0.707106781186548,0.));
#6297=DIRECTION('center_axis',(0.707106781186548,-0.707106781186548,0.));
#6298=DIRECTION('ref_axis',(-0.707106781186548,-0.707106781186548,0.));
#6299=DIRECTION('',(-0.707106781186548,-0.707106781186548,0.));
#6300=DIRECTION('',(-0.707106781186548,-0.707106781186548,0.));
#6301=DIRECTION('center_axis',(-0.70794735427614,0.706265207675852,0.));
#6302=DIRECTION('ref_axis',(0.706265207675852,0.70794735427614,0.));
#6303=DIRECTION('',(0.706265207675852,0.70794735427614,0.));
#6304=DIRECTION('',(0.,0.,-1.));
#6305=DIRECTION('',(0.706265207675852,0.70794735427614,0.));
#6306=DIRECTION('',(0.,0.,-1.));
#6307=DIRECTION('center_axis',(0.707947354276139,-0.706265207675852,0.));
#6308=DIRECTION('ref_axis',(-0.706265207675852,-0.707947354276139,0.));
#6309=DIRECTION('',(0.,0.,-1.));
#6310=DIRECTION('',(-0.706265207675852,-0.707947354276139,0.));
#6311=DIRECTION('',(0.,0.,-1.));
#6312=DIRECTION('center_axis',(-0.707106786454904,0.707106775918192,0.));
#6313=DIRECTION('ref_axis',(0.707106775918192,0.707106786454904,0.));
#6314=DIRECTION('',(0.707106775918192,0.707106786454904,0.));
#6315=DIRECTION('',(0.,0.,-1.));
#6316=DIRECTION('',(0.707106775918191,0.707106786454903,0.));
#6317=DIRECTION('',(0.,0.,-1.));
#6318=DIRECTION('center_axis',(0.707106781186548,0.707106781186547,0.));
#6319=DIRECTION('ref_axis',(0.707106781186547,-0.707106781186548,0.));
#6320=DIRECTION('',(0.707106781186547,-0.707106781186548,0.));
#6321=DIRECTION('',(0.,0.,-1.));
#6322=DIRECTION('',(0.707106781186547,-0.707106781186548,0.));
#6323=DIRECTION('center_axis',(0.707106781186548,-0.707106781186547,0.));
#6324=DIRECTION('ref_axis',(-0.707106781186547,-0.707106781186548,0.));
#6325=DIRECTION('',(-0.707106781186547,-0.707106781186548,0.));
#6326=DIRECTION('',(0.,0.,-1.));
#6327=DIRECTION('',(-0.707106781186547,-0.707106781186548,0.));
#6328=DIRECTION('center_axis',(0.707106781186547,0.707106781186548,0.));
#6329=DIRECTION('ref_axis',(0.707106781186548,-0.707106781186547,0.));
#6330=DIRECTION('',(0.707106781186548,-0.707106781186547,0.));
#6331=DIRECTION('',(0.,0.,-1.));
#6332=DIRECTION('',(0.707106781186548,-0.707106781186547,0.));
#6333=DIRECTION('center_axis',(0.707106781186548,-0.707106781186547,0.));
#6334=DIRECTION('ref_axis',(-0.707106781186547,-0.707106781186548,0.));
#6335=DIRECTION('',(-0.707106781186547,-0.707106781186548,0.));
#6336=DIRECTION('',(0.,0.,-1.));
#6337=DIRECTION('',(-0.707106781186547,-0.707106781186548,0.));
#6338=DIRECTION('center_axis',(-0.707106786454904,-0.707106775918191,0.));
#6339=DIRECTION('ref_axis',(-0.707106775918191,0.707106786454904,0.));
#6340=DIRECTION('',(-0.707106775918191,0.707106786454904,0.));
#6341=DIRECTION('',(-0.707106775918191,0.707106786454904,0.));
#6342=DIRECTION('center_axis',(0.707947354276139,0.706265207675852,0.));
#6343=DIRECTION('ref_axis',(0.706265207675852,-0.707947354276139,0.));
#6344=DIRECTION('',(0.706265207675852,-0.707947354276139,0.));
#6345=DIRECTION('',(0.,0.,-1.));
#6346=DIRECTION('center_axis',(-0.70794735427614,-0.706265207675852,0.));
#6347=DIRECTION('ref_axis',(-0.706265207675852,0.70794735427614,0.));
#6348=DIRECTION('',(-0.706265207675852,0.70794735427614,0.));
#6349=DIRECTION('',(0.,0.,-1.));
#6350=DIRECTION('',(-0.706265207675852,0.70794735427614,0.));
#6351=DIRECTION('',(0.,0.,-1.));
#6352=DIRECTION('center_axis',(-0.707106781186548,0.707106781186547,0.));
#6353=DIRECTION('ref_axis',(0.707106781186547,0.707106781186548,0.));
#6354=DIRECTION('',(0.707106781186547,0.707106781186548,0.));
#6355=DIRECTION('',(0.,0.,-1.));
#6356=DIRECTION('',(0.707106781186547,0.707106781186548,0.));
#6357=DIRECTION('center_axis',(0.707106781186548,0.707106781186548,0.));
#6358=DIRECTION('ref_axis',(0.707106781186548,-0.707106781186548,0.));
#6359=DIRECTION('',(0.707106781186548,-0.707106781186548,0.));
#6360=DIRECTION('',(0.,0.,-1.));
#6361=DIRECTION('',(0.707106781186548,-0.707106781186548,0.));
#6362=DIRECTION('center_axis',(0.70794735427614,-0.706265207675852,0.));
#6363=DIRECTION('ref_axis',(-0.706265207675851,-0.70794735427614,0.));
#6364=DIRECTION('',(-0.706265207675851,-0.70794735427614,0.));
#6365=DIRECTION('',(-0.706265207675851,-0.70794735427614,0.));
#6366=DIRECTION('center_axis',(-0.70794735427614,0.706265207675852,0.));
#6367=DIRECTION('ref_axis',(0.706265207675852,0.70794735427614,0.));
#6368=DIRECTION('',(0.706265207675852,0.70794735427614,0.));
#6369=DIRECTION('center_axis',(0.707106786454904,-0.707106775918191,0.));
#6370=DIRECTION('ref_axis',(-0.707106775918191,-0.707106786454904,0.));
#6371=DIRECTION('',(-0.707106775918191,-0.707106786454904,0.));
#6372=DIRECTION('',(0.,0.,-1.));
#6373=DIRECTION('',(-0.707106775918191,-0.707106786454904,0.));
#6374=DIRECTION('',(0.,0.,-1.));
#6375=DIRECTION('center_axis',(-0.707106781186548,-0.707106781186547,0.));
#6376=DIRECTION('ref_axis',(-0.707106781186547,0.707106781186548,0.));
#6377=DIRECTION('',(-0.707106781186547,0.707106781186548,0.));
#6378=DIRECTION('',(0.,0.,-1.));
#6379=DIRECTION('',(-0.707106781186547,0.707106781186548,0.));
#6380=DIRECTION('center_axis',(-0.707106781186547,0.707106781186548,0.));
#6381=DIRECTION('ref_axis',(0.707106781186548,0.707106781186547,0.));
#6382=DIRECTION('',(0.707106781186548,0.707106781186547,0.));
#6383=DIRECTION('',(0.,0.,-1.));
#6384=DIRECTION('',(0.707106781186548,0.707106781186547,0.));
#6385=DIRECTION('center_axis',(-0.707106781186547,-0.707106781186548,0.));
#6386=DIRECTION('ref_axis',(-0.707106781186548,0.707106781186547,0.));
#6387=DIRECTION('',(-0.707106781186548,0.707106781186547,0.));
#6388=DIRECTION('',(0.,0.,-1.));
#6389=DIRECTION('',(-0.707106781186548,0.707106781186547,0.));
#6390=DIRECTION('center_axis',(-0.707106781186548,0.707106781186547,0.));
#6391=DIRECTION('ref_axis',(0.707106781186547,0.707106781186548,0.));
#6392=DIRECTION('',(0.707106781186547,0.707106781186548,0.));
#6393=DIRECTION('',(0.,0.,-1.));
#6394=DIRECTION('',(0.707106781186547,0.707106781186548,0.));
#6395=DIRECTION('center_axis',(0.707106786454904,0.707106775918191,0.));
#6396=DIRECTION('ref_axis',(0.707106775918191,-0.707106786454904,0.));
#6397=DIRECTION('',(0.707106775918191,-0.707106786454904,0.));
#6398=DIRECTION('',(0.707106775918191,-0.707106786454904,0.));
#6399=DIRECTION('center_axis',(-0.70794735427614,-0.706265207675852,0.));
#6400=DIRECTION('ref_axis',(-0.706265207675852,0.70794735427614,0.));
#6401=DIRECTION('',(0.,0.,-1.));
#6402=DIRECTION('',(-0.706265207675852,0.70794735427614,0.));
#6403=DIRECTION('center_axis',(0.70794735427614,0.706265207675852,0.));
#6404=DIRECTION('ref_axis',(0.706265207675852,-0.70794735427614,0.));
#6405=DIRECTION('',(0.706265207675852,-0.70794735427614,0.));
#6406=DIRECTION('',(0.,0.,-1.));
#6407=DIRECTION('',(0.706265207675852,-0.70794735427614,0.));
#6408=DIRECTION('center_axis',(0.707106781186548,-0.707106781186548,0.));
#6409=DIRECTION('ref_axis',(-0.707106781186548,-0.707106781186548,0.));
#6410=DIRECTION('',(-0.707106781186548,-0.707106781186548,0.));
#6411=DIRECTION('',(0.,0.,-1.));
#6412=DIRECTION('',(-0.707106781186547,-0.707106781186547,0.));
#6413=DIRECTION('center_axis',(-0.707106781186548,-0.707106781186547,0.));
#6414=DIRECTION('ref_axis',(-0.707106781186547,0.707106781186548,0.));
#6415=DIRECTION('',(-0.707106781186547,0.707106781186548,0.));
#6416=DIRECTION('',(-0.707106781186547,0.707106781186548,0.));
#6417=DIRECTION('center_axis',(0.,0.,-1.));
#6418=DIRECTION('ref_axis',(-1.,0.,0.));
#6419=DIRECTION('',(-1.,0.,0.));
#6420=DIRECTION('',(0.,-1.,0.));
#6421=DIRECTION('',(0.,-1.,0.));
#6422=DIRECTION('',(-1.,0.,0.));
#6423=DIRECTION('center_axis',(0.707947354276139,-0.706265207675852,0.));
#6424=DIRECTION('ref_axis',(-0.706265207675852,-0.707947354276139,0.));
#6425=DIRECTION('',(-0.706265207675852,-0.707947354276139,0.));
#6426=DIRECTION('center_axis',(-0.70794735427614,0.706265207675852,0.));
#6427=DIRECTION('ref_axis',(0.706265207675852,0.70794735427614,0.));
#6428=DIRECTION('',(0.706265207675852,0.70794735427614,0.));
#6429=DIRECTION('center_axis',(0.,0.,-1.));
#6430=DIRECTION('ref_axis',(-1.,0.,0.));
#6431=DIRECTION('center_axis',(-0.707947354276139,0.706265207675852,0.));
#6432=DIRECTION('ref_axis',(0.706265207675852,0.707947354276139,0.));
#6433=DIRECTION('',(0.,0.,-1.));
#6434=DIRECTION('',(0.706265207675852,0.707947354276139,0.));
#6435=DIRECTION('',(0.,0.,-1.));
#6436=DIRECTION('center_axis',(0.707947354276139,-0.706265207675852,0.));
#6437=DIRECTION('ref_axis',(-0.706265207675852,-0.707947354276139,0.));
#6438=DIRECTION('',(0.,0.,-1.));
#6439=DIRECTION('',(-0.706265207675852,-0.707947354276139,0.));
#6440=DIRECTION('',(0.,0.,-1.));
#6441=DIRECTION('center_axis',(0.,0.,-1.));
#6442=DIRECTION('ref_axis',(-1.,0.,0.));
#6443=DIRECTION('',(0.,-1.,0.));
#6444=DIRECTION('',(-1.,0.,0.));
#6445=DIRECTION('center_axis',(0.,0.,1.));
#6446=DIRECTION('ref_axis',(1.,0.,0.));
#6447=DIRECTION('center_axis',(0.,0.,-1.));
#6448=DIRECTION('ref_axis',(-1.,0.,0.));
#6449=DIRECTION('center_axis',(0.,0.,1.));
#6450=DIRECTION('ref_axis',(1.,0.,0.));
#6451=DIRECTION('center_axis',(0.,0.,1.));
#6452=DIRECTION('ref_axis',(1.,0.,0.));
#6453=DIRECTION('center_axis',(0.,0.,1.));
#6454=DIRECTION('ref_axis',(1.,0.,0.));
#6455=DIRECTION('center_axis',(0.,0.,1.));
#6456=DIRECTION('ref_axis',(1.,0.,0.));
#6457=DIRECTION('center_axis',(0.,0.,1.));
#6458=DIRECTION('ref_axis',(1.,0.,0.));
#6459=DIRECTION('center_axis',(0.,0.,1.));
#6460=DIRECTION('ref_axis',(1.,0.,0.));
#6461=DIRECTION('center_axis',(0.,0.,1.));
#6462=DIRECTION('ref_axis',(1.,0.,0.));
#6463=DIRECTION('center_axis',(0.,0.,1.));
#6464=DIRECTION('ref_axis',(1.,0.,0.));
#6465=DIRECTION('center_axis',(0.,0.,1.));
#6466=DIRECTION('ref_axis',(1.,0.,0.));
#6467=DIRECTION('center_axis',(0.,0.,1.));
#6468=DIRECTION('ref_axis',(1.,0.,0.));
#6469=DIRECTION('center_axis',(0.,0.,1.));
#6470=DIRECTION('ref_axis',(1.,0.,0.));
#6471=DIRECTION('center_axis',(0.,0.,1.));
#6472=DIRECTION('ref_axis',(1.,0.,0.));
#6473=DIRECTION('center_axis',(0.,0.,1.));
#6474=DIRECTION('ref_axis',(1.,0.,0.));
#6475=DIRECTION('center_axis',(0.,0.,1.));
#6476=DIRECTION('ref_axis',(1.,0.,0.));
#6477=DIRECTION('center_axis',(0.,0.,1.));
#6478=DIRECTION('ref_axis',(1.,0.,0.));
#6479=DIRECTION('center_axis',(0.,0.,1.));
#6480=DIRECTION('ref_axis',(1.,0.,0.));
#6481=DIRECTION('center_axis',(0.,0.,1.));
#6482=DIRECTION('ref_axis',(1.,0.,0.));
#6483=DIRECTION('center_axis',(0.,0.,-1.));
#6484=DIRECTION('ref_axis',(-1.,0.,0.));
#6485=DIRECTION('center_axis',(1.22464679914735E-16,-1.,0.));
#6486=DIRECTION('ref_axis',(-1.,-1.22464679914735E-16,0.));
#6487=DIRECTION('center_axis',(0.,0.,1.));
#6488=DIRECTION('ref_axis',(-1.,0.,0.));
#6489=DIRECTION('center_axis',(0.,0.,1.));
#6490=DIRECTION('ref_axis',(-1.,0.,0.));
#6491=DIRECTION('center_axis',(0.,0.,1.));
#6492=DIRECTION('ref_axis',(-1.,0.,0.));
#6493=DIRECTION('',(0.,0.,-1.));
#6494=DIRECTION('center_axis',(0.,0.,1.));
#6495=DIRECTION('ref_axis',(-1.,0.,0.));
#6496=DIRECTION('',(2.67454968385942E-13,-1.,0.));
#6497=DIRECTION('',(1.,5.62988094582252E-13,0.));
#6498=DIRECTION('',(1.18364099883424E-12,-1.,0.));
#6499=DIRECTION('',(-1.,4.81456091209892E-13,0.));
#6500=DIRECTION('',(-9.93049089177947E-13,-1.,0.));
#6501=DIRECTION('',(-1.,1.07440937866951E-14,0.));
#6502=DIRECTION('',(1.06925710664403E-14,1.,0.));
#6503=DIRECTION('',(-1.,1.07834162020471E-14,0.));
#6504=DIRECTION('',(1.4638827784372E-13,1.,0.));
#6505=DIRECTION('',(1.,-1.25275165616516E-13,0.));
#6506=DIRECTION('',(2.58872773188907E-14,1.,0.));
#6507=DIRECTION('',(1.,4.47670574445628E-16,0.));
#6508=DIRECTION('center_axis',(4.47670574445628E-16,-1.,0.));
#6509=DIRECTION('ref_axis',(1.,4.47670574445628E-16,0.));
#6510=DIRECTION('',(-1.,-4.47670574445628E-16,0.));
#6511=DIRECTION('',(0.,0.,1.));
#6512=DIRECTION('',(0.,0.,1.));
#6513=DIRECTION('center_axis',(1.,-2.58872773188907E-14,0.));
#6514=DIRECTION('ref_axis',(2.58872773188907E-14,1.,0.));
#6515=DIRECTION('',(-2.58872773188907E-14,-1.,0.));
#6516=DIRECTION('',(0.,0.,1.));
#6517=DIRECTION('center_axis',(-1.25275165616516E-13,-1.,0.));
#6518=DIRECTION('ref_axis',(1.,-1.25275165616516E-13,0.));
#6519=DIRECTION('',(-1.,1.25275165616516E-13,0.));
#6520=DIRECTION('',(0.,0.,1.));
#6521=DIRECTION('center_axis',(1.,-1.4638827784372E-13,0.));
#6522=DIRECTION('ref_axis',(1.4638827784372E-13,1.,0.));
#6523=DIRECTION('',(-1.4638827784372E-13,-1.,0.));
#6524=DIRECTION('',(0.,0.,1.));
#6525=DIRECTION('center_axis',(1.07834162020471E-14,1.,0.));
#6526=DIRECTION('ref_axis',(-1.,1.07834162020471E-14,0.));
#6527=DIRECTION('',(1.,-1.07834162020471E-14,0.));
#6528=DIRECTION('',(0.,0.,1.));
#6529=DIRECTION('center_axis',(1.,-1.06925710664403E-14,0.));
#6530=DIRECTION('ref_axis',(1.06925710664403E-14,1.,0.));
#6531=DIRECTION('',(-1.06925710664403E-14,-1.,0.));
#6532=DIRECTION('',(0.,0.,1.));
#6533=DIRECTION('center_axis',(1.07440937866951E-14,1.,0.));
#6534=DIRECTION('ref_axis',(-1.,1.07440937866951E-14,0.));
#6535=DIRECTION('',(1.,-1.07440937866951E-14,0.));
#6536=DIRECTION('',(0.,0.,1.));
#6537=DIRECTION('center_axis',(-1.,9.93049089177947E-13,0.));
#6538=DIRECTION('ref_axis',(-9.93049089177947E-13,-1.,0.));
#6539=DIRECTION('',(9.93049089177947E-13,1.,0.));
#6540=DIRECTION('',(0.,0.,1.));
#6541=DIRECTION('center_axis',(4.81456091209892E-13,1.,0.));
#6542=DIRECTION('ref_axis',(-1.,4.81456091209892E-13,0.));
#6543=DIRECTION('',(1.,-4.81456091209892E-13,0.));
#6544=DIRECTION('',(0.,0.,1.));
#6545=DIRECTION('center_axis',(-1.,-1.18364099883424E-12,0.));
#6546=DIRECTION('ref_axis',(1.18364099883424E-12,-1.,0.));
#6547=DIRECTION('',(-1.18364099883424E-12,1.,0.));
#6548=DIRECTION('',(0.,0.,1.));
#6549=DIRECTION('center_axis',(5.62988094582252E-13,-1.,0.));
#6550=DIRECTION('ref_axis',(1.,5.62988094582252E-13,0.));
#6551=DIRECTION('',(-1.,-5.62988094582252E-13,0.));
#6552=DIRECTION('',(0.,0.,1.));
#6553=DIRECTION('center_axis',(-1.,-2.67454968385942E-13,0.));
#6554=DIRECTION('ref_axis',(2.67454968385942E-13,-1.,0.));
#6555=DIRECTION('',(-2.67454968385942E-13,1.,0.));
#6556=DIRECTION('center_axis',(0.,0.,1.));
#6557=DIRECTION('ref_axis',(-0.707106781186548,0.707106781186548,0.));
#6558=DIRECTION('center_axis',(0.,0.,1.));
#6559=DIRECTION('ref_axis',(-0.707106781186548,0.707106781186548,0.));
#6560=DIRECTION('center_axis',(0.,0.,1.));
#6561=DIRECTION('ref_axis',(0.707106781186548,0.707106781186548,0.));
#6562=DIRECTION('',(0.,0.,1.));
#6563=DIRECTION('center_axis',(0.,0.,1.));
#6564=DIRECTION('ref_axis',(0.707106781186548,0.707106781186548,0.));
#6565=DIRECTION('center_axis',(0.,0.,1.));
#6566=DIRECTION('ref_axis',(0.707106781186548,-0.707106781186548,0.));
#6567=DIRECTION('',(0.,0.,1.));
#6568=DIRECTION('center_axis',(0.,0.,1.));
#6569=DIRECTION('ref_axis',(0.707106781186548,-0.707106781186548,0.));
#6570=DIRECTION('',(0.,0.,-1.));
#6571=DIRECTION('center_axis',(-1.,0.,0.));
#6572=DIRECTION('ref_axis',(0.,-1.,0.));
#6573=DIRECTION('',(0.,-1.,0.));
#6574=DIRECTION('',(0.,0.,-1.));
#6575=DIRECTION('center_axis',(0.,0.,1.));
#6576=DIRECTION('ref_axis',(-0.707106781186548,-0.707106781186548,0.));
#6577=DIRECTION('center_axis',(0.,0.,1.));
#6578=DIRECTION('ref_axis',(-0.707106781186548,-0.707106781186548,0.));
#6579=DIRECTION('',(0.,0.,-1.));
#6580=DIRECTION('center_axis',(0.,1.,0.));
#6581=DIRECTION('ref_axis',(-1.,0.,0.));
#6582=DIRECTION('',(-1.,0.,0.));
#6583=DIRECTION('',(0.,0.,-1.));
#6584=DIRECTION('center_axis',(0.,0.,1.));
#6585=DIRECTION('ref_axis',(-0.707106781186548,0.707106781186548,0.));
#6586=DIRECTION('center_axis',(0.,0.,-1.));
#6587=DIRECTION('ref_axis',(-0.707106781186548,0.707106781186548,0.));
#6588=DIRECTION('',(0.,0.,-1.));
#6589=DIRECTION('center_axis',(0.,0.,1.));
#6590=DIRECTION('ref_axis',(-0.707106781186548,0.707106781186548,0.));
#6591=DIRECTION('',(0.,0.,1.));
#6592=DIRECTION('center_axis',(0.,1.,0.));
#6593=DIRECTION('ref_axis',(-1.,0.,0.));
#6594=DIRECTION('',(-1.,0.,0.));
#6595=DIRECTION('',(0.,0.,1.));
#6596=DIRECTION('',(1.,0.,0.));
#6597=DIRECTION('center_axis',(0.,0.,1.));
#6598=DIRECTION('ref_axis',(1.,0.,0.));
#6599=DIRECTION('',(0.,-1.,0.));
#6600=DIRECTION('center_axis',(0.,0.,-1.));
#6601=DIRECTION('ref_axis',(-0.707106781186548,-0.707106781186548,0.));
#6602=DIRECTION('',(1.,0.,0.));
#6603=DIRECTION('center_axis',(0.,0.,-1.));
#6604=DIRECTION('ref_axis',(0.707106781186548,-0.707106781186548,0.));
#6605=DIRECTION('',(0.,1.,0.));
#6606=DIRECTION('center_axis',(0.,0.,-1.));
#6607=DIRECTION('ref_axis',(0.707106781186548,0.707106781186548,0.));
#6608=DIRECTION('center_axis',(0.,0.,1.));
#6609=DIRECTION('ref_axis',(0.707106781186548,0.707106781186548,0.));
#6610=DIRECTION('',(0.,0.,-1.));
#6611=DIRECTION('center_axis',(0.,0.,1.));
#6612=DIRECTION('ref_axis',(0.707106781186548,0.707106781186548,0.));
#6613=DIRECTION('center_axis',(1.,0.,0.));
#6614=DIRECTION('ref_axis',(0.,1.,0.));
#6615=DIRECTION('',(0.,0.,1.));
#6616=DIRECTION('',(0.,-1.,0.));
#6617=DIRECTION('center_axis',(0.,0.,1.));
#6618=DIRECTION('ref_axis',(0.707106781186548,-0.707106781186548,0.));
#6619=DIRECTION('',(0.,0.,-1.));
#6620=DIRECTION('center_axis',(0.,0.,1.));
#6621=DIRECTION('ref_axis',(0.707106781186548,-0.707106781186548,0.));
#6622=DIRECTION('center_axis',(0.,-1.,0.));
#6623=DIRECTION('ref_axis',(1.,0.,0.));
#6624=DIRECTION('',(0.,0.,1.));
#6625=DIRECTION('',(-1.,0.,0.));
#6626=DIRECTION('center_axis',(0.,0.,1.));
#6627=DIRECTION('ref_axis',(-0.707106781186548,-0.707106781186548,0.));
#6628=DIRECTION('',(0.,0.,-1.));
#6629=DIRECTION('center_axis',(0.,0.,1.));
#6630=DIRECTION('ref_axis',(-0.707106781186548,-0.707106781186548,0.));
#6631=DIRECTION('center_axis',(-1.,0.,0.));
#6632=DIRECTION('ref_axis',(0.,-1.,0.));
#6633=DIRECTION('',(0.,1.,0.));
#6634=DIRECTION('center_axis',(0.,0.,1.));
#6635=DIRECTION('ref_axis',(1.,0.,0.));
#6636=DIRECTION('center_axis',(0.,0.,1.));
#6637=DIRECTION('ref_axis',(1.,0.,0.));
#6638=CARTESIAN_POINT('',(0.,0.,0.));
#6639=CARTESIAN_POINT('Origin',(12.25,23.5,1.4));
#6640=CARTESIAN_POINT('',(-16.9504129474002,24.5,1.));
#6641=CARTESIAN_POINT('',(-16.9504129474002,22.5000006705523,1.8));
#6642=CARTESIAN_POINT('',(-16.9504129474002,23.0000002890311,1.59999988438754));
#6643=CARTESIAN_POINT('',(-14.1253441228335,22.5000006705523,1.8));
#6644=CARTESIAN_POINT('',(12.25,22.5,1.8));
#6645=CARTESIAN_POINT('',(-14.1253441228335,24.5,1.));
#6646=CARTESIAN_POINT('',(-14.1253441228335,22.6206899442036,1.75172402231858));
#6647=CARTESIAN_POINT('',(12.25,24.5,1.));
#6648=CARTESIAN_POINT('Origin',(0.,0.,1.8));
#6649=CARTESIAN_POINT('',(-20.5,22.5000006705523,1.8));
#6650=CARTESIAN_POINT('',(-11.25,22.5000006705523,1.8));
#6651=CARTESIAN_POINT('',(-22.5,20.5000006705523,1.8));
#6652=CARTESIAN_POINT('Origin',(-20.5,20.5000006705523,1.8));
#6653=CARTESIAN_POINT('',(-22.5,16.9371952228219,1.79999386093266));
#6654=CARTESIAN_POINT('',(-22.5,-11.25,1.8));
#6655=CARTESIAN_POINT('',(-22.5,14.105398463368,1.8));
#6656=CARTESIAN_POINT('',(-22.5,12.25,1.8));
#6657=CARTESIAN_POINT('',(-20.4147210224216,16.1956440525034,1.8));
#6658=CARTESIAN_POINT('Origin',(12.25,23.5,1.4));
#6659=CARTESIAN_POINT('',(-11.3002752982668,24.5,1.));
#6660=CARTESIAN_POINT('',(-11.3002752982668,22.5000006705523,1.8));
#6661=CARTESIAN_POINT('',(-11.3002752982668,23.0000002890311,1.59999988438754));
#6662=CARTESIAN_POINT('',(-8.4752064737001,22.5000006705523,1.8));
#6663=CARTESIAN_POINT('',(12.25,22.5,1.8));
#6664=CARTESIAN_POINT('',(-8.4752064737001,24.5,1.));
#6665=CARTESIAN_POINT('',(-8.4752064737001,22.6206899442036,1.75172402231858));
#6666=CARTESIAN_POINT('',(12.25,24.5,1.));
#6667=CARTESIAN_POINT('Origin',(0.,0.,1.8));
#6668=CARTESIAN_POINT('',(-22.5,11.2736010333608,1.8));
#6669=CARTESIAN_POINT('',(-14.1069113172789,19.6866799484197,1.8));
#6670=CARTESIAN_POINT('',(-22.5,8.44180360335355,1.8));
#6671=CARTESIAN_POINT('',(-22.5,12.25,1.8));
#6672=CARTESIAN_POINT('',(-18.9988263138693,11.9513162071445,1.8));
#6673=CARTESIAN_POINT('Origin',(12.25,23.5,1.4));
#6674=CARTESIAN_POINT('',(-5.6501376491334,24.5,1.));
#6675=CARTESIAN_POINT('',(-5.6501376491334,22.5000006705523,1.8));
#6676=CARTESIAN_POINT('',(-5.6501376491334,23.0000002890311,1.59999988438754));
#6677=CARTESIAN_POINT('',(-2.8250688245667,22.5000006705523,1.8));
#6678=CARTESIAN_POINT('',(12.25,22.5,1.8));
#6679=CARTESIAN_POINT('',(-2.8250688245667,24.5,1.));
#6680=CARTESIAN_POINT('',(-2.8250688245667,22.6206899442036,1.75172402231858));
#6681=CARTESIAN_POINT('',(12.25,24.5,1.));
#6682=CARTESIAN_POINT('Origin',(0.,0.,1.8));
#6683=CARTESIAN_POINT('',(-22.5,5.61000617334632,1.8));
#6684=CARTESIAN_POINT('',(-9.8659477841599,18.274149533068,1.8));
#6685=CARTESIAN_POINT('',(-22.5,2.7782087433391,1.8));
#6686=CARTESIAN_POINT('',(-22.5,12.25,1.8));
#6687=CARTESIAN_POINT('',(-17.5829316053171,7.70698836178558,1.8));
#6688=CARTESIAN_POINT('Origin',(12.25,23.5,1.4));
#6689=CARTESIAN_POINT('',(2.8250688245667,24.5,1.));
#6690=CARTESIAN_POINT('',(2.8250688245667,22.5000006705523,1.8));
#6691=CARTESIAN_POINT('',(2.8250688245667,23.0000002890311,1.59999988438754));
#6692=CARTESIAN_POINT('',(5.6501376491334,22.5000006705523,1.8));
#6693=CARTESIAN_POINT('',(12.25,22.5,1.8));
#6694=CARTESIAN_POINT('',(5.6501376491334,24.5,1.));
#6695=CARTESIAN_POINT('',(5.6501376491334,22.6206899442036,1.75172402231858));
#6696=CARTESIAN_POINT('',(12.25,24.5,1.));
#6697=CARTESIAN_POINT('Origin',(0.,0.,1.8));
#6698=CARTESIAN_POINT('',(22.5,2.77820874333911,1.8));
#6699=CARTESIAN_POINT('',(7.74546601760041,17.5678843253922,1.8));
#6700=CARTESIAN_POINT('',(22.5,5.61000617334632,1.8));
#6701=CARTESIAN_POINT('',(22.5,11.2500003352761,1.8));
#6702=CARTESIAN_POINT('',(18.2908789595932,9.82915228446504,1.8));
#6703=CARTESIAN_POINT('Origin',(12.25,23.5,1.4));
#6704=CARTESIAN_POINT('',(8.4752064737001,24.5,1.));
#6705=CARTESIAN_POINT('',(8.4752064737001,22.5000006705523,1.8));
#6706=CARTESIAN_POINT('',(8.4752064737001,23.0000002890311,1.59999988438754));
#6707=CARTESIAN_POINT('',(11.3002752982668,22.5000006705523,1.8));
#6708=CARTESIAN_POINT('',(12.25,22.5,1.8));
#6709=CARTESIAN_POINT('',(11.3002752982668,24.5,1.));
#6710=CARTESIAN_POINT('',(11.3002752982668,22.6206899442036,1.75172402231858));
#6711=CARTESIAN_POINT('',(12.25,24.5,1.));
#6712=CARTESIAN_POINT('Origin',(0.,0.,1.8));
#6713=CARTESIAN_POINT('',(22.5,8.44180360335355,1.8));
#6714=CARTESIAN_POINT('',(11.9864295507194,18.9804147407439,1.8));
#6715=CARTESIAN_POINT('',(22.5,11.2736010333608,1.8));
#6716=CARTESIAN_POINT('',(22.5,-12.25,1.8));
#6717=CARTESIAN_POINT('',(19.7067736681455,14.073480129824,1.8));
#6718=CARTESIAN_POINT('Origin',(12.25,23.5,1.4));
#6719=CARTESIAN_POINT('',(14.1253441228335,24.5,1.));
#6720=CARTESIAN_POINT('',(14.1253441228335,22.5000006705523,1.8));
#6721=CARTESIAN_POINT('',(14.1253441228335,23.0000002890311,1.59999988438754));
#6722=CARTESIAN_POINT('',(16.9504129474002,22.5000006705523,1.8));
#6723=CARTESIAN_POINT('',(12.25,22.5,1.8));
#6724=CARTESIAN_POINT('',(16.9504129474002,24.5,1.));
#6725=CARTESIAN_POINT('',(16.9504129474002,22.6206899442036,1.75172402231858));
#6726=CARTESIAN_POINT('',(12.25,24.5,1.));
#6727=CARTESIAN_POINT('Origin',(0.,0.,1.8));
#6728=CARTESIAN_POINT('',(22.5,14.105398463368,1.8));
#6729=CARTESIAN_POINT('',(16.2273930838384,20.3929451560956,1.8));
#6730=CARTESIAN_POINT('',(22.5,16.9371952228219,1.8));
#6731=CARTESIAN_POINT('',(22.5,-12.25,1.8));
#6732=CARTESIAN_POINT('',(22.5,20.5000006705523,1.8));
#6733=CARTESIAN_POINT('',(22.5,11.2500003352761,1.8));
#6734=CARTESIAN_POINT('',(20.5,22.5000006705523,1.8));
#6735=CARTESIAN_POINT('Origin',(20.5,20.5000006705523,1.8));
#6736=CARTESIAN_POINT('',(-11.25,22.5000006705523,1.8));
#6737=CARTESIAN_POINT('Origin',(23.5,-12.25,1.4));
#6738=CARTESIAN_POINT('',(24.5,16.9371949328525,1.));
#6739=CARTESIAN_POINT('',(23.0000018240069,16.9371951503293,1.59999927039724));
#6740=CARTESIAN_POINT('',(24.5,14.1053975028456,1.));
#6741=CARTESIAN_POINT('',(22.6206921837016,14.1053977753163,1.75172312651935));
#6742=CARTESIAN_POINT('',(24.5,-12.25,1.));
#6743=CARTESIAN_POINT('Origin',(23.5,-12.25,1.4));
#6744=CARTESIAN_POINT('',(24.5,11.2736009872296,1.));
#6745=CARTESIAN_POINT('',(23.0000002338732,11.273601021828,1.59999990645074));
#6746=CARTESIAN_POINT('',(24.5,8.44180264283181,1.));
#6747=CARTESIAN_POINT('',(22.620691475827,8.44180291530236,1.75172340966918));
#6748=CARTESIAN_POINT('',(24.5,-12.25,1.));
#6749=CARTESIAN_POINT('Origin',(23.5,-10.8608957823747,1.40000393664747));
#6750=CARTESIAN_POINT('',(24.5,5.61000521282517,0.999997966593548));
#6751=CARTESIAN_POINT('',(23.,5.61000543030158,1.59999796659351));
#6752=CARTESIAN_POINT('',(24.5,2.77820778281813,0.999998993008757));
#6753=CARTESIAN_POINT('',(22.6206896551724,2.77820805528856,1.75172313093974));
#6754=CARTESIAN_POINT('',(24.5,-10.860895927359,1.0000039366475));
#6755=CARTESIAN_POINT('Origin',(23.5,-12.25,1.4));
#6756=CARTESIAN_POINT('',(24.5,-2.77820874333909,1.));
#6757=CARTESIAN_POINT('',(22.5,-2.77820874333911,1.8));
#6758=CARTESIAN_POINT('',(23.,-2.77820874333909,1.6));
#6759=CARTESIAN_POINT('',(22.5,-5.61000617334632,1.8));
#6760=CARTESIAN_POINT('',(22.5,-12.25,1.8));
#6761=CARTESIAN_POINT('',(24.5,-5.61000617334632,1.));
#6762=CARTESIAN_POINT('',(22.6206896551724,-5.61000617334632,1.75172413793103));
#6763=CARTESIAN_POINT('',(24.5,-12.25,1.));
#6764=CARTESIAN_POINT('Origin',(0.,0.,1.8));
#6765=CARTESIAN_POINT('',(2.8250688245667,-22.5000006705523,1.8));
#6766=CARTESIAN_POINT('',(17.5829316053171,-7.70698836178559,1.8));
#6767=CARTESIAN_POINT('',(5.6501376491334,-22.5000006705523,1.8));
#6768=CARTESIAN_POINT('',(-12.25,-22.5,1.8));
#6769=CARTESIAN_POINT('',(9.8659477841599,-18.274149533068,1.8));
#6770=CARTESIAN_POINT('Origin',(23.5,-12.25,1.4));
#6771=CARTESIAN_POINT('',(24.5,-8.44180360335355,1.));
#6772=CARTESIAN_POINT('',(22.5,-8.44180360335355,1.8));
#6773=CARTESIAN_POINT('',(23.,-8.44180360335355,1.6));
#6774=CARTESIAN_POINT('',(22.5,-11.2736010333608,1.8));
#6775=CARTESIAN_POINT('',(22.5,-12.25,1.8));
#6776=CARTESIAN_POINT('',(24.5,-11.2736010333608,1.));
#6777=CARTESIAN_POINT('',(22.6206896551724,-11.2736010333608,1.75172413793103));
#6778=CARTESIAN_POINT('',(24.5,-12.25,1.));
#6779=CARTESIAN_POINT('Origin',(0.,0.,1.8));
#6780=CARTESIAN_POINT('',(8.4752064737001,-22.5000006705523,1.8));
#6781=CARTESIAN_POINT('',(18.9988263138693,-11.9513162071445,1.8));
#6782=CARTESIAN_POINT('',(11.3002752982668,-22.5000006705523,1.8));
#6783=CARTESIAN_POINT('',(-12.25,-22.5,1.8));
#6784=CARTESIAN_POINT('',(14.1069113172789,-19.6866799484197,1.8));
#6785=CARTESIAN_POINT('Origin',(23.5,-12.25,1.4));
#6786=CARTESIAN_POINT('',(24.5,-14.105398463368,1.));
#6787=CARTESIAN_POINT('',(22.5,-14.105398463368,1.8));
#6788=CARTESIAN_POINT('',(23.,-14.105398463368,1.6));
#6789=CARTESIAN_POINT('',(22.5,-16.9371958933752,1.8));
#6790=CARTESIAN_POINT('',(22.5,-12.25,1.8));
#6791=CARTESIAN_POINT('',(24.5,-16.9371958933752,1.));
#6792=CARTESIAN_POINT('',(22.6206896551724,-16.9371958933752,1.75172413793103));
#6793=CARTESIAN_POINT('',(24.5,-12.25,1.));
#6794=CARTESIAN_POINT('Origin',(0.,0.,1.8));
#6795=CARTESIAN_POINT('',(14.1253441228335,-22.5000006705523,1.8));
#6796=CARTESIAN_POINT('',(20.4147210224216,-16.1956440525034,1.8));
#6797=CARTESIAN_POINT('',(16.9504129474002,-22.5,1.8));
#6798=CARTESIAN_POINT('',(-12.25,-22.5,1.8));
#6799=CARTESIAN_POINT('',(20.5,-22.5,1.8));
#6800=CARTESIAN_POINT('',(11.25,-22.5,1.8));
#6801=CARTESIAN_POINT('',(22.5,-20.5,1.8));
#6802=CARTESIAN_POINT('Origin',(20.5,-20.5,1.8));
#6803=CARTESIAN_POINT('',(22.5,11.2500003352761,1.8));
#6804=CARTESIAN_POINT('Origin',(-12.25,-23.5,1.4));
#6805=CARTESIAN_POINT('',(16.9504129474002,-24.5,1.));
#6806=CARTESIAN_POINT('',(16.9504129474002,-23.,1.6));
#6807=CARTESIAN_POINT('',(14.1253441228335,-24.5,1.));
#6808=CARTESIAN_POINT('',(14.1253441228335,-22.6206896551724,1.75172413793103));
#6809=CARTESIAN_POINT('',(-12.25,-24.5,1.));
#6810=CARTESIAN_POINT('Origin',(-12.25,-23.5,1.4));
#6811=CARTESIAN_POINT('',(11.3002752982668,-24.5,1.));
#6812=CARTESIAN_POINT('',(11.3002752982668,-23.,1.6));
#6813=CARTESIAN_POINT('',(8.4752064737001,-24.5,1.));
#6814=CARTESIAN_POINT('',(8.4752064737001,-22.6206896551724,1.75172413793103));
#6815=CARTESIAN_POINT('',(-12.25,-24.5,1.));
#6816=CARTESIAN_POINT('Origin',(-12.25,-23.5,1.4));
#6817=CARTESIAN_POINT('',(5.6501376491334,-24.5,1.));
#6818=CARTESIAN_POINT('',(5.6501376491334,-23.,1.6));
#6819=CARTESIAN_POINT('',(2.8250688245667,-24.5,1.));
#6820=CARTESIAN_POINT('',(2.8250688245667,-22.6206896551724,1.75172413793103));
#6821=CARTESIAN_POINT('',(-12.25,-24.5,1.));
#6822=CARTESIAN_POINT('Origin',(-12.25,-23.5,1.4));
#6823=CARTESIAN_POINT('',(-2.8250688245667,-24.5,1.));
#6824=CARTESIAN_POINT('',(-2.8250688245667,-22.5000006705523,1.8));
#6825=CARTESIAN_POINT('',(-2.8250688245667,-23.,1.6));
#6826=CARTESIAN_POINT('',(-5.6501376491334,-22.5000006705523,1.8));
#6827=CARTESIAN_POINT('',(-12.25,-22.5,1.8));
#6828=CARTESIAN_POINT('',(-5.6501376491334,-24.5,1.));
#6829=CARTESIAN_POINT('',(-5.6501376491334,-22.6206896551724,1.75172413793103));
#6830=CARTESIAN_POINT('',(-12.25,-24.5,1.));
#6831=CARTESIAN_POINT('Origin',(0.,0.,1.8));
#6832=CARTESIAN_POINT('',(-22.5,-2.7782087433391,1.8));
#6833=CARTESIAN_POINT('',(-7.74546601760042,-17.5678843253922,1.8));
#6834=CARTESIAN_POINT('',(-22.5,-5.61000617334632,1.8));
#6835=CARTESIAN_POINT('',(-22.5,12.25,1.8));
#6836=CARTESIAN_POINT('',(-18.2908789595932,-9.82915228446504,1.8));
#6837=CARTESIAN_POINT('Origin',(-12.25,-23.5,1.4));
#6838=CARTESIAN_POINT('',(-8.4752064737001,-24.5,1.));
#6839=CARTESIAN_POINT('',(-8.4752064737001,-22.5000006705523,1.8));
#6840=CARTESIAN_POINT('',(-8.4752064737001,-23.,1.6));
#6841=CARTESIAN_POINT('',(-11.3002752982668,-22.5000006705523,1.8));
#6842=CARTESIAN_POINT('',(-12.25,-22.5,1.8));
#6843=CARTESIAN_POINT('',(-11.3002752982668,-24.5,1.));
#6844=CARTESIAN_POINT('',(-11.3002752982668,-22.6206896551724,1.75172413793103));
#6845=CARTESIAN_POINT('',(-12.25,-24.5,1.));
#6846=CARTESIAN_POINT('Origin',(0.,0.,1.8));
#6847=CARTESIAN_POINT('',(-22.5,-8.44180360335355,1.8));
#6848=CARTESIAN_POINT('',(-11.9864295507194,-18.9804147407439,1.8));
#6849=CARTESIAN_POINT('',(-22.5,-11.2736010333608,1.8));
#6850=CARTESIAN_POINT('',(-22.5,12.25,1.8));
#6851=CARTESIAN_POINT('',(-19.7067736681455,-14.073480129824,1.8));
#6852=CARTESIAN_POINT('Origin',(-12.25,-23.5,1.4));
#6853=CARTESIAN_POINT('',(-14.1253441228335,-24.5,1.));
#6854=CARTESIAN_POINT('',(-14.1253441228335,-22.5000006705523,1.8));
#6855=CARTESIAN_POINT('',(-14.1253441228335,-23.,1.6));
#6856=CARTESIAN_POINT('',(-16.9504129474002,-22.5,1.8));
#6857=CARTESIAN_POINT('',(-12.25,-22.5,1.8));
#6858=CARTESIAN_POINT('',(-16.9504129474002,-24.5,1.));
#6859=CARTESIAN_POINT('',(-16.9504129474002,-22.6206896551724,1.75172413793103));
#6860=CARTESIAN_POINT('',(-12.25,-24.5,1.));
#6861=CARTESIAN_POINT('Origin',(0.,0.,1.8));
#6862=CARTESIAN_POINT('',(-22.5,-14.105398463368,1.8));
#6863=CARTESIAN_POINT('',(-16.2273930838384,-20.3929451560956,1.8));
#6864=CARTESIAN_POINT('',(-22.5,-16.9371958933752,1.8));
#6865=CARTESIAN_POINT('',(-22.5,12.25,1.8));
#6866=CARTESIAN_POINT('',(-22.5,-20.5,1.8));
#6867=CARTESIAN_POINT('',(-22.5,-11.25,1.8));
#6868=CARTESIAN_POINT('',(-20.5,-22.5,1.8));
#6869=CARTESIAN_POINT('Origin',(-20.5,-20.5,1.8));
#6870=CARTESIAN_POINT('',(11.25,-22.5,1.8));
#6871=CARTESIAN_POINT('Origin',(-23.5,12.25,1.4));
#6872=CARTESIAN_POINT('',(-24.5,-16.9371958933752,1.));
#6873=CARTESIAN_POINT('',(-23.,-16.9371958933752,1.6));
#6874=CARTESIAN_POINT('',(-24.5,-14.105398463368,1.));
#6875=CARTESIAN_POINT('',(-22.6206896551724,-14.105398463368,1.75172413793103));
#6876=CARTESIAN_POINT('',(-24.5,12.25,1.));
#6877=CARTESIAN_POINT('Origin',(-23.5,12.25,1.4));
#6878=CARTESIAN_POINT('',(-24.5,-11.2736010333608,1.));
#6879=CARTESIAN_POINT('',(-23.,-11.2736010333608,1.6));
#6880=CARTESIAN_POINT('',(-24.5,-8.44180360335355,1.));
#6881=CARTESIAN_POINT('',(-22.6206896551724,-8.44180360335355,1.75172413793103));
#6882=CARTESIAN_POINT('',(-24.5,12.25,1.));
#6883=CARTESIAN_POINT('Origin',(-23.5,12.25,1.4));
#6884=CARTESIAN_POINT('',(-24.5,-5.61000617334632,1.));
#6885=CARTESIAN_POINT('',(-23.,-5.61000617334632,1.6));
#6886=CARTESIAN_POINT('',(-24.5,-2.77820874333909,1.));
#6887=CARTESIAN_POINT('',(-22.6206896551724,-2.77820874333909,1.75172413793103));
#6888=CARTESIAN_POINT('',(-24.5,12.25,1.));
#6889=CARTESIAN_POINT('Origin',(-23.5,12.25,1.4));
#6890=CARTESIAN_POINT('',(-24.5,2.77820778281849,1.));
#6891=CARTESIAN_POINT('',(-22.9999995816964,2.77820800029495,1.60000016732144));
#6892=CARTESIAN_POINT('',(-24.5,5.61000521282591,1.));
#6893=CARTESIAN_POINT('',(-22.6206895908051,5.61000548529636,1.75172416367797));
#6894=CARTESIAN_POINT('',(-24.5,12.25,1.));
#6895=CARTESIAN_POINT('Origin',(-23.5,12.25,1.4));
#6896=CARTESIAN_POINT('',(-24.5,8.44180264283332,1.));
#6897=CARTESIAN_POINT('',(-23.000000289569,8.44180286030968,1.59999988417242));
#6898=CARTESIAN_POINT('',(-24.5,11.2736000728407,1.));
#6899=CARTESIAN_POINT('',(-22.6206902986776,11.2736003453111,1.75172388052895));
#6900=CARTESIAN_POINT('',(-24.5,12.25,1.));
#6901=CARTESIAN_POINT('Origin',(-23.5,12.25,1.4));
#6902=CARTESIAN_POINT('',(-24.5,14.1053975028482,1.));
#6903=CARTESIAN_POINT('',(-23.0000009974415,14.1053977203244,1.59999960102339));
#6904=CARTESIAN_POINT('',(-24.5,16.9371949328556,1.));
#6905=CARTESIAN_POINT('',(-22.6206910065502,16.9371952053258,1.75172359737992));
#6906=CARTESIAN_POINT('',(-24.5,12.25,1.));
#6907=CARTESIAN_POINT('Origin',(22.5,-2.77820874333909,4.));
#6908=CARTESIAN_POINT('',(22.5,-2.77820874333909,4.));
#6909=CARTESIAN_POINT('',(22.5,-5.61000617334632,4.));
#6910=CARTESIAN_POINT('',(22.5,9.86089596360658,4.));
#6911=CARTESIAN_POINT('',(24.5,-2.77820874333909,4.));
#6912=CARTESIAN_POINT('',(22.5,-2.77820874333909,4.));
#6913=CARTESIAN_POINT('',(24.5,-5.61000617334632,4.));
#6914=CARTESIAN_POINT('',(24.5,-13.6391043716695,4.));
#6915=CARTESIAN_POINT('',(22.5,-5.61000617334632,4.));
#6916=CARTESIAN_POINT('Origin',(22.5,-2.77820874333909,1.8));
#6917=CARTESIAN_POINT('',(22.5,-2.77820874333909,1.8));
#6918=CARTESIAN_POINT('',(24.5,-2.77820874333909,0.9));
#6919=CARTESIAN_POINT('Origin',(22.5,-5.61000617334632,4.));
#6920=CARTESIAN_POINT('',(22.5,-5.61000617334632,2.9));
#6921=CARTESIAN_POINT('',(24.5,-5.61000617334632,2.));
#6922=CARTESIAN_POINT('Origin',(22.5,16.9371952228219,1.8));
#6923=CARTESIAN_POINT('',(22.5,16.9371960202354,3.99999386093252));
#6924=CARTESIAN_POINT('',(22.5,16.9371952228223,1.80000100815192));
#6925=CARTESIAN_POINT('',(24.5,16.9371960202354,3.99999386093252));
#6926=CARTESIAN_POINT('',(24.5,16.9371948966037,0.899992490302275));
#6927=CARTESIAN_POINT('',(22.5,16.9371960202354,3.99999386093252));
#6928=CARTESIAN_POINT('Origin',(22.5,14.1053985902283,3.99999488734773));
#6929=CARTESIAN_POINT('',(22.5,14.1053985902283,3.99999488734773));
#6930=CARTESIAN_POINT('',(22.5,14.1053981915221,2.89999896503411));
#6931=CARTESIAN_POINT('',(24.5,14.1053985902283,3.99999488734773));
#6932=CARTESIAN_POINT('',(22.5,14.1053985902283,3.99999488734773));
#6933=CARTESIAN_POINT('',(24.5,14.1053978653037,1.99999044718844));
#6934=CARTESIAN_POINT('Origin',(22.5,16.9371960202354,3.99999386093252));
#6935=CARTESIAN_POINT('',(22.5,19.7185987440991,3.99999285278341));
#6936=CARTESIAN_POINT('',(24.5,-3.78140126495935,4.00000137060928));
#6937=CARTESIAN_POINT('Origin',(22.5,-8.44180360335355,4.));
#6938=CARTESIAN_POINT('',(22.5,-8.44180360335355,4.));
#6939=CARTESIAN_POINT('',(22.5,-11.2736010333608,4.));
#6940=CARTESIAN_POINT('',(22.5,7.02909853359935,4.));
#6941=CARTESIAN_POINT('',(24.5,-8.44180360335355,4.));
#6942=CARTESIAN_POINT('',(22.5,-8.44180360335355,4.));
#6943=CARTESIAN_POINT('',(24.5,-11.2736010333608,4.));
#6944=CARTESIAN_POINT('',(24.5,-16.4709018016768,4.));
#6945=CARTESIAN_POINT('',(22.5,-11.2736010333608,4.));
#6946=CARTESIAN_POINT('Origin',(22.5,-8.44180360335355,1.8));
#6947=CARTESIAN_POINT('',(22.5,-8.44180360335355,1.8));
#6948=CARTESIAN_POINT('',(24.5,-8.44180360335355,0.9));
#6949=CARTESIAN_POINT('Origin',(22.5,-11.2736010333608,4.));
#6950=CARTESIAN_POINT('',(22.5,-11.2736010333608,2.9));
#6951=CARTESIAN_POINT('',(24.5,-11.2736010333608,2.));
#6952=CARTESIAN_POINT('Origin',(22.5,5.61000550279371,1.7999979665935));
#6953=CARTESIAN_POINT('',(22.5,5.6100063002072,3.99999796659335));
#6954=CARTESIAN_POINT('',(22.5,5.61000550279519,1.80000204427628));
#6955=CARTESIAN_POINT('',(24.5,5.6100063002072,3.99999796659335));
#6956=CARTESIAN_POINT('',(24.5,5.6100051765775,0.899993526450397));
#6957=CARTESIAN_POINT('',(22.5,5.6100063002072,3.99999796659335));
#6958=CARTESIAN_POINT('Origin',(22.5,2.77820887020015,3.99999899300856));
#6959=CARTESIAN_POINT('',(22.5,2.77820887020015,3.99999899300856));
#6960=CARTESIAN_POINT('',(22.5,2.77820847149488,2.90000307069141));
#6961=CARTESIAN_POINT('',(24.5,2.77820887020015,3.99999899300856));
#6962=CARTESIAN_POINT('',(22.5,2.77820887020015,3.99999899300856));
#6963=CARTESIAN_POINT('',(24.5,2.77820814527719,1.99999455286554));
#6964=CARTESIAN_POINT('Origin',(22.5,5.6100063002072,3.99999796659335));
#6965=CARTESIAN_POINT('',(22.5,14.055003884085,3.99999490561383));
#6966=CARTESIAN_POINT('',(24.5,-9.44499612497344,4.0000034234397));
#6967=CARTESIAN_POINT('Origin',(22.5,11.2736010333608,1.8));
#6968=CARTESIAN_POINT('',(22.5,11.2736011602213,3.99999591376293));
#6969=CARTESIAN_POINT('',(22.5,11.2736010333608,1.8000003236794));
#6970=CARTESIAN_POINT('',(24.5,11.2736011602213,3.99999591376293));
#6971=CARTESIAN_POINT('',(24.5,11.2736009814631,0.899998968576026));
#6972=CARTESIAN_POINT('',(22.5,11.2736011602213,3.99999591376293));
#6973=CARTESIAN_POINT('Origin',(22.5,8.44180373021424,3.99999694017814));
#6974=CARTESIAN_POINT('',(22.5,8.44180373021424,3.99999694017814));
#6975=CARTESIAN_POINT('',(22.5,8.44180333150842,2.90000101786454));
#6976=CARTESIAN_POINT('',(24.5,8.44180373021424,3.99999694017814));
#6977=CARTESIAN_POINT('',(22.5,8.44180373021424,3.99999694017814));
#6978=CARTESIAN_POINT('',(24.5,8.44180300529027,1.99999250002681));
#6979=CARTESIAN_POINT('Origin',(22.5,11.2736011602213,3.99999591376293));
#6980=CARTESIAN_POINT('',(22.5,16.886801314092,3.99999387919862));
#6981=CARTESIAN_POINT('',(24.5,-6.6131986949664,4.00000239702449));
#6982=CARTESIAN_POINT('Origin',(22.5,-14.105398463368,4.));
#6983=CARTESIAN_POINT('',(22.5,-14.105398463368,4.));
#6984=CARTESIAN_POINT('',(22.5,-16.9371958933752,4.));
#6985=CARTESIAN_POINT('',(22.5,4.19730110359212,4.));
#6986=CARTESIAN_POINT('',(24.5,-14.105398463368,4.));
#6987=CARTESIAN_POINT('',(22.5,-14.105398463368,4.));
#6988=CARTESIAN_POINT('',(24.5,-16.9371958933752,4.));
#6989=CARTESIAN_POINT('',(24.5,-19.302699231684,4.));
#6990=CARTESIAN_POINT('',(22.5,-16.9371958933752,4.));
#6991=CARTESIAN_POINT('Origin',(22.5,-14.105398463368,1.8));
#6992=CARTESIAN_POINT('',(22.5,-14.105398463368,1.8));
#6993=CARTESIAN_POINT('',(24.5,-14.105398463368,0.9));
#6994=CARTESIAN_POINT('Origin',(22.5,-16.9371958933752,4.));
#6995=CARTESIAN_POINT('',(22.5,-16.9371958933752,2.9));
#6996=CARTESIAN_POINT('',(24.5,-16.9371958933752,2.));
#6997=CARTESIAN_POINT('Origin',(-22.5,5.6100063002072,3.99999796659335));
#6998=CARTESIAN_POINT('',(-22.5,5.6100063002072,3.99999796659335));
#6999=CARTESIAN_POINT('',(-22.5,5.61000590149898,2.89999388891088));
#7000=CARTESIAN_POINT('',(-24.5,5.6100063002072,3.99999796659335));
#7001=CARTESIAN_POINT('',(-22.5,5.6100063002072,3.99999796659335));
#7002=CARTESIAN_POINT('',(-24.5,5.61000557528746,2.00000240673688));
#7003=CARTESIAN_POINT('Origin',(-22.5,2.77820887020015,3.99999899300856));
#7004=CARTESIAN_POINT('',(-22.5,2.77820887020015,3.99999899300856));
#7005=CARTESIAN_POINT('',(-22.5,-9.86089516619171,4.00000357418674));
#7006=CARTESIAN_POINT('',(-24.5,2.77820887020015,3.99999899300856));
#7007=CARTESIAN_POINT('',(-22.5,2.77820887020015,3.99999899300856));
#7008=CARTESIAN_POINT('',(-24.5,13.6391051600198,3.99999505636076));
#7009=CARTESIAN_POINT('Origin',(-22.5,2.77820807278667,1.7999989930087));
#7010=CARTESIAN_POINT('',(-22.5,2.77820807278519,1.79999491532617));
#7011=CARTESIAN_POINT('',(-24.5,2.77820774657366,0.900003433152154));
#7012=CARTESIAN_POINT('Origin',(-22.5,-14.105398463368,4.));
#7013=CARTESIAN_POINT('',(-22.5,-14.105398463368,4.));
#7014=CARTESIAN_POINT('',(-22.5,-14.105398463368,2.9));
#7015=CARTESIAN_POINT('',(-24.5,-14.105398463368,4.));
#7016=CARTESIAN_POINT('',(-22.5,-14.105398463368,4.));
#7017=CARTESIAN_POINT('',(-24.5,-14.105398463368,2.));
#7018=CARTESIAN_POINT('Origin',(-22.5,-16.9371958933752,4.));
#7019=CARTESIAN_POINT('',(-22.5,-16.9371958933752,4.));
#7020=CARTESIAN_POINT('',(-22.5,-19.7185979466876,4.));
#7021=CARTESIAN_POINT('',(-24.5,-16.9371958933752,4.));
#7022=CARTESIAN_POINT('',(-22.5,-16.9371958933752,4.));
#7023=CARTESIAN_POINT('',(-24.5,3.78140205331238,4.));
#7024=CARTESIAN_POINT('Origin',(-22.5,-16.9371958933752,1.8));
#7025=CARTESIAN_POINT('',(-22.5,-16.9371958933752,1.8));
#7026=CARTESIAN_POINT('',(-24.5,-16.9371958933752,0.9));
#7027=CARTESIAN_POINT('Origin',(-22.5,11.2736011602213,3.99999591376293));
#7028=CARTESIAN_POINT('',(-22.5,11.2736011602213,3.99999591376293));
#7029=CARTESIAN_POINT('',(-22.5,11.2736007615131,2.89999183608046));
#7030=CARTESIAN_POINT('',(-24.5,11.2736011602213,3.99999591376293));
#7031=CARTESIAN_POINT('',(-22.5,11.2736011602213,3.99999591376293));
#7032=CARTESIAN_POINT('',(-24.5,11.2736003628078,1.79999591376308));
#7033=CARTESIAN_POINT('',(-24.5,11.2736004353015,2.00000035390646));
#7034=CARTESIAN_POINT('',(-24.5,11.2736004353015,2.00000035390646));
#7035=CARTESIAN_POINT('Origin',(-22.5,8.44180373021424,3.99999694017814));
#7036=CARTESIAN_POINT('',(-22.5,8.44180373021424,3.99999694017814));
#7037=CARTESIAN_POINT('',(-22.5,-7.02909773618466,4.00000254777153));
#7038=CARTESIAN_POINT('',(-24.5,8.44180373021424,3.99999694017814));
#7039=CARTESIAN_POINT('',(-22.5,8.44180373021424,3.99999694017814));
#7040=CARTESIAN_POINT('',(-24.5,16.4709025900269,3.99999402994555));
#7041=CARTESIAN_POINT('Origin',(-22.5,8.44180293280075,1.79999694017829));
#7042=CARTESIAN_POINT('',(-22.5,8.44180293279928,1.79999286249575));
#7043=CARTESIAN_POINT('',(-24.5,8.44180260658776,0.900001380321741));
#7044=CARTESIAN_POINT('Origin',(-22.5,-2.77820874333909,4.));
#7045=CARTESIAN_POINT('',(-22.5,-2.77820874333909,4.));
#7046=CARTESIAN_POINT('',(-22.5,-2.77820874333909,2.9));
#7047=CARTESIAN_POINT('',(-24.5,-2.77820874333909,4.));
#7048=CARTESIAN_POINT('',(-22.5,-2.77820874333909,4.));
#7049=CARTESIAN_POINT('',(-24.5,-2.77820874333909,2.));
#7050=CARTESIAN_POINT('Origin',(-22.5,-5.61000617334632,4.));
#7051=CARTESIAN_POINT('',(-22.5,-5.61000617334632,4.));
#7052=CARTESIAN_POINT('',(-22.5,-14.0550030866732,4.));
#7053=CARTESIAN_POINT('',(-24.5,-5.61000617334632,4.));
#7054=CARTESIAN_POINT('',(-22.5,-5.61000617334632,4.));
#7055=CARTESIAN_POINT('',(-24.5,9.44499691332684,4.));
#7056=CARTESIAN_POINT('Origin',(-22.5,-5.61000617334632,1.8));
#7057=CARTESIAN_POINT('',(-22.5,-5.61000617334632,1.8));
#7058=CARTESIAN_POINT('',(-24.5,-5.61000617334632,0.9));
#7059=CARTESIAN_POINT('Origin',(-22.5,-8.44180360335355,4.));
#7060=CARTESIAN_POINT('',(-22.5,-8.44180360335355,4.));
#7061=CARTESIAN_POINT('',(-22.5,-8.44180360335355,2.9));
#7062=CARTESIAN_POINT('',(-24.5,-8.44180360335355,4.));
#7063=CARTESIAN_POINT('',(-22.5,-8.44180360335355,4.));
#7064=CARTESIAN_POINT('',(-24.5,-8.44180360335355,2.));
#7065=CARTESIAN_POINT('Origin',(-22.5,-11.2736010333608,4.));
#7066=CARTESIAN_POINT('',(-22.5,-11.2736010333608,4.));
#7067=CARTESIAN_POINT('',(-22.5,-16.8868005166804,4.));
#7068=CARTESIAN_POINT('',(-24.5,-11.2736010333608,4.));
#7069=CARTESIAN_POINT('',(-22.5,-11.2736010333608,4.));
#7070=CARTESIAN_POINT('',(-24.5,6.61319948331961,4.));
#7071=CARTESIAN_POINT('Origin',(-22.5,-11.2736010333608,1.8));
#7072=CARTESIAN_POINT('',(-22.5,-11.2736010333608,1.8));
#7073=CARTESIAN_POINT('',(-24.5,-11.2736010333608,0.9));
#7074=CARTESIAN_POINT('Origin',(-22.5,16.9371960202354,3.99999386093252));
#7075=CARTESIAN_POINT('',(-22.5,16.9371960202354,3.99999386093252));
#7076=CARTESIAN_POINT('',(-22.5,16.9371956215272,2.89998978325005));
#7077=CARTESIAN_POINT('',(-24.5,16.9371960202354,3.99999386093252));
#7078=CARTESIAN_POINT('',(-22.5,16.9371960202354,3.99999386093252));
#7079=CARTESIAN_POINT('',(-24.5,16.9371952228219,1.79999386093266));
#7080=CARTESIAN_POINT('',(-24.5,16.9371952953156,1.99999830107604));
#7081=CARTESIAN_POINT('',(-24.5,16.9371952953156,1.99999830107604));
#7082=CARTESIAN_POINT('Origin',(-22.5,14.1053985902283,3.99999488734773));
#7083=CARTESIAN_POINT('',(-22.5,14.1053985902283,3.99999488734773));
#7084=CARTESIAN_POINT('',(-22.5,-4.19730030617762,4.00000152135633));
#7085=CARTESIAN_POINT('',(-24.5,14.1053985902283,3.99999488734773));
#7086=CARTESIAN_POINT('',(-22.5,14.1053985902283,3.99999488734773));
#7087=CARTESIAN_POINT('',(-24.5,19.3027000200339,3.99999300353034));
#7088=CARTESIAN_POINT('Origin',(-22.5,14.1053977928148,1.79999488734787));
#7089=CARTESIAN_POINT('',(-22.5,14.1053977928134,1.79999080966533));
#7090=CARTESIAN_POINT('',(-24.5,14.1053974666018,0.899999327491322));
#7091=CARTESIAN_POINT('Origin',(-22.5,-22.5,1.8));
#7092=CARTESIAN_POINT('',(-22.5,5.61000617334632,0.8));
#7093=CARTESIAN_POINT('',(-22.5,5.61000617334632,1.8));
#7094=CARTESIAN_POINT('',(-22.5,8.44180360335355,0.8));
#7095=CARTESIAN_POINT('',(-22.5,-20.5000006705523,0.8));
#7096=CARTESIAN_POINT('',(-22.5,8.44180360335355,1.8));
#7097=CARTESIAN_POINT('',(-22.5,11.2736010333608,0.8));
#7098=CARTESIAN_POINT('',(-22.5,11.2736010333608,1.8));
#7099=CARTESIAN_POINT('',(-22.5,14.105398463368,0.8));
#7100=CARTESIAN_POINT('',(-22.5,-20.5000006705523,0.8));
#7101=CARTESIAN_POINT('',(-22.5,14.105398463368,1.8));
#7102=CARTESIAN_POINT('',(-22.5,20.5000006705523,5.5));
#7103=CARTESIAN_POINT('',(-22.5,20.5000006705523,1.8));
#7104=CARTESIAN_POINT('',(-22.5,-20.5,5.5));
#7105=CARTESIAN_POINT('',(-22.5,-22.5,5.5));
#7106=CARTESIAN_POINT('',(-22.5,-20.5,1.8));
#7107=CARTESIAN_POINT('',(-22.5,-14.105398463368,0.8));
#7108=CARTESIAN_POINT('',(-22.5,-14.105398463368,1.8));
#7109=CARTESIAN_POINT('',(-22.5,-11.2736010333608,0.8));
#7110=CARTESIAN_POINT('',(-22.5,-20.5000006705523,0.8));
#7111=CARTESIAN_POINT('',(-22.5,-11.2736010333608,1.8));
#7112=CARTESIAN_POINT('',(-22.5,-8.44180360335355,0.8));
#7113=CARTESIAN_POINT('',(-22.5,-8.44180360335355,1.8));
#7114=CARTESIAN_POINT('',(-22.5,-5.61000617334632,0.8));
#7115=CARTESIAN_POINT('',(-22.5,-20.5000006705523,0.8));
#7116=CARTESIAN_POINT('',(-22.5,-5.61000617334632,1.8));
#7117=CARTESIAN_POINT('',(-22.5,-2.7782087433391,0.8));
#7118=CARTESIAN_POINT('',(-22.5,-2.7782087433391,1.8));
#7119=CARTESIAN_POINT('',(-22.5,-3.3527612242068E-7,0.8));
#7120=CARTESIAN_POINT('',(-22.5,-20.5000006705523,0.8));
#7121=CARTESIAN_POINT('',(-22.5,-3.3527612242068E-7,1.8));
#7122=CARTESIAN_POINT('',(-22.5,-3.3527612242068E-7,1.8));
#7123=CARTESIAN_POINT('',(-22.5,2.7782087433391,0.8));
#7124=CARTESIAN_POINT('',(-22.5,-20.5000006705523,0.8));
#7125=CARTESIAN_POINT('',(-22.5,2.7782087433391,1.8));
#7126=CARTESIAN_POINT('Origin',(-2.8250688245667,-22.5,1.8));
#7127=CARTESIAN_POINT('',(-2.8250688245667,-22.5,4.));
#7128=CARTESIAN_POINT('',(-2.8250688245667,-22.5,1.8));
#7129=CARTESIAN_POINT('',(-2.8250688245667,-24.5,4.));
#7130=CARTESIAN_POINT('',(-2.8250688245667,-24.5,0.9));
#7131=CARTESIAN_POINT('',(-2.8250688245667,-22.5,4.));
#7132=CARTESIAN_POINT('Origin',(-5.6501376491334,-22.5,4.));
#7133=CARTESIAN_POINT('',(-5.6501376491334,-22.5,4.));
#7134=CARTESIAN_POINT('',(-5.6501376491334,-22.5,2.9));
#7135=CARTESIAN_POINT('',(-5.6501376491334,-24.5,4.));
#7136=CARTESIAN_POINT('',(-5.6501376491334,-22.5,4.));
#7137=CARTESIAN_POINT('',(-5.6501376491334,-24.5,2.));
#7138=CARTESIAN_POINT('Origin',(-2.8250688245667,-22.5,4.));
#7139=CARTESIAN_POINT('',(9.83746558771665,-22.5,4.));
#7140=CARTESIAN_POINT('',(-13.6625344122834,-24.5,4.));
#7141=CARTESIAN_POINT('Origin',(16.9504129474002,-22.5,4.));
#7142=CARTESIAN_POINT('',(16.9504129474002,-22.5,4.));
#7143=CARTESIAN_POINT('',(14.1253441228335,-22.5,4.));
#7144=CARTESIAN_POINT('',(19.7252064737001,-22.5,4.));
#7145=CARTESIAN_POINT('',(16.9504129474002,-24.5,4.));
#7146=CARTESIAN_POINT('',(16.9504129474002,-22.5,4.));
#7147=CARTESIAN_POINT('',(14.1253441228335,-24.5,4.));
#7148=CARTESIAN_POINT('',(-3.77479352629991,-24.5,4.));
#7149=CARTESIAN_POINT('',(14.1253441228335,-22.5,4.));
#7150=CARTESIAN_POINT('Origin',(16.9504129474002,-22.5,1.8));
#7151=CARTESIAN_POINT('',(16.9504129474002,-22.5,1.8));
#7152=CARTESIAN_POINT('',(16.9504129474002,-24.5,0.9));
#7153=CARTESIAN_POINT('Origin',(14.1253441228335,-22.5,4.));
#7154=CARTESIAN_POINT('',(14.1253441228335,-22.5,2.9));
#7155=CARTESIAN_POINT('',(14.1253441228335,-24.5,2.));
#7156=CARTESIAN_POINT('Origin',(-8.4752064737001,-22.5,1.8));
#7157=CARTESIAN_POINT('',(-8.4752064737001,-22.5,4.));
#7158=CARTESIAN_POINT('',(-8.4752064737001,-22.5,1.79999999999999));
#7159=CARTESIAN_POINT('',(-8.4752064737001,-24.5,4.));
#7160=CARTESIAN_POINT('',(-8.4752064737001,-24.5,0.900000000000004));
#7161=CARTESIAN_POINT('',(-8.4752064737001,-22.5,4.));
#7162=CARTESIAN_POINT('Origin',(-11.3002752982668,-22.5,4.));
#7163=CARTESIAN_POINT('',(-11.3002752982668,-22.5,4.));
#7164=CARTESIAN_POINT('',(-11.3002752982668,-22.5,2.9));
#7165=CARTESIAN_POINT('',(-11.3002752982668,-24.5,4.));
#7166=CARTESIAN_POINT('',(-11.3002752982668,-22.5,4.));
#7167=CARTESIAN_POINT('',(-11.3002752982668,-24.5,2.));
#7168=CARTESIAN_POINT('Origin',(-8.4752064737001,-22.5,4.));
#7169=CARTESIAN_POINT('',(7.01239676314995,-22.5,4.));
#7170=CARTESIAN_POINT('',(-16.48760323685,-24.5,4.));
#7171=CARTESIAN_POINT('Origin',(5.6501376491334,-22.5,4.));
#7172=CARTESIAN_POINT('',(5.6501376491334,-22.5,4.));
#7173=CARTESIAN_POINT('',(2.8250688245667,-22.5,4.));
#7174=CARTESIAN_POINT('',(14.0750688245667,-22.5,4.));
#7175=CARTESIAN_POINT('',(5.6501376491334,-24.5,4.));
#7176=CARTESIAN_POINT('',(5.6501376491334,-22.5,4.));
#7177=CARTESIAN_POINT('',(2.8250688245667,-24.5,4.));
#7178=CARTESIAN_POINT('',(-9.4249311754333,-24.5,4.));
#7179=CARTESIAN_POINT('',(2.8250688245667,-22.5,4.));
#7180=CARTESIAN_POINT('Origin',(5.6501376491334,-22.5,1.8));
#7181=CARTESIAN_POINT('',(5.6501376491334,-22.5,1.8));
#7182=CARTESIAN_POINT('',(5.6501376491334,-24.5,0.9));
#7183=CARTESIAN_POINT('Origin',(2.8250688245667,-22.5,4.));
#7184=CARTESIAN_POINT('',(2.8250688245667,-22.5,2.9));
#7185=CARTESIAN_POINT('',(2.8250688245667,-24.5,2.));
#7186=CARTESIAN_POINT('Origin',(11.3002752982668,-22.5,4.));
#7187=CARTESIAN_POINT('',(11.3002752982668,-22.5,4.));
#7188=CARTESIAN_POINT('',(8.4752064737001,-22.5,4.));
#7189=CARTESIAN_POINT('',(16.9001376491334,-22.5,4.));
#7190=CARTESIAN_POINT('',(11.3002752982668,-24.5,4.));
#7191=CARTESIAN_POINT('',(11.3002752982668,-22.5,4.));
#7192=CARTESIAN_POINT('',(8.4752064737001,-24.5,4.));
#7193=CARTESIAN_POINT('',(-6.5998623508666,-24.5,4.));
#7194=CARTESIAN_POINT('',(8.4752064737001,-22.5,4.));
#7195=CARTESIAN_POINT('Origin',(11.3002752982668,-22.5,1.8));
#7196=CARTESIAN_POINT('',(11.3002752982668,-22.5,1.8));
#7197=CARTESIAN_POINT('',(11.3002752982668,-24.5,0.9));
#7198=CARTESIAN_POINT('Origin',(8.4752064737001,-22.5,4.));
#7199=CARTESIAN_POINT('',(8.4752064737001,-22.5,2.9));
#7200=CARTESIAN_POINT('',(8.4752064737001,-24.5,1.99999999999999));
#7201=CARTESIAN_POINT('Origin',(-14.1253441228335,-22.5,1.8));
#7202=CARTESIAN_POINT('',(-14.1253441228335,-22.5,4.));
#7203=CARTESIAN_POINT('',(-14.1253441228335,-22.5,1.8));
#7204=CARTESIAN_POINT('',(-14.1253441228335,-24.5,4.));
#7205=CARTESIAN_POINT('',(-14.1253441228335,-24.5,0.9));
#7206=CARTESIAN_POINT('',(-14.1253441228335,-22.5,4.));
#7207=CARTESIAN_POINT('Origin',(-16.9504129474002,-22.5,4.));
#7208=CARTESIAN_POINT('',(-16.9504129474002,-22.5,4.));
#7209=CARTESIAN_POINT('',(-16.9504129474002,-22.5,2.9));
#7210=CARTESIAN_POINT('',(-16.9504129474002,-24.5,4.));
#7211=CARTESIAN_POINT('',(-16.9504129474002,-22.5,4.));
#7212=CARTESIAN_POINT('',(-16.9504129474002,-24.5,2.));
#7213=CARTESIAN_POINT('Origin',(-14.1253441228335,-22.5,4.));
#7214=CARTESIAN_POINT('',(4.18732793858325,-22.5,4.));
#7215=CARTESIAN_POINT('',(-19.3126720614167,-24.5,4.));
#7216=CARTESIAN_POINT('Origin',(-14.1253441228335,22.5000006705523,4.));
#7217=CARTESIAN_POINT('',(-14.1253441228335,22.5000006705523,4.));
#7218=CARTESIAN_POINT('',(-14.1253441228335,22.5000006705523,2.9));
#7219=CARTESIAN_POINT('',(-14.1253441228335,24.5000006705523,4.));
#7220=CARTESIAN_POINT('',(-14.1253441228335,22.5000006705523,4.));
#7221=CARTESIAN_POINT('',(-14.1253441228335,24.5,2.));
#7222=CARTESIAN_POINT('Origin',(-16.9504129474002,22.5000006705523,4.));
#7223=CARTESIAN_POINT('',(-16.9504129474002,22.5000006705523,4.));
#7224=CARTESIAN_POINT('',(-19.7252064737001,22.5000006705523,4.));
#7225=CARTESIAN_POINT('',(-16.9504129474002,24.5000006705523,4.));
#7226=CARTESIAN_POINT('',(-16.9504129474002,22.5000006705523,4.));
#7227=CARTESIAN_POINT('',(3.77479352629991,24.5,4.));
#7228=CARTESIAN_POINT('Origin',(-16.9504129474002,22.5000006705523,1.8));
#7229=CARTESIAN_POINT('',(-16.9504129474002,22.5000006705523,1.8));
#7230=CARTESIAN_POINT('',(-16.9504129474002,24.5,0.9));
#7231=CARTESIAN_POINT('Origin',(-8.4752064737001,22.5000006705523,4.));
#7232=CARTESIAN_POINT('',(-8.4752064737001,22.5000006705523,4.));
#7233=CARTESIAN_POINT('',(-8.4752064737001,22.5000006705523,2.9));
#7234=CARTESIAN_POINT('',(-8.4752064737001,24.5000006705523,4.));
#7235=CARTESIAN_POINT('',(-8.4752064737001,22.5000006705523,4.));
#7236=CARTESIAN_POINT('',(-8.4752064737001,24.5,1.99999999999999));
#7237=CARTESIAN_POINT('Origin',(-11.3002752982668,22.5000006705523,4.));
#7238=CARTESIAN_POINT('',(-11.3002752982668,22.5000006705523,4.));
#7239=CARTESIAN_POINT('',(-16.9001376491334,22.5000006705523,4.));
#7240=CARTESIAN_POINT('',(-11.3002752982668,24.5000006705523,4.));
#7241=CARTESIAN_POINT('',(-11.3002752982668,22.5000006705523,4.));
#7242=CARTESIAN_POINT('',(6.5998623508666,24.5,4.));
#7243=CARTESIAN_POINT('Origin',(-11.3002752982668,22.5000006705523,1.8));
#7244=CARTESIAN_POINT('',(-11.3002752982668,22.5000006705523,1.8));
#7245=CARTESIAN_POINT('',(-11.3002752982668,24.5,0.9));
#7246=CARTESIAN_POINT('Origin',(-2.8250688245667,22.5000006705523,4.));
#7247=CARTESIAN_POINT('',(-2.8250688245667,22.5000006705523,4.));
#7248=CARTESIAN_POINT('',(-2.8250688245667,22.5000006705523,2.9));
#7249=CARTESIAN_POINT('',(-2.8250688245667,24.5000006705523,4.));
#7250=CARTESIAN_POINT('',(-2.8250688245667,22.5000006705523,4.));
#7251=CARTESIAN_POINT('',(-2.8250688245667,24.5,2.));
#7252=CARTESIAN_POINT('Origin',(-5.6501376491334,22.5000006705523,4.));
#7253=CARTESIAN_POINT('',(-5.6501376491334,22.5000006705523,4.));
#7254=CARTESIAN_POINT('',(-14.0750688245667,22.5000006705523,4.));
#7255=CARTESIAN_POINT('',(-5.6501376491334,24.5000006705523,4.));
#7256=CARTESIAN_POINT('',(-5.6501376491334,22.5000006705523,4.));
#7257=CARTESIAN_POINT('',(9.4249311754333,24.5,4.));
#7258=CARTESIAN_POINT('Origin',(-5.6501376491334,22.5000006705523,1.8));
#7259=CARTESIAN_POINT('',(-5.6501376491334,22.5000006705523,1.8));
#7260=CARTESIAN_POINT('',(-5.6501376491334,24.5,0.9));
#7261=CARTESIAN_POINT('Origin',(-22.5,22.5000006705523,1.8));
#7262=CARTESIAN_POINT('',(-14.1253441228335,22.5000006705523,0.8));
#7263=CARTESIAN_POINT('',(-14.1253441228335,22.5000006705523,1.8));
#7264=CARTESIAN_POINT('',(-11.3002752982668,22.5000006705523,0.8));
#7265=CARTESIAN_POINT('',(20.5,22.5000006705523,0.8));
#7266=CARTESIAN_POINT('',(-11.3002752982668,22.5000006705523,1.8));
#7267=CARTESIAN_POINT('',(-8.4752064737001,22.5000006705523,0.8));
#7268=CARTESIAN_POINT('',(-8.4752064737001,22.5000006705523,1.8));
#7269=CARTESIAN_POINT('',(-5.6501376491334,22.5000006705523,0.8));
#7270=CARTESIAN_POINT('',(20.5,22.5000006705523,0.8));
#7271=CARTESIAN_POINT('',(-5.6501376491334,22.5000006705523,1.8));
#7272=CARTESIAN_POINT('',(-2.8250688245667,22.5000006705523,0.8));
#7273=CARTESIAN_POINT('',(-2.8250688245667,22.5000006705523,1.8));
#7274=CARTESIAN_POINT('',(0.,22.5000006705523,0.8));
#7275=CARTESIAN_POINT('',(20.5,22.5000006705523,0.8));
#7276=CARTESIAN_POINT('',(0.,22.5000006705523,1.8));
#7277=CARTESIAN_POINT('',(0.,22.5000006705523,1.8));
#7278=CARTESIAN_POINT('',(2.8250688245667,22.5000006705523,0.8));
#7279=CARTESIAN_POINT('',(20.5,22.5000006705523,0.8));
#7280=CARTESIAN_POINT('',(2.8250688245667,22.5000006705523,1.8));
#7281=CARTESIAN_POINT('',(2.8250688245667,22.5000006705523,4.));
#7282=CARTESIAN_POINT('',(2.8250688245667,22.5000006705523,1.8));
#7283=CARTESIAN_POINT('',(5.6501376491334,22.5000006705523,4.));
#7284=CARTESIAN_POINT('',(-9.83746558771665,22.5000006705523,4.));
#7285=CARTESIAN_POINT('',(5.6501376491334,22.5000006705523,2.9));
#7286=CARTESIAN_POINT('',(5.6501376491334,22.5000006705523,0.8));
#7287=CARTESIAN_POINT('',(5.6501376491334,22.5000006705523,1.8));
#7288=CARTESIAN_POINT('',(8.4752064737001,22.5000006705523,0.8));
#7289=CARTESIAN_POINT('',(20.5,22.5000006705523,0.8));
#7290=CARTESIAN_POINT('',(8.4752064737001,22.5000006705523,1.8));
#7291=CARTESIAN_POINT('',(8.4752064737001,22.5000006705523,4.));
#7292=CARTESIAN_POINT('',(8.4752064737001,22.5000006705523,1.79999999999999));
#7293=CARTESIAN_POINT('',(11.3002752982668,22.5000006705523,4.));
#7294=CARTESIAN_POINT('',(-7.01239676314995,22.5000006705523,4.));
#7295=CARTESIAN_POINT('',(11.3002752982668,22.5000006705523,2.9));
#7296=CARTESIAN_POINT('',(11.3002752982668,22.5000006705523,0.8));
#7297=CARTESIAN_POINT('',(11.3002752982668,22.5000006705523,1.8));
#7298=CARTESIAN_POINT('',(14.1253441228335,22.5000006705523,0.8));
#7299=CARTESIAN_POINT('',(20.5,22.5000006705523,0.8));
#7300=CARTESIAN_POINT('',(14.1253441228335,22.5000006705523,1.8));
#7301=CARTESIAN_POINT('',(14.1253441228335,22.5000006705523,4.));
#7302=CARTESIAN_POINT('',(14.1253441228335,22.5000006705523,1.8));
#7303=CARTESIAN_POINT('',(16.9504129474002,22.5000006705523,4.));
#7304=CARTESIAN_POINT('',(-4.18732793858325,22.5000006705523,4.));
#7305=CARTESIAN_POINT('',(16.9504129474002,22.5000006705523,2.9));
#7306=CARTESIAN_POINT('',(20.5,22.5000006705523,5.5));
#7307=CARTESIAN_POINT('',(20.5,22.5000006705523,1.8));
#7308=CARTESIAN_POINT('',(-20.5,22.5000006705523,5.5));
#7309=CARTESIAN_POINT('',(-22.5,22.5000006705523,5.5));
#7310=CARTESIAN_POINT('',(-20.5,22.5000006705523,1.8));
#7311=CARTESIAN_POINT('Origin',(5.6501376491334,22.5000006705523,4.));
#7312=CARTESIAN_POINT('',(5.6501376491334,24.5000006705523,4.));
#7313=CARTESIAN_POINT('',(5.6501376491334,22.5000006705523,4.));
#7314=CARTESIAN_POINT('',(5.6501376491334,24.5,2.));
#7315=CARTESIAN_POINT('Origin',(2.8250688245667,22.5000006705523,4.));
#7316=CARTESIAN_POINT('',(2.8250688245667,24.5000006705523,4.));
#7317=CARTESIAN_POINT('',(2.8250688245667,22.5000006705523,4.));
#7318=CARTESIAN_POINT('',(13.6625344122834,24.5,4.));
#7319=CARTESIAN_POINT('Origin',(2.8250688245667,22.5000006705523,1.8));
#7320=CARTESIAN_POINT('',(2.8250688245667,24.5,0.9));
#7321=CARTESIAN_POINT('Origin',(11.3002752982668,22.5000006705523,4.));
#7322=CARTESIAN_POINT('',(11.3002752982668,24.5000006705523,4.));
#7323=CARTESIAN_POINT('',(11.3002752982668,22.5000006705523,4.));
#7324=CARTESIAN_POINT('',(11.3002752982668,24.5,2.));
#7325=CARTESIAN_POINT('Origin',(8.4752064737001,22.5000006705523,4.));
#7326=CARTESIAN_POINT('',(8.4752064737001,24.5000006705523,4.));
#7327=CARTESIAN_POINT('',(8.4752064737001,22.5000006705523,4.));
#7328=CARTESIAN_POINT('',(16.48760323685,24.5,4.));
#7329=CARTESIAN_POINT('Origin',(8.4752064737001,22.5000006705523,1.8));
#7330=CARTESIAN_POINT('',(8.4752064737001,24.5,0.900000000000004));
#7331=CARTESIAN_POINT('Origin',(16.9504129474002,22.5000006705523,4.));
#7332=CARTESIAN_POINT('',(16.9504129474002,24.5000006705523,4.));
#7333=CARTESIAN_POINT('',(16.9504129474002,22.5000006705523,4.));
#7334=CARTESIAN_POINT('',(16.9504129474002,24.5,2.));
#7335=CARTESIAN_POINT('Origin',(14.1253441228335,22.5000006705523,4.));
#7336=CARTESIAN_POINT('',(14.1253441228335,24.5000006705523,4.));
#7337=CARTESIAN_POINT('',(14.1253441228335,22.5000006705523,4.));
#7338=CARTESIAN_POINT('',(19.3126720614167,24.5,4.));
#7339=CARTESIAN_POINT('Origin',(14.1253441228335,22.5000006705523,1.8));
#7340=CARTESIAN_POINT('',(14.1253441228335,24.5,0.9));
#7341=CARTESIAN_POINT('Origin',(-14.1253441228335,-22.5000006705523,1.8));
#7342=CARTESIAN_POINT('',(-14.1253441228335,-22.5000006705523,0.8));
#7343=CARTESIAN_POINT('',(-14.1253441228335,-22.5000006705523,1.8));
#7344=CARTESIAN_POINT('',(-14.1253441228335,-22.5000006705523,0.8));
#7345=CARTESIAN_POINT('Origin',(-22.5,-11.2736010333608,1.8));
#7346=CARTESIAN_POINT('',(-11.3002752982668,-22.5000006705523,0.8));
#7347=CARTESIAN_POINT('',(-11.3002752982668,-22.5000006705523,0.8));
#7348=CARTESIAN_POINT('',(-11.3002752982668,-22.5000006705523,1.8));
#7349=CARTESIAN_POINT('Origin',(-16.9001376491334,-16.8868008519565,0.8));
#7350=CARTESIAN_POINT('',(20.5,-22.5000006705523,0.8));
#7351=CARTESIAN_POINT('Origin',(14.1253441228335,22.5000006705523,1.8));
#7352=CARTESIAN_POINT('',(22.5,14.105398463368,0.8));
#7353=CARTESIAN_POINT('',(14.1253441228335,22.5000006705523,0.8));
#7354=CARTESIAN_POINT('',(22.5,14.105398463368,1.8));
#7355=CARTESIAN_POINT('Origin',(22.5,11.2736010333608,1.8));
#7356=CARTESIAN_POINT('',(22.5,11.2736010333608,0.8));
#7357=CARTESIAN_POINT('',(22.5,11.2736010333608,1.8));
#7358=CARTESIAN_POINT('',(11.3002752982668,22.5000006705523,0.8));
#7359=CARTESIAN_POINT('Origin',(16.9001376491334,16.8868008519565,0.8));
#7360=CARTESIAN_POINT('',(22.5,20.5,0.8));
#7361=CARTESIAN_POINT('Origin',(8.4752064737001,22.5000006705523,1.8));
#7362=CARTESIAN_POINT('',(22.5,8.44180360335355,0.8));
#7363=CARTESIAN_POINT('',(8.4752064737001,22.5000006705523,0.8));
#7364=CARTESIAN_POINT('',(22.5,8.44180360335355,1.8));
#7365=CARTESIAN_POINT('Origin',(22.5,5.61000617334632,1.8));
#7366=CARTESIAN_POINT('',(22.5,5.61000617334632,0.8));
#7367=CARTESIAN_POINT('',(22.5,5.61000617334632,1.8));
#7368=CARTESIAN_POINT('',(5.6501376491334,22.5000006705523,0.8));
#7369=CARTESIAN_POINT('Origin',(14.0750688245667,14.0550034219493,0.8));
#7370=CARTESIAN_POINT('',(22.5,20.5,0.8));
#7371=CARTESIAN_POINT('Origin',(-22.5,-5.61000617334632,1.8));
#7372=CARTESIAN_POINT('',(-5.6501376491334,-22.5000006705523,0.8));
#7373=CARTESIAN_POINT('',(-5.6501376491334,-22.5000006705523,0.8));
#7374=CARTESIAN_POINT('',(-5.6501376491334,-22.5000006705523,1.8));
#7375=CARTESIAN_POINT('Origin',(-8.4752064737001,-22.5000006705523,1.8));
#7376=CARTESIAN_POINT('',(-8.4752064737001,-22.5000006705523,0.8));
#7377=CARTESIAN_POINT('',(-8.4752064737001,-22.5000006705523,1.8));
#7378=CARTESIAN_POINT('',(-8.4752064737001,-22.5000006705523,0.8));
#7379=CARTESIAN_POINT('Origin',(-14.0750688245667,-14.0550034219493,0.8));
#7380=CARTESIAN_POINT('',(20.5,-22.5000006705523,0.8));
#7381=CARTESIAN_POINT('Origin',(22.5,-8.44180360335355,1.8));
#7382=CARTESIAN_POINT('',(22.5,-8.44180360335355,0.8));
#7383=CARTESIAN_POINT('',(22.5,-8.44180360335355,1.8));
#7384=CARTESIAN_POINT('',(8.4752064737001,-22.5000006705523,0.8));
#7385=CARTESIAN_POINT('',(8.4752064737001,-22.5000006705523,0.8));
#7386=CARTESIAN_POINT('',(8.4752064737001,-22.5000006705523,1.8));
#7387=CARTESIAN_POINT('Origin',(5.6501376491334,-22.5000006705523,1.8));
#7388=CARTESIAN_POINT('',(5.6501376491334,-22.5000006705523,0.8));
#7389=CARTESIAN_POINT('',(5.6501376491334,-22.5000006705523,1.8));
#7390=CARTESIAN_POINT('',(22.5,-5.61000617334632,0.8));
#7391=CARTESIAN_POINT('',(5.6501376491334,-22.5000006705523,0.8));
#7392=CARTESIAN_POINT('',(22.5,-5.61000617334632,1.8));
#7393=CARTESIAN_POINT('Origin',(14.0750688245667,-14.0550034219493,0.8));
#7394=CARTESIAN_POINT('',(20.5,-22.5000006705523,0.8));
#7395=CARTESIAN_POINT('',(22.5,20.5,0.8));
#7396=CARTESIAN_POINT('Origin',(-5.6501376491334,22.5000006705523,1.8));
#7397=CARTESIAN_POINT('',(-5.6501376491334,22.5000006705523,0.8));
#7398=CARTESIAN_POINT('Origin',(-22.5,8.44180360335355,1.8));
#7399=CARTESIAN_POINT('',(-8.4752064737001,22.5000006705523,0.8));
#7400=CARTESIAN_POINT('Origin',(-14.0750688245667,14.0550034219493,0.8));
#7401=CARTESIAN_POINT('Origin',(6.30025282002976,-16.1997477566414,1.8));
#7402=CARTESIAN_POINT('',(6.30025282002976,-16.1997477566414,1.8));
#7403=CARTESIAN_POINT('',(7.71446637186614,-14.7855341837316,1.8));
#7404=CARTESIAN_POINT('',(8.77512657765294,-13.7248739621397,1.8));
#7405=CARTESIAN_POINT('',(6.30025282002976,-16.1997477566414,0.8));
#7406=CARTESIAN_POINT('',(6.30025282002976,-16.1997477566414,1.8));
#7407=CARTESIAN_POINT('',(7.71446637186614,-14.7855341837316,0.8));
#7408=CARTESIAN_POINT('',(7.71446637186614,-14.7855341837316,0.8));
#7409=CARTESIAN_POINT('',(7.71446637186614,-14.7855341837316,1.8));
#7410=CARTESIAN_POINT('Origin',(1.4142135623731,-11.3137084989848,1.8));
#7411=CARTESIAN_POINT('',(1.4142135623731,-11.3137084989848,1.8));
#7412=CARTESIAN_POINT('',(-1.76776695296637,-8.13172798364529,1.8));
#7413=CARTESIAN_POINT('',(1.4142135623731,-11.3137084989848,0.8));
#7414=CARTESIAN_POINT('',(1.4142135623731,-11.3137084989848,1.8));
#7415=CARTESIAN_POINT('',(6.30025282002976,-16.1997477566414,0.8));
#7416=CARTESIAN_POINT('Origin',(2.82842712474619,-9.89949493661166,1.8));
#7417=CARTESIAN_POINT('',(2.82842712474619,-9.89949493661166,1.8));
#7418=CARTESIAN_POINT('',(4.59619407771256,-8.13172798364529,1.8));
#7419=CARTESIAN_POINT('',(2.82842712474619,-9.89949493661166,0.8));
#7420=CARTESIAN_POINT('',(2.82842712474619,-9.89949493661166,1.8));
#7421=CARTESIAN_POINT('',(1.4142135623731,-11.3137084989848,0.8));
#7422=CARTESIAN_POINT('Origin',(7.71446637186614,-14.7855341837316,1.8));
#7423=CARTESIAN_POINT('',(2.08946623296671,-9.16053404483217,1.8));
#7424=CARTESIAN_POINT('',(7.71446637186614,-14.7855341837316,0.8));
#7425=CARTESIAN_POINT('Origin',(-10.5428934755389,-11.957107037912,1.8));
#7426=CARTESIAN_POINT('',(-10.5428934755389,-11.957107037912,1.8));
#7427=CARTESIAN_POINT('',(-9.12867992370252,-13.3713206108218,1.8));
#7428=CARTESIAN_POINT('',(-10.8964469054075,-11.603553602775,1.8));
#7429=CARTESIAN_POINT('',(-10.5428934755389,-11.957107037912,0.8));
#7430=CARTESIAN_POINT('',(-10.5428934755389,-11.957107037912,1.8));
#7431=CARTESIAN_POINT('',(-9.12867992370252,-13.3713206108218,0.8));
#7432=CARTESIAN_POINT('',(-10.5428934755389,-11.957107037912,0.8));
#7433=CARTESIAN_POINT('',(-9.12867992370252,-13.3713206108218,1.8));
#7434=CARTESIAN_POINT('Origin',(-5.65685424949239,-7.07106781186547,1.8));
#7435=CARTESIAN_POINT('',(-5.65685424949239,-7.07106781186547,1.8));
#7436=CARTESIAN_POINT('',(-2.47487373415292,-3.889087296526,1.8));
#7437=CARTESIAN_POINT('',(-5.65685424949239,-7.07106781186547,0.8));
#7438=CARTESIAN_POINT('',(-5.65685424949239,-7.07106781186547,1.8));
#7439=CARTESIAN_POINT('',(-10.5428934755389,-11.957107037912,0.8));
#7440=CARTESIAN_POINT('Origin',(-4.24264068711929,-8.48528137423856,1.8));
#7441=CARTESIAN_POINT('',(-4.24264068711929,-8.48528137423856,1.8));
#7442=CARTESIAN_POINT('',(-5.30330085889911,-7.42462120245875,1.8));
#7443=CARTESIAN_POINT('',(-4.24264068711929,-8.48528137423856,0.8));
#7444=CARTESIAN_POINT('',(-4.24264068711929,-8.48528137423856,1.8));
#7445=CARTESIAN_POINT('',(-4.24264068711929,-8.48528137423856,0.8));
#7446=CARTESIAN_POINT('Origin',(-9.12867992370252,-13.3713206108218,1.8));
#7447=CARTESIAN_POINT('',(-3.50367979007144,-7.74632047719071,1.8));
#7448=CARTESIAN_POINT('',(-9.12867992370252,-13.3713206108218,0.8));
#7449=CARTESIAN_POINT('Origin',(9.12867992370252,-13.3713206108218,1.8));
#7450=CARTESIAN_POINT('',(9.12867992370252,-13.3713206108218,1.8));
#7451=CARTESIAN_POINT('',(10.5428934755389,-11.957107037912,1.8));
#7452=CARTESIAN_POINT('',(10.1893401294893,-12.3106603892299,1.8));
#7453=CARTESIAN_POINT('',(9.12867992370252,-13.3713206108218,0.8));
#7454=CARTESIAN_POINT('',(9.12867992370252,-13.3713206108218,1.8));
#7455=CARTESIAN_POINT('',(10.5428934755389,-11.957107037912,0.8));
#7456=CARTESIAN_POINT('',(10.5428934755389,-11.957107037912,0.8));
#7457=CARTESIAN_POINT('',(10.5428934755389,-11.957107037912,1.8));
#7458=CARTESIAN_POINT('Origin',(4.24264068711929,-8.48528137423856,1.8));
#7459=CARTESIAN_POINT('',(4.24264068711929,-8.48528137423856,1.8));
#7460=CARTESIAN_POINT('',(1.06066017177983,-5.3033008588991,1.8));
#7461=CARTESIAN_POINT('',(4.24264068711929,-8.48528137423856,0.8));
#7462=CARTESIAN_POINT('',(4.24264068711929,-8.48528137423856,1.8));
#7463=CARTESIAN_POINT('',(9.12867992370252,-13.3713206108218,0.8));
#7464=CARTESIAN_POINT('Origin',(5.65685424949239,-7.07106781186547,1.8));
#7465=CARTESIAN_POINT('',(5.65685424949239,-7.07106781186547,1.8));
#7466=CARTESIAN_POINT('',(6.01040764008566,-6.7175144212722,1.8));
#7467=CARTESIAN_POINT('',(5.65685424949239,-7.07106781186547,0.8));
#7468=CARTESIAN_POINT('',(5.65685424949239,-7.07106781186547,1.8));
#7469=CARTESIAN_POINT('',(4.24264068711929,-8.48528137423856,0.8));
#7470=CARTESIAN_POINT('Origin',(10.5428934755389,-11.957107037912,1.8));
#7471=CARTESIAN_POINT('',(4.91789334717618,-6.33210690954926,1.8));
#7472=CARTESIAN_POINT('',(10.5428934755389,-11.957107037912,0.8));
#7473=CARTESIAN_POINT('Origin',(-13.3713205792117,-9.12867989209238,1.8));
#7474=CARTESIAN_POINT('',(-13.3713205792117,-9.12867989209238,1.8));
#7475=CARTESIAN_POINT('',(-11.9571070273753,-10.5428934650022,1.8));
#7476=CARTESIAN_POINT('',(-12.3106604572439,-10.1893400298652,1.8));
#7477=CARTESIAN_POINT('',(-13.3713205792117,-9.12867989209238,0.8));
#7478=CARTESIAN_POINT('',(-13.3713205792117,-9.12867989209238,1.8));
#7479=CARTESIAN_POINT('',(-11.9571070273753,-10.5428934650022,0.8));
#7480=CARTESIAN_POINT('',(-13.3713205792117,-9.12867989209238,0.8));
#7481=CARTESIAN_POINT('',(-11.9571070273753,-10.5428934650022,1.8));
#7482=CARTESIAN_POINT('Origin',(-8.48528137423857,-4.24264068711928,1.8));
#7483=CARTESIAN_POINT('',(-8.48528137423857,-4.24264068711928,1.8));
#7484=CARTESIAN_POINT('',(-5.30330085889911,-1.06066017177982,1.8));
#7485=CARTESIAN_POINT('',(-8.48528137423857,-4.24264068711928,0.8));
#7486=CARTESIAN_POINT('',(-8.48528137423857,-4.24264068711928,1.8));
#7487=CARTESIAN_POINT('',(-13.3713205792117,-9.12867989209238,0.8));
#7488=CARTESIAN_POINT('Origin',(-7.07106781186548,-5.65685424949237,1.8));
#7489=CARTESIAN_POINT('',(-7.07106781186548,-5.65685424949237,1.8));
#7490=CARTESIAN_POINT('',(-6.7175144212722,-6.01040764008565,1.8));
#7491=CARTESIAN_POINT('',(-7.07106781186548,-5.65685424949237,0.8));
#7492=CARTESIAN_POINT('',(-7.07106781186548,-5.65685424949237,1.8));
#7493=CARTESIAN_POINT('',(-7.07106781186548,-5.65685424949237,0.8));
#7494=CARTESIAN_POINT('Origin',(-11.9571070273753,-10.5428934650022,1.8));
#7495=CARTESIAN_POINT('',(-6.33210690428092,-4.91789334190781,1.8));
#7496=CARTESIAN_POINT('',(-11.9571070273753,-10.5428934650022,0.8));
#7497=CARTESIAN_POINT('Origin',(8.48528137423858,4.24264068711928,1.8));
#7498=CARTESIAN_POINT('',(8.48528137423858,4.24264068711928,1.8));
#7499=CARTESIAN_POINT('',(13.3713205792117,9.12867989209238,1.8));
#7500=CARTESIAN_POINT('',(5.30330085889911,1.06066017177982,1.8));
#7501=CARTESIAN_POINT('',(8.48528137423858,4.24264068711928,0.8));
#7502=CARTESIAN_POINT('',(8.48528137423858,4.24264068711928,1.8));
#7503=CARTESIAN_POINT('',(13.3713205792117,9.12867989209238,0.8));
#7504=CARTESIAN_POINT('',(13.3713205792117,9.12867989209238,0.8));
#7505=CARTESIAN_POINT('',(13.3713205792117,9.12867989209238,1.8));
#7506=CARTESIAN_POINT('Origin',(7.07106781186548,5.65685424949237,1.8));
#7507=CARTESIAN_POINT('',(7.07106781186548,5.65685424949237,1.8));
#7508=CARTESIAN_POINT('',(6.7175144212722,6.01040764008565,1.8));
#7509=CARTESIAN_POINT('',(7.07106781186548,5.65685424949237,0.8));
#7510=CARTESIAN_POINT('',(7.07106781186548,5.65685424949237,1.8));
#7511=CARTESIAN_POINT('',(7.07106781186548,5.65685424949237,0.8));
#7512=CARTESIAN_POINT('Origin',(11.9571070273753,10.5428934650022,1.8));
#7513=CARTESIAN_POINT('',(11.9571070273753,10.5428934650022,1.8));
#7514=CARTESIAN_POINT('',(6.33210690428093,4.91789334190781,1.8));
#7515=CARTESIAN_POINT('',(11.9571070273753,10.5428934650022,0.8));
#7516=CARTESIAN_POINT('',(11.9571070273753,10.5428934650022,1.8));
#7517=CARTESIAN_POINT('',(11.9571070273753,10.5428934650022,0.8));
#7518=CARTESIAN_POINT('Origin',(13.3713205792117,9.12867989209238,1.8));
#7519=CARTESIAN_POINT('',(12.3106604572439,10.1893400298652,1.8));
#7520=CARTESIAN_POINT('',(13.3713205792117,9.12867989209238,0.8));
#7521=CARTESIAN_POINT('Origin',(5.65685424949239,7.07106781186547,1.8));
#7522=CARTESIAN_POINT('',(5.65685424949239,7.07106781186547,1.8));
#7523=CARTESIAN_POINT('',(10.5428934755389,11.957107037912,1.8));
#7524=CARTESIAN_POINT('',(2.47487373415292,3.889087296526,1.8));
#7525=CARTESIAN_POINT('',(5.65685424949239,7.07106781186547,0.8));
#7526=CARTESIAN_POINT('',(5.65685424949239,7.07106781186547,1.8));
#7527=CARTESIAN_POINT('',(10.5428934755389,11.957107037912,0.8));
#7528=CARTESIAN_POINT('',(10.5428934755389,11.957107037912,0.8));
#7529=CARTESIAN_POINT('',(10.5428934755389,11.957107037912,1.8));
#7530=CARTESIAN_POINT('Origin',(4.24264068711929,8.48528137423856,1.8));
#7531=CARTESIAN_POINT('',(4.24264068711929,8.48528137423856,1.8));
#7532=CARTESIAN_POINT('',(5.30330085889911,7.42462120245875,1.8));
#7533=CARTESIAN_POINT('',(4.24264068711929,8.48528137423856,0.8));
#7534=CARTESIAN_POINT('',(4.24264068711929,8.48528137423856,1.8));
#7535=CARTESIAN_POINT('',(4.24264068711929,8.48528137423856,0.8));
#7536=CARTESIAN_POINT('Origin',(9.12867992370252,13.3713206108218,1.8));
#7537=CARTESIAN_POINT('',(9.12867992370252,13.3713206108218,1.8));
#7538=CARTESIAN_POINT('',(3.50367979007145,7.74632047719072,1.8));
#7539=CARTESIAN_POINT('',(9.12867992370252,13.3713206108218,0.8));
#7540=CARTESIAN_POINT('',(9.12867992370252,13.3713206108218,1.8));
#7541=CARTESIAN_POINT('',(9.12867992370252,13.3713206108218,0.8));
#7542=CARTESIAN_POINT('Origin',(10.5428934755389,11.957107037912,1.8));
#7543=CARTESIAN_POINT('',(10.8964469054075,11.603553602775,1.8));
#7544=CARTESIAN_POINT('',(10.5428934755389,11.957107037912,0.8));
#7545=CARTESIAN_POINT('Origin',(-7.71446637186614,-14.7855341837316,1.8));
#7546=CARTESIAN_POINT('',(-7.71446637186614,-14.7855341837316,1.8));
#7547=CARTESIAN_POINT('',(-6.30025282002975,-16.1997477566414,1.8));
#7548=CARTESIAN_POINT('',(-9.48223335357113,-13.0177671756848,1.8));
#7549=CARTESIAN_POINT('',(-7.71446637186614,-14.7855341837316,0.8));
#7550=CARTESIAN_POINT('',(-7.71446637186614,-14.7855341837316,1.8));
#7551=CARTESIAN_POINT('',(-6.30025282002975,-16.1997477566414,0.8));
#7552=CARTESIAN_POINT('',(-7.71446637186614,-14.7855341837316,0.8));
#7553=CARTESIAN_POINT('',(-6.30025282002975,-16.1997477566414,1.8));
#7554=CARTESIAN_POINT('Origin',(-2.82842712474619,-9.89949493661166,1.8));
#7555=CARTESIAN_POINT('',(-2.82842712474619,-9.89949493661166,1.8));
#7556=CARTESIAN_POINT('',(0.353553390593269,-6.71751442127219,1.8));
#7557=CARTESIAN_POINT('',(-2.82842712474619,-9.89949493661166,0.8));
#7558=CARTESIAN_POINT('',(-2.82842712474619,-9.89949493661166,1.8));
#7559=CARTESIAN_POINT('',(-7.71446637186614,-14.7855341837316,0.8));
#7560=CARTESIAN_POINT('Origin',(-1.41421356237309,-11.3137084989848,1.8));
#7561=CARTESIAN_POINT('',(-1.41421356237309,-11.3137084989848,1.8));
#7562=CARTESIAN_POINT('',(-3.88908729652601,-8.83883476483184,1.8));
#7563=CARTESIAN_POINT('',(-1.41421356237309,-11.3137084989848,0.8));
#7564=CARTESIAN_POINT('',(-1.41421356237309,-11.3137084989848,1.8));
#7565=CARTESIAN_POINT('',(-1.41421356237309,-11.3137084989848,0.8));
#7566=CARTESIAN_POINT('Origin',(-6.30025282002975,-16.1997477566414,1.8));
#7567=CARTESIAN_POINT('',(-0.675252675861961,-10.5747476124736,1.8));
#7568=CARTESIAN_POINT('',(-6.30025282002975,-16.1997477566414,0.8));
#7569=CARTESIAN_POINT('Origin',(-9.12867992370252,13.3713206108218,1.8));
#7570=CARTESIAN_POINT('',(-9.12867992370252,13.3713206108218,1.8));
#7571=CARTESIAN_POINT('',(-10.5428934755389,11.957107037912,1.8));
#7572=CARTESIAN_POINT('',(-10.1893401294893,12.3106603892299,1.8));
#7573=CARTESIAN_POINT('',(-9.12867992370252,13.3713206108218,0.8));
#7574=CARTESIAN_POINT('',(-9.12867992370252,13.3713206108218,1.8));
#7575=CARTESIAN_POINT('',(-10.5428934755389,11.957107037912,0.8));
#7576=CARTESIAN_POINT('',(-10.5428934755389,11.957107037912,0.8));
#7577=CARTESIAN_POINT('',(-10.5428934755389,11.957107037912,1.8));
#7578=CARTESIAN_POINT('Origin',(-4.24264068711929,8.48528137423856,1.8));
#7579=CARTESIAN_POINT('',(-4.24264068711929,8.48528137423856,1.8));
#7580=CARTESIAN_POINT('',(-1.06066017177983,5.3033008588991,1.8));
#7581=CARTESIAN_POINT('',(-4.24264068711929,8.48528137423856,0.8));
#7582=CARTESIAN_POINT('',(-4.24264068711929,8.48528137423856,1.8));
#7583=CARTESIAN_POINT('',(-9.12867992370252,13.3713206108218,0.8));
#7584=CARTESIAN_POINT('Origin',(-5.65685424949239,7.07106781186547,1.8));
#7585=CARTESIAN_POINT('',(-5.65685424949239,7.07106781186547,1.8));
#7586=CARTESIAN_POINT('',(-6.01040764008565,6.7175144212722,1.8));
#7587=CARTESIAN_POINT('',(-5.65685424949239,7.07106781186547,0.8));
#7588=CARTESIAN_POINT('',(-5.65685424949239,7.07106781186547,1.8));
#7589=CARTESIAN_POINT('',(-4.24264068711929,8.48528137423856,0.8));
#7590=CARTESIAN_POINT('Origin',(-10.5428934755389,11.957107037912,1.8));
#7591=CARTESIAN_POINT('',(-4.91789334717618,6.33210690954926,1.8));
#7592=CARTESIAN_POINT('',(-10.5428934755389,11.957107037912,0.8));
#7593=CARTESIAN_POINT('Origin',(2.8284271247462,9.89949493661166,1.8));
#7594=CARTESIAN_POINT('',(2.8284271247462,9.89949493661166,1.8));
#7595=CARTESIAN_POINT('',(7.71446637186614,14.7855341837316,1.8));
#7596=CARTESIAN_POINT('',(-0.353553390593268,6.71751442127219,1.8));
#7597=CARTESIAN_POINT('',(2.82842712474619,9.89949493661166,0.8));
#7598=CARTESIAN_POINT('',(2.8284271247462,9.89949493661166,1.8));
#7599=CARTESIAN_POINT('',(7.71446637186614,14.7855341837316,0.8));
#7600=CARTESIAN_POINT('',(7.71446637186614,14.7855341837316,0.8));
#7601=CARTESIAN_POINT('',(7.71446637186614,14.7855341837316,1.8));
#7602=CARTESIAN_POINT('Origin',(1.4142135623731,11.3137084989848,1.8));
#7603=CARTESIAN_POINT('',(1.4142135623731,11.3137084989848,1.8));
#7604=CARTESIAN_POINT('',(3.88908729652601,8.83883476483184,1.8));
#7605=CARTESIAN_POINT('',(1.4142135623731,11.3137084989848,0.8));
#7606=CARTESIAN_POINT('',(1.4142135623731,11.3137084989848,1.8));
#7607=CARTESIAN_POINT('',(1.4142135623731,11.3137084989848,0.8));
#7608=CARTESIAN_POINT('Origin',(6.30025282002976,16.1997477566414,1.8));
#7609=CARTESIAN_POINT('',(6.30025282002976,16.1997477566414,1.8));
#7610=CARTESIAN_POINT('',(0.675252675861963,10.5747476124736,1.8));
#7611=CARTESIAN_POINT('',(6.30025282002976,16.1997477566414,0.8));
#7612=CARTESIAN_POINT('',(6.30025282002976,16.1997477566414,1.8));
#7613=CARTESIAN_POINT('',(6.30025282002976,16.1997477566414,0.8));
#7614=CARTESIAN_POINT('Origin',(7.71446637186614,14.7855341837316,1.8));
#7615=CARTESIAN_POINT('',(9.48223335357113,13.0177671756848,1.8));
#7616=CARTESIAN_POINT('',(7.71446637186614,14.7855341837316,0.8));
#7617=CARTESIAN_POINT('Origin',(11.9571070273753,-10.5428934650022,1.8));
#7618=CARTESIAN_POINT('',(11.9571070273753,-10.5428934650022,1.8));
#7619=CARTESIAN_POINT('',(13.3713205792117,-9.12867989209238,1.8));
#7620=CARTESIAN_POINT('',(11.6035536813257,-10.8964468163201,1.8));
#7621=CARTESIAN_POINT('',(11.9571070273753,-10.5428934650022,0.8));
#7622=CARTESIAN_POINT('',(11.9571070273753,-10.5428934650022,1.8));
#7623=CARTESIAN_POINT('',(13.3713205792117,-9.12867989209238,0.8));
#7624=CARTESIAN_POINT('',(13.3713205792117,-9.12867989209238,0.8));
#7625=CARTESIAN_POINT('',(13.3713205792117,-9.12867989209238,1.8));
#7626=CARTESIAN_POINT('Origin',(7.07106781186548,-5.65685424949237,1.8));
#7627=CARTESIAN_POINT('',(7.07106781186548,-5.65685424949237,1.8));
#7628=CARTESIAN_POINT('',(3.88908729652602,-2.47487373415291,1.8));
#7629=CARTESIAN_POINT('',(7.07106781186548,-5.65685424949237,0.8));
#7630=CARTESIAN_POINT('',(7.07106781186548,-5.65685424949237,1.8));
#7631=CARTESIAN_POINT('',(11.9571070273753,-10.5428934650022,0.8));
#7632=CARTESIAN_POINT('Origin',(8.48528137423858,-4.24264068711928,1.8));
#7633=CARTESIAN_POINT('',(8.48528137423858,-4.24264068711928,1.8));
#7634=CARTESIAN_POINT('',(7.42462120245875,-5.30330085889911,1.8));
#7635=CARTESIAN_POINT('',(8.48528137423858,-4.24264068711928,0.8));
#7636=CARTESIAN_POINT('',(8.48528137423858,-4.24264068711928,1.8));
#7637=CARTESIAN_POINT('',(7.07106781186548,-5.65685424949237,0.8));
#7638=CARTESIAN_POINT('Origin',(13.3713205792117,-9.12867989209238,1.8));
#7639=CARTESIAN_POINT('',(7.74632046138566,-3.50367977426636,1.8));
#7640=CARTESIAN_POINT('',(13.3713205792117,-9.12867989209238,0.8));
#7641=CARTESIAN_POINT('Origin',(-11.9571070273753,10.5428934650022,1.8));
#7642=CARTESIAN_POINT('',(-11.9571070273753,10.5428934650022,1.8));
#7643=CARTESIAN_POINT('',(-13.3713205792117,9.12867989209238,1.8));
#7644=CARTESIAN_POINT('',(-11.6035536813257,10.8964468163201,1.8));
#7645=CARTESIAN_POINT('',(-11.9571070273753,10.5428934650022,0.8));
#7646=CARTESIAN_POINT('',(-11.9571070273753,10.5428934650022,1.8));
#7647=CARTESIAN_POINT('',(-13.3713205792117,9.12867989209238,0.8));
#7648=CARTESIAN_POINT('',(-13.3713205792117,9.12867989209238,0.8));
#7649=CARTESIAN_POINT('',(-13.3713205792117,9.12867989209238,1.8));
#7650=CARTESIAN_POINT('Origin',(-7.07106781186548,5.65685424949237,1.8));
#7651=CARTESIAN_POINT('',(-7.07106781186548,5.65685424949237,1.8));
#7652=CARTESIAN_POINT('',(-3.88908729652602,2.47487373415291,1.8));
#7653=CARTESIAN_POINT('',(-7.07106781186548,5.65685424949237,0.8));
#7654=CARTESIAN_POINT('',(-7.07106781186548,5.65685424949237,1.8));
#7655=CARTESIAN_POINT('',(-11.9571070273753,10.5428934650022,0.8));
#7656=CARTESIAN_POINT('Origin',(-8.48528137423857,4.24264068711928,1.8));
#7657=CARTESIAN_POINT('',(-8.48528137423857,4.24264068711928,1.8));
#7658=CARTESIAN_POINT('',(-7.42462120245875,5.3033008588991,1.8));
#7659=CARTESIAN_POINT('',(-8.48528137423857,4.24264068711928,0.8));
#7660=CARTESIAN_POINT('',(-8.48528137423857,4.24264068711928,1.8));
#7661=CARTESIAN_POINT('',(-7.07106781186548,5.65685424949237,0.8));
#7662=CARTESIAN_POINT('Origin',(-13.3713205792117,9.12867989209238,1.8));
#7663=CARTESIAN_POINT('',(-7.74632046138566,3.50367977426636,1.8));
#7664=CARTESIAN_POINT('',(-13.3713205792117,9.12867989209238,0.8));
#7665=CARTESIAN_POINT('Origin',(-6.30025282002975,16.1997477566414,1.8));
#7666=CARTESIAN_POINT('',(-6.30025282002975,16.1997477566414,1.8));
#7667=CARTESIAN_POINT('',(-7.71446637186614,14.7855341837316,1.8));
#7668=CARTESIAN_POINT('',(-8.77512657765294,13.7248739621397,1.8));
#7669=CARTESIAN_POINT('',(-6.30025282002975,16.1997477566414,0.8));
#7670=CARTESIAN_POINT('',(-6.30025282002975,16.1997477566414,1.8));
#7671=CARTESIAN_POINT('',(-7.71446637186614,14.7855341837316,0.8));
#7672=CARTESIAN_POINT('',(-7.71446637186614,14.7855341837316,0.8));
#7673=CARTESIAN_POINT('',(-7.71446637186614,14.7855341837316,1.8));
#7674=CARTESIAN_POINT('Origin',(-1.4142135623731,11.3137084989848,1.8));
#7675=CARTESIAN_POINT('',(-1.41421356237309,11.3137084989848,1.8));
#7676=CARTESIAN_POINT('',(1.76776695296637,8.13172798364529,1.8));
#7677=CARTESIAN_POINT('',(-1.41421356237309,11.3137084989848,0.8));
#7678=CARTESIAN_POINT('',(-1.41421356237309,11.3137084989848,1.8));
#7679=CARTESIAN_POINT('',(-6.30025282002975,16.1997477566414,0.8));
#7680=CARTESIAN_POINT('Origin',(-2.82842712474619,9.89949493661166,1.8));
#7681=CARTESIAN_POINT('',(-2.82842712474619,9.89949493661166,1.8));
#7682=CARTESIAN_POINT('',(-4.59619407771256,8.13172798364529,1.8));
#7683=CARTESIAN_POINT('',(-2.82842712474619,9.89949493661166,0.8));
#7684=CARTESIAN_POINT('',(-2.82842712474619,9.89949493661166,1.8));
#7685=CARTESIAN_POINT('',(-1.41421356237309,11.3137084989848,0.8));
#7686=CARTESIAN_POINT('Origin',(-7.71446637186614,14.7855341837316,1.8));
#7687=CARTESIAN_POINT('',(-2.0894662329667,9.16053404483217,1.8));
#7688=CARTESIAN_POINT('',(-7.71446637186614,14.7855341837316,0.8));
#7689=CARTESIAN_POINT('Origin',(9.89949493661166,0.,1.8));
#7690=CARTESIAN_POINT('',(9.89949493661167,0.,1.8));
#7691=CARTESIAN_POINT('',(1.11022302462516E-15,9.89949493661166,1.8));
#7692=CARTESIAN_POINT('',(7.42462120245875,2.47487373415292,1.8));
#7693=CARTESIAN_POINT('',(9.89949493661167,0.,0.8));
#7694=CARTESIAN_POINT('',(9.89949493661167,0.,1.8));
#7695=CARTESIAN_POINT('',(1.11022302462516E-15,9.89949493661166,0.8));
#7696=CARTESIAN_POINT('',(9.89949493661166,0.,0.8));
#7697=CARTESIAN_POINT('',(1.11022302462516E-15,9.89949493661166,1.8));
#7698=CARTESIAN_POINT('Origin',(1.11022302462516E-15,-9.89949493661166,
1.8));
#7699=CARTESIAN_POINT('',(1.11022302462516E-15,-9.89949493661166,1.8));
#7700=CARTESIAN_POINT('',(2.47487373415292,-7.42462120245875,1.8));
#7701=CARTESIAN_POINT('',(1.11022302462516E-15,-9.89949493661166,0.8));
#7702=CARTESIAN_POINT('',(1.11022302462516E-15,-9.89949493661166,1.8));
#7703=CARTESIAN_POINT('',(9.89949493661167,0.,0.8));
#7704=CARTESIAN_POINT('Origin',(-9.89949493661166,0.,1.8));
#7705=CARTESIAN_POINT('',(-9.89949493661166,0.,1.8));
#7706=CARTESIAN_POINT('',(-7.42462120245875,-2.47487373415292,1.8));
#7707=CARTESIAN_POINT('',(-9.89949493661166,0.,0.8));
#7708=CARTESIAN_POINT('',(-9.89949493661166,0.,1.8));
#7709=CARTESIAN_POINT('',(1.11022302462516E-15,-9.89949493661166,0.8));
#7710=CARTESIAN_POINT('Origin',(1.11022302462516E-15,9.89949493661166,1.8));
#7711=CARTESIAN_POINT('',(-2.47487373415292,7.42462120245875,1.8));
#7712=CARTESIAN_POINT('',(1.11022302462516E-15,9.89949493661166,0.8));
#7713=CARTESIAN_POINT('Origin',(0.,-22.5000006705523,1.8));
#7714=CARTESIAN_POINT('',(0.,-22.5000006705523,1.8));
#7715=CARTESIAN_POINT('',(4.8802275655233,-17.6081496268812,1.8));
#7716=CARTESIAN_POINT('',(5.62498425104093,-16.8616191177163,1.8));
#7717=CARTESIAN_POINT('',(0.,-22.5000006705523,0.8));
#7718=CARTESIAN_POINT('',(0.,-22.5000006705523,1.8));
#7719=CARTESIAN_POINT('',(4.8802275655233,-17.6081496268812,0.8));
#7720=CARTESIAN_POINT('',(4.8802275655233,-17.6081496268812,0.8));
#7721=CARTESIAN_POINT('',(4.8802275655233,-17.6081496268812,1.8));
#7722=CARTESIAN_POINT('Origin',(22.5,-2.77820874333911,1.8));
#7723=CARTESIAN_POINT('',(22.5,-2.77820874333911,0.8));
#7724=CARTESIAN_POINT('',(22.5,-2.77820874333911,1.8));
#7725=CARTESIAN_POINT('',(2.8250688245667,-22.5000006705523,0.8));
#7726=CARTESIAN_POINT('',(2.8250688245667,-22.5000006705523,0.8));
#7727=CARTESIAN_POINT('',(2.8250688245667,-22.5000006705523,1.8));
#7728=CARTESIAN_POINT('Origin',(14.7855341310481,-7.71446631918257,1.8));
#7729=CARTESIAN_POINT('',(14.7855341310481,-7.71446631918257,1.8));
#7730=CARTESIAN_POINT('',(22.5,-3.35276126861572E-7,1.8));
#7731=CARTESIAN_POINT('',(13.0177672331621,-9.48223324341032,1.8));
#7732=CARTESIAN_POINT('',(14.7855341310481,-7.71446631918257,0.8));
#7733=CARTESIAN_POINT('',(14.7855341310481,-7.71446631918257,1.8));
#7734=CARTESIAN_POINT('',(22.5,-3.35276126861572E-7,0.8));
#7735=CARTESIAN_POINT('',(22.5,-3.35276126861572E-7,0.8));
#7736=CARTESIAN_POINT('',(22.5,-3.35276126861572E-7,1.8));
#7737=CARTESIAN_POINT('Origin',(9.89949493661167,-2.82842712474619,1.8));
#7738=CARTESIAN_POINT('',(9.89949493661167,-2.82842712474619,1.8));
#7739=CARTESIAN_POINT('',(6.71751442127221,0.353553390593279,1.8));
#7740=CARTESIAN_POINT('',(9.89949493661167,-2.82842712474619,0.8));
#7741=CARTESIAN_POINT('',(9.89949493661167,-2.82842712474619,1.8));
#7742=CARTESIAN_POINT('',(14.7855341310481,-7.71446631918257,0.8));
#7743=CARTESIAN_POINT('Origin',(12.7279219860987,-7.52592105301986E-8,1.8));
#7744=CARTESIAN_POINT('',(12.7279219860987,-7.52592105301986E-8,1.8));
#7745=CARTESIAN_POINT('',(9.54594150838879,-3.18198055296907,1.8));
#7746=CARTESIAN_POINT('',(12.7279219860987,-7.52592105301986E-8,0.8));
#7747=CARTESIAN_POINT('',(12.7279219860987,-7.52592105301986E-8,1.8));
#7748=CARTESIAN_POINT('',(9.89949493661167,-2.82842712474619,0.8));
#7749=CARTESIAN_POINT('Origin',(9.89949493661167,2.82842712474619,1.8));
#7750=CARTESIAN_POINT('',(9.89949493661167,2.82842712474619,1.8));
#7751=CARTESIAN_POINT('',(8.1317279836453,4.59619407771256,1.8));
#7752=CARTESIAN_POINT('',(9.89949493661167,2.82842712474619,0.8));
#7753=CARTESIAN_POINT('',(9.89949493661167,2.82842712474619,1.8));
#7754=CARTESIAN_POINT('',(9.89949493661167,2.82842712474619,0.8));
#7755=CARTESIAN_POINT('Origin',(14.7855341310481,7.71446631918257,1.8));
#7756=CARTESIAN_POINT('',(14.7855341310481,7.71446631918257,1.8));
#7757=CARTESIAN_POINT('',(9.1605340184904,2.08946620662491,1.8));
#7758=CARTESIAN_POINT('',(14.7855341310481,7.71446631918257,0.8));
#7759=CARTESIAN_POINT('',(14.7855341310481,7.71446631918257,1.8));
#7760=CARTESIAN_POINT('',(14.7855341310481,7.71446631918257,0.8));
#7761=CARTESIAN_POINT('Origin',(22.5,3.35276126861572E-7,1.8));
#7762=CARTESIAN_POINT('',(16.8750001676381,5.62500025145709,1.8));
#7763=CARTESIAN_POINT('',(22.5,3.35276126861572E-7,0.8));
#7764=CARTESIAN_POINT('Origin',(2.8250688245667,22.5000006705523,1.8));
#7765=CARTESIAN_POINT('',(22.5,2.77820874333911,0.8));
#7766=CARTESIAN_POINT('',(2.8250688245667,22.5000006705523,0.8));
#7767=CARTESIAN_POINT('',(22.5,2.77820874333911,1.8));
#7768=CARTESIAN_POINT('Origin',(4.8802275655233,17.6081496268812,1.8));
#7769=CARTESIAN_POINT('',(4.8802275655233,17.6081496268812,1.8));
#7770=CARTESIAN_POINT('',(8.06509803380257,14.4156935958808,1.8));
#7771=CARTESIAN_POINT('',(4.8802275655233,17.6081496268812,0.8));
#7772=CARTESIAN_POINT('',(4.8802275655233,17.6081496268812,1.8));
#7773=CARTESIAN_POINT('',(4.8802275655233,17.6081496268812,0.8));
#7774=CARTESIAN_POINT('',(0.,22.5000006705523,1.8));
#7775=CARTESIAN_POINT('Origin',(8.61012002173162E-16,12.7279220613579,1.8));
#7776=CARTESIAN_POINT('',(8.61012002173162E-16,12.7279220613579,1.8));
#7777=CARTESIAN_POINT('',(-3.18198051533946,9.54594154601839,1.8));
#7778=CARTESIAN_POINT('',(1.11022302462516E-15,12.7279220613579,0.8));
#7779=CARTESIAN_POINT('',(8.61012002173162E-16,12.7279220613579,1.8));
#7780=CARTESIAN_POINT('',(8.61012002173162E-16,12.7279220613579,0.8));
#7781=CARTESIAN_POINT('Origin',(-4.88022756552329,17.6081496268812,1.8));
#7782=CARTESIAN_POINT('',(-4.88022756552329,17.6081496268812,1.8));
#7783=CARTESIAN_POINT('',(0.741866732577816,11.98605532878,1.8));
#7784=CARTESIAN_POINT('',(-4.8802275655233,17.6081496268812,0.8));
#7785=CARTESIAN_POINT('',(-4.88022756552329,17.6081496268812,1.8));
#7786=CARTESIAN_POINT('',(8.61012002173162E-16,12.7279220613579,0.8));
#7787=CARTESIAN_POINT('Origin',(0.,22.5000006705523,1.8));
#7788=CARTESIAN_POINT('',(-5.62498425104093,16.8616191177163,1.8));
#7789=CARTESIAN_POINT('',(-4.88022756552329,17.6081496268812,0.8));
#7790=CARTESIAN_POINT('Origin',(-22.5,2.7782087433391,1.8));
#7791=CARTESIAN_POINT('',(-2.8250688245667,22.5000006705523,0.8));
#7792=CARTESIAN_POINT('Origin',(-14.7855341310481,7.71446631918257,1.8));
#7793=CARTESIAN_POINT('',(-14.7855341310481,7.71446631918257,1.8));
#7794=CARTESIAN_POINT('',(-13.0177672331621,9.48223324341031,1.8));
#7795=CARTESIAN_POINT('',(-14.7855341310481,7.71446631918257,0.8));
#7796=CARTESIAN_POINT('',(-14.7855341310481,7.71446631918257,1.8));
#7797=CARTESIAN_POINT('',(-22.5,3.3527612242068E-7,0.8));
#7798=CARTESIAN_POINT('',(-22.5,-3.3527612242068E-7,1.8));
#7799=CARTESIAN_POINT('Origin',(-9.89949493661167,2.82842712474618,1.8));
#7800=CARTESIAN_POINT('',(-9.89949493661167,2.82842712474618,1.8));
#7801=CARTESIAN_POINT('',(-6.71751442127221,-0.353553390593279,1.8));
#7802=CARTESIAN_POINT('',(-9.89949493661167,2.82842712474618,0.8));
#7803=CARTESIAN_POINT('',(-9.89949493661167,2.82842712474618,1.8));
#7804=CARTESIAN_POINT('',(-14.7855341310481,7.71446631918257,0.8));
#7805=CARTESIAN_POINT('Origin',(-12.7279219860987,7.5259208864864E-8,1.8));
#7806=CARTESIAN_POINT('',(-12.7279219860987,-7.5259208864864E-8,1.8));
#7807=CARTESIAN_POINT('',(-9.54594150838878,3.18198055296907,1.8));
#7808=CARTESIAN_POINT('',(-12.7279219860987,-7.5259208864864E-8,0.8));
#7809=CARTESIAN_POINT('',(-12.7279219860987,-7.5259208864864E-8,1.8));
#7810=CARTESIAN_POINT('',(-9.89949493661167,2.82842712474618,0.8));
#7811=CARTESIAN_POINT('Origin',(-9.89949493661167,-2.82842712474618,1.8));
#7812=CARTESIAN_POINT('',(-9.89949493661167,-2.82842712474618,1.8));
#7813=CARTESIAN_POINT('',(-8.13172798364529,-4.59619407771256,1.8));
#7814=CARTESIAN_POINT('',(-9.89949493661167,-2.82842712474618,0.8));
#7815=CARTESIAN_POINT('',(-9.89949493661167,-2.82842712474618,1.8));
#7816=CARTESIAN_POINT('',(-9.89949493661167,-2.82842712474618,0.8));
#7817=CARTESIAN_POINT('Origin',(-14.7855341310481,-7.71446631918257,1.8));
#7818=CARTESIAN_POINT('',(-14.7855341310481,-7.71446631918257,1.8));
#7819=CARTESIAN_POINT('',(-9.1605340184904,-2.08946620662491,1.8));
#7820=CARTESIAN_POINT('',(-14.7855341310481,-7.71446631918257,0.8));
#7821=CARTESIAN_POINT('',(-14.7855341310481,-7.71446631918257,1.8));
#7822=CARTESIAN_POINT('',(-14.7855341310481,-7.71446631918257,0.8));
#7823=CARTESIAN_POINT('Origin',(-22.5,-3.3527612242068E-7,1.8));
#7824=CARTESIAN_POINT('',(-16.8750001676381,-5.62500025145709,1.8));
#7825=CARTESIAN_POINT('',(-22.5,-3.3527612242068E-7,0.8));
#7826=CARTESIAN_POINT('Origin',(-2.8250688245667,-22.5000006705523,1.8));
#7827=CARTESIAN_POINT('',(-2.8250688245667,-22.5000006705523,0.8));
#7828=CARTESIAN_POINT('',(-2.8250688245667,-22.5000006705523,1.8));
#7829=CARTESIAN_POINT('',(-2.8250688245667,-22.5000006705523,0.8));
#7830=CARTESIAN_POINT('Origin',(-4.8802275655233,-17.6081496268812,1.8));
#7831=CARTESIAN_POINT('',(-4.88022756552329,-17.6081496268812,1.8));
#7832=CARTESIAN_POINT('',(-8.06509803380257,-14.4156935958807,1.8));
#7833=CARTESIAN_POINT('',(-4.8802275655233,-17.6081496268812,0.8));
#7834=CARTESIAN_POINT('',(-4.88022756552329,-17.6081496268812,1.8));
#7835=CARTESIAN_POINT('',(-4.8802275655233,-17.6081496268812,0.8));
#7836=CARTESIAN_POINT('Origin',(1.11022302462516E-15,-12.7279220613579,
1.8));
#7837=CARTESIAN_POINT('',(1.11022302462516E-15,-12.7279220613579,1.8));
#7838=CARTESIAN_POINT('',(3.18198051533946,-9.54594154601839,1.8));
#7839=CARTESIAN_POINT('',(1.11022302462516E-15,-12.7279220613579,0.8));
#7840=CARTESIAN_POINT('',(1.11022302462516E-15,-12.7279220613579,1.8));
#7841=CARTESIAN_POINT('',(1.11022302462516E-15,-12.7279220613579,0.8));
#7842=CARTESIAN_POINT('Origin',(4.8802275655233,-17.6081496268812,1.8));
#7843=CARTESIAN_POINT('',(-0.741866732577815,-11.98605532878,1.8));
#7844=CARTESIAN_POINT('',(1.11022302462516E-15,-12.7279220613579,0.8));
#7845=CARTESIAN_POINT('Origin',(0.,0.,0.8));
#7846=CARTESIAN_POINT('',(20.5,-22.5000006705523,0.8));
#7847=CARTESIAN_POINT('',(22.5,20.5,0.8));
#7848=CARTESIAN_POINT('',(22.5,20.5,0.8));
#7849=CARTESIAN_POINT('',(20.5,-22.5000006705523,0.8));
#7850=CARTESIAN_POINT('Origin',(-11.3002752982668,22.5000006705523,1.8));
#7851=CARTESIAN_POINT('',(-11.3002752982668,22.5000006705523,0.8));
#7852=CARTESIAN_POINT('Origin',(-22.5,14.105398463368,1.8));
#7853=CARTESIAN_POINT('',(-14.1253441228335,22.5000006705523,0.8));
#7854=CARTESIAN_POINT('Origin',(-16.9001376491334,16.8868008519565,0.8));
#7855=CARTESIAN_POINT('Origin',(11.3002752982668,-22.5000006705523,1.8));
#7856=CARTESIAN_POINT('',(11.3002752982668,-22.5000006705523,0.8));
#7857=CARTESIAN_POINT('',(11.3002752982668,-22.5000006705523,1.8));
#7858=CARTESIAN_POINT('',(22.5,-11.2736010333608,0.8));
#7859=CARTESIAN_POINT('',(11.3002752982668,-22.5000006705523,0.8));
#7860=CARTESIAN_POINT('',(22.5,-11.2736010333608,1.8));
#7861=CARTESIAN_POINT('Origin',(22.5,-14.105398463368,1.8));
#7862=CARTESIAN_POINT('',(22.5,-14.105398463368,0.8));
#7863=CARTESIAN_POINT('',(22.5,-14.105398463368,1.8));
#7864=CARTESIAN_POINT('',(14.1253441228335,-22.5000006705523,0.8));
#7865=CARTESIAN_POINT('',(14.1253441228335,-22.5000006705523,0.8));
#7866=CARTESIAN_POINT('',(14.1253441228335,-22.5000006705523,1.8));
#7867=CARTESIAN_POINT('Origin',(16.9001376491334,-16.8868008519565,0.8));
#7868=CARTESIAN_POINT('',(22.5,20.5,0.8));
#7869=CARTESIAN_POINT('',(20.5,-22.5000006705523,0.8));
#7870=CARTESIAN_POINT('Origin',(0.,0.,1.8));
#7871=CARTESIAN_POINT('',(2.85,3.49024337756996E-16,1.8));
#7872=CARTESIAN_POINT('Origin',(0.,0.,1.8));
#7873=CARTESIAN_POINT('Origin',(0.,0.,1.8));
#7874=CARTESIAN_POINT('Origin',(0.,0.,1.8));
#7875=CARTESIAN_POINT('Origin',(0.,0.,1.8));
#7876=CARTESIAN_POINT('Origin',(0.,0.,1.8));
#7877=CARTESIAN_POINT('Origin',(0.,0.,1.8));
#7878=CARTESIAN_POINT('Origin',(0.,0.,1.8));
#7879=CARTESIAN_POINT('Origin',(0.,0.,1.8));
#7880=CARTESIAN_POINT('Origin',(0.,0.,1.8));
#7881=CARTESIAN_POINT('Origin',(0.,0.,1.8));
#7882=CARTESIAN_POINT('Origin',(0.,0.,1.8));
#7883=CARTESIAN_POINT('Origin',(0.,0.,1.8));
#7884=CARTESIAN_POINT('Origin',(0.,0.,1.8));
#7885=CARTESIAN_POINT('Origin',(0.,0.,1.8));
#7886=CARTESIAN_POINT('Origin',(0.,0.,1.8));
#7887=CARTESIAN_POINT('Origin',(0.,0.,1.8));
#7888=CARTESIAN_POINT('Origin',(0.,0.,1.8));
#7889=CARTESIAN_POINT('Origin',(0.,0.,4.9));
#7890=CARTESIAN_POINT('',(-2.55,-3.12284933782575E-16,5.2));
#7891=CARTESIAN_POINT('Origin',(0.,0.,5.2));
#7892=CARTESIAN_POINT('',(-2.85,-3.49024337756996E-16,4.9));
#7893=CARTESIAN_POINT('Origin',(-2.55,-3.12284933782575E-16,4.9));
#7894=CARTESIAN_POINT('',(2.85,3.49024337756996E-16,4.9));
#7895=CARTESIAN_POINT('Origin',(0.,0.,4.9));
#7896=CARTESIAN_POINT('Origin',(0.,0.,4.9));
#7897=CARTESIAN_POINT('Origin',(0.,0.,1.8));
#7898=CARTESIAN_POINT('',(2.85,3.49024337756996E-16,1.8));
#7899=CARTESIAN_POINT('Origin',(0.,0.,5.2));
#7900=CARTESIAN_POINT('',(0.620000000001657,2.09959531926979,5.2));
#7901=CARTESIAN_POINT('',(0.620000000002052,0.619999999997981,5.2));
#7902=CARTESIAN_POINT('',(0.620000000001657,2.09959531926979,5.2));
#7903=CARTESIAN_POINT('',(2.10000000000107,0.619999999998814,5.2));
#7904=CARTESIAN_POINT('',(0.620000000002052,0.619999999997981,5.2));
#7905=CARTESIAN_POINT('',(2.10000000000254,-0.620000000001186,5.2));
#7906=CARTESIAN_POINT('',(2.10000000000107,0.619999999998814,5.2));
#7907=CARTESIAN_POINT('',(0.619999999999229,-0.620000000000473,5.2));
#7908=CARTESIAN_POINT('',(2.10000000000254,-0.620000000001186,5.2));
#7909=CARTESIAN_POINT('',(0.61999999999776,-2.0995953192698,5.2));
#7910=CARTESIAN_POINT('',(0.619999999999229,-0.620000000000473,5.2));
#7911=CARTESIAN_POINT('',(-0.62000000000224,-2.09959531926978,5.2));
#7912=CARTESIAN_POINT('',(0.61999999999776,-2.0995953192698,5.2));
#7913=CARTESIAN_POINT('',(-0.620000000002224,-0.619999999995898,5.2));
#7914=CARTESIAN_POINT('',(-0.62000000000224,-2.09959531926978,5.2));
#7915=CARTESIAN_POINT('',(-2.09999999999823,-0.619999999995882,5.2));
#7916=CARTESIAN_POINT('',(-0.620000000002224,-0.619999999995898,5.2));
#7917=CARTESIAN_POINT('',(-2.09999999999805,0.620000000004118,5.2));
#7918=CARTESIAN_POINT('',(-2.09999999999823,-0.619999999995882,5.2));
#7919=CARTESIAN_POINT('',(-0.619999999998382,0.620000000003933,5.2));
#7920=CARTESIAN_POINT('',(-2.09999999999805,0.620000000004118,5.2));
#7921=CARTESIAN_POINT('',(-0.619999999998343,2.09959531926979,5.2));
#7922=CARTESIAN_POINT('',(-0.619999999998382,0.620000000003933,5.2));
#7923=CARTESIAN_POINT('',(-0.619999999998343,2.09959531926979,5.2));
#7924=CARTESIAN_POINT('Origin',(-0.619999999998343,2.09959531926979,1.8));
#7925=CARTESIAN_POINT('',(0.620000000001657,2.09959531926979,1.8));
#7926=CARTESIAN_POINT('',(-0.619999999998343,2.09959531926979,1.8));
#7927=CARTESIAN_POINT('',(-0.309999999999172,2.09959531926979,1.8));
#7928=CARTESIAN_POINT('',(0.620000000001657,2.09959531926979,1.8));
#7929=CARTESIAN_POINT('',(-0.619999999998343,2.09959531926979,1.8));
#7930=CARTESIAN_POINT('Origin',(-0.619999999998382,0.620000000003933,1.8));
#7931=CARTESIAN_POINT('',(-0.619999999998382,0.620000000003933,1.8));
#7932=CARTESIAN_POINT('',(-0.61999999999839,0.310000000001974,1.8));
#7933=CARTESIAN_POINT('',(-0.619999999998382,0.620000000003933,1.8));
#7934=CARTESIAN_POINT('Origin',(-2.09999999999805,0.620000000004118,1.8));
#7935=CARTESIAN_POINT('',(-2.09999999999805,0.620000000004118,1.8));
#7936=CARTESIAN_POINT('',(-1.04999999999899,0.620000000003986,1.8));
#7937=CARTESIAN_POINT('',(-2.09999999999805,0.620000000004118,1.8));
#7938=CARTESIAN_POINT('Origin',(-2.09999999999823,-0.619999999995882,1.8));
#7939=CARTESIAN_POINT('',(-2.09999999999823,-0.619999999995882,1.8));
#7940=CARTESIAN_POINT('',(-2.09999999999818,-0.309999999997787,1.8));
#7941=CARTESIAN_POINT('',(-2.09999999999823,-0.619999999995882,1.8));
#7942=CARTESIAN_POINT('Origin',(-0.620000000002224,-0.619999999995898,1.8));
#7943=CARTESIAN_POINT('',(-0.620000000002224,-0.619999999995898,1.8));
#7944=CARTESIAN_POINT('',(-0.310000000001116,-0.619999999995901,1.8));
#7945=CARTESIAN_POINT('',(-0.620000000002224,-0.619999999995898,1.8));
#7946=CARTESIAN_POINT('Origin',(-0.62000000000224,-2.09959531926978,1.8));
#7947=CARTESIAN_POINT('',(-0.62000000000224,-2.09959531926978,1.8));
#7948=CARTESIAN_POINT('',(-0.620000000002229,-1.04979765963489,1.8));
#7949=CARTESIAN_POINT('',(-0.62000000000224,-2.09959531926978,1.8));
#7950=CARTESIAN_POINT('Origin',(0.61999999999776,-2.0995953192698,1.8));
#7951=CARTESIAN_POINT('',(0.61999999999776,-2.0995953192698,1.8));
#7952=CARTESIAN_POINT('',(0.309999999998869,-2.09959531926979,1.8));
#7953=CARTESIAN_POINT('',(0.61999999999776,-2.0995953192698,1.8));
#7954=CARTESIAN_POINT('Origin',(0.619999999999229,-0.620000000000473,1.8));
#7955=CARTESIAN_POINT('',(0.619999999999229,-0.620000000000473,1.8));
#7956=CARTESIAN_POINT('',(0.619999999999537,-0.310000000000544,1.8));
#7957=CARTESIAN_POINT('',(0.619999999999229,-0.620000000000473,1.8));
#7958=CARTESIAN_POINT('Origin',(2.10000000000254,-0.620000000001186,1.8));
#7959=CARTESIAN_POINT('',(2.10000000000254,-0.620000000001186,1.8));
#7960=CARTESIAN_POINT('',(1.05000000000112,-0.62000000000068,1.8));
#7961=CARTESIAN_POINT('',(2.10000000000254,-0.620000000001186,1.8));
#7962=CARTESIAN_POINT('Origin',(2.10000000000107,0.619999999998814,1.8));
#7963=CARTESIAN_POINT('',(2.10000000000107,0.619999999998814,1.8));
#7964=CARTESIAN_POINT('',(2.10000000000144,0.31000000000065,1.8));
#7965=CARTESIAN_POINT('',(2.10000000000107,0.619999999998814,1.8));
#7966=CARTESIAN_POINT('Origin',(0.620000000002052,0.619999999997981,1.8));
#7967=CARTESIAN_POINT('',(0.620000000002052,0.619999999997981,1.8));
#7968=CARTESIAN_POINT('',(0.310000000000852,0.619999999997807,1.8));
#7969=CARTESIAN_POINT('',(0.620000000002052,0.619999999997981,1.8));
#7970=CARTESIAN_POINT('Origin',(0.620000000001657,2.09959531926979,1.8));
#7971=CARTESIAN_POINT('',(0.620000000001937,1.04979765963498,1.8));
#7972=CARTESIAN_POINT('Origin',(-20.5,20.5000006705523,1.8));
#7973=CARTESIAN_POINT('Origin',(-20.5,20.5000006705523,5.5));
#7974=CARTESIAN_POINT('Origin',(20.5,20.5000006705523,1.8));
#7975=CARTESIAN_POINT('',(22.5,20.5000006705523,5.5));
#7976=CARTESIAN_POINT('',(22.5,20.5000006705523,1.8));
#7977=CARTESIAN_POINT('Origin',(20.5,20.5000006705523,5.5));
#7978=CARTESIAN_POINT('Origin',(20.5,-20.5,1.8));
#7979=CARTESIAN_POINT('',(20.5,-22.5,5.5));
#7980=CARTESIAN_POINT('',(20.5,-22.5,1.8));
#7981=CARTESIAN_POINT('',(22.5,-20.5,5.5));
#7982=CARTESIAN_POINT('Origin',(20.5,-20.5,5.5));
#7983=CARTESIAN_POINT('',(22.5,-20.5,1.8));
#7984=CARTESIAN_POINT('Origin',(22.5,22.5000006705523,1.8));
#7985=CARTESIAN_POINT('',(22.5,22.5000006705523,5.5));
#7986=CARTESIAN_POINT('',(22.5,-3.35276126861572E-7,1.8));
#7987=CARTESIAN_POINT('Origin',(-20.5,-20.5,1.8));
#7988=CARTESIAN_POINT('',(-20.5,-22.5,5.5));
#7989=CARTESIAN_POINT('Origin',(-20.5,-20.5,5.5));
#7990=CARTESIAN_POINT('',(-20.5,-22.5,1.8));
#7991=CARTESIAN_POINT('Origin',(22.5,-22.5,1.8));
#7992=CARTESIAN_POINT('',(22.5,-22.5,5.5));
#7993=CARTESIAN_POINT('',(0.,-22.5000006705523,1.8));
#7994=CARTESIAN_POINT('Origin',(-22.5,22.5,0.));
#7995=CARTESIAN_POINT('',(-24.5,22.5,5.5));
#7996=CARTESIAN_POINT('',(-22.5,24.5,5.5));
#7997=CARTESIAN_POINT('Origin',(-22.5,22.5,5.5));
#7998=CARTESIAN_POINT('',(-22.5,24.5,0.));
#7999=CARTESIAN_POINT('',(-22.5,24.5,0.));
#8000=CARTESIAN_POINT('',(-24.5,22.5,0.));
#8001=CARTESIAN_POINT('Origin',(-22.5,22.5,0.));
#8002=CARTESIAN_POINT('',(-24.5,22.5,0.));
#8003=CARTESIAN_POINT('Origin',(24.5,24.5,0.));
#8004=CARTESIAN_POINT('',(22.5,24.5,5.5));
#8005=CARTESIAN_POINT('',(24.5,24.5,5.5));
#8006=CARTESIAN_POINT('',(22.5,24.5,0.));
#8007=CARTESIAN_POINT('',(22.5,24.5,0.));
#8008=CARTESIAN_POINT('',(-24.5,24.5,0.));
#8009=CARTESIAN_POINT('Origin',(0.,0.,5.5));
#8010=CARTESIAN_POINT('',(-24.5,-22.5,5.5));
#8011=CARTESIAN_POINT('',(-24.5,24.5,5.5));
#8012=CARTESIAN_POINT('',(-22.5,-24.5,5.5));
#8013=CARTESIAN_POINT('Origin',(-22.5,-22.5,5.5));
#8014=CARTESIAN_POINT('',(22.5,-24.5,5.5));
#8015=CARTESIAN_POINT('',(-24.5,-24.5,5.5));
#8016=CARTESIAN_POINT('',(24.5,-22.5,5.5));
#8017=CARTESIAN_POINT('Origin',(22.5,-22.5,5.5));
#8018=CARTESIAN_POINT('',(24.5,22.5,5.5));
#8019=CARTESIAN_POINT('',(24.5,-24.5,5.5));
#8020=CARTESIAN_POINT('Origin',(22.5,22.5,5.5));
#8021=CARTESIAN_POINT('Origin',(22.5,22.5,0.));
#8022=CARTESIAN_POINT('',(24.5,22.5,0.));
#8023=CARTESIAN_POINT('',(24.5,22.5,0.));
#8024=CARTESIAN_POINT('Origin',(22.5,22.5,0.));
#8025=CARTESIAN_POINT('Origin',(24.5,-24.5,0.));
#8026=CARTESIAN_POINT('',(24.5,-22.5,0.));
#8027=CARTESIAN_POINT('',(24.5,-22.5,0.));
#8028=CARTESIAN_POINT('',(24.5,24.5,0.));
#8029=CARTESIAN_POINT('Origin',(22.5,-22.5,0.));
#8030=CARTESIAN_POINT('',(22.5,-24.5,0.));
#8031=CARTESIAN_POINT('',(22.5,-24.5,0.));
#8032=CARTESIAN_POINT('Origin',(22.5,-22.5,0.));
#8033=CARTESIAN_POINT('Origin',(-24.5,-24.5,0.));
#8034=CARTESIAN_POINT('',(-22.5,-24.5,0.));
#8035=CARTESIAN_POINT('',(-22.5,-24.5,0.));
#8036=CARTESIAN_POINT('',(24.5,-24.5,0.));
#8037=CARTESIAN_POINT('Origin',(-22.5,-22.5,0.));
#8038=CARTESIAN_POINT('',(-24.5,-22.5,0.));
#8039=CARTESIAN_POINT('',(-24.5,-22.5,0.));
#8040=CARTESIAN_POINT('Origin',(-22.5,-22.5,0.));
#8041=CARTESIAN_POINT('Origin',(-24.5,24.5,0.));
#8042=CARTESIAN_POINT('',(-24.5,-24.5,0.));
#8043=CARTESIAN_POINT('Origin',(0.,0.,1.8));
#8044=CARTESIAN_POINT('Origin',(0.,0.,0.));
#8045=UNCERTAINTY_MEASURE_WITH_UNIT(LENGTH_MEASURE(0.01),#8049,
'DISTANCE_ACCURACY_VALUE',
'Maximum model space distance between geometric entities at asserted c
onnectivities');
#8046=UNCERTAINTY_MEASURE_WITH_UNIT(LENGTH_MEASURE(0.01),#8049,
'DISTANCE_ACCURACY_VALUE',
'Maximum model space distance between geometric entities at asserted c
onnectivities');
#8047=(
GEOMETRIC_REPRESENTATION_CONTEXT(3)
GLOBAL_UNCERTAINTY_ASSIGNED_CONTEXT((#8045))
GLOBAL_UNIT_ASSIGNED_CONTEXT((#8049,#8051,#8052))
REPRESENTATION_CONTEXT('','3D')
);
#8048=(
GEOMETRIC_REPRESENTATION_CONTEXT(3)
GLOBAL_UNCERTAINTY_ASSIGNED_CONTEXT((#8046))
GLOBAL_UNIT_ASSIGNED_CONTEXT((#8049,#8051,#8052))
REPRESENTATION_CONTEXT('','3D')
);
#8049=(
LENGTH_UNIT()
NAMED_UNIT(*)
SI_UNIT(.MILLI.,.METRE.)
);
#8050=(
LENGTH_UNIT()
NAMED_UNIT(*)
SI_UNIT($,.METRE.)
);
#8051=(
NAMED_UNIT(*)
PLANE_ANGLE_UNIT()
SI_UNIT($,.RADIAN.)
);
#8052=(
NAMED_UNIT(*)
SI_UNIT($,.STERADIAN.)
SOLID_ANGLE_UNIT()
);
#8053=SHAPE_DEFINITION_REPRESENTATION(#8054,#8055);
#8054=PRODUCT_DEFINITION_SHAPE('',$,#8057);
#8055=SHAPE_REPRESENTATION('',(#5105),#8047);
#8056=PRODUCT_DEFINITION_CONTEXT('part definition',#8061,'design');
#8057=PRODUCT_DEFINITION('\X2\592765B9\X0\V1-1.26','\X2\592765B9\X0\V1
-1.26 v21',#8058,#8056);
#8058=PRODUCT_DEFINITION_FORMATION('',$,#8063);
#8059=PRODUCT_RELATED_PRODUCT_CATEGORY('\X2\592765B9\X0\V1-1.26 v21',
'\X2\592765B9\X0\V1-1.26 v21',(#8063));
#8060=APPLICATION_PROTOCOL_DEFINITION('international standard',
'automotive_design',2009,#8061);
#8061=APPLICATION_CONTEXT(
'Core Data for Automotive Mechanical Design Process');
#8062=PRODUCT_CONTEXT('part definition',#8061,'mechanical');
#8063=PRODUCT('\X2\592765B9\X0\V1-1.26','\X2\592765B9\X0\V1-1.26 v21',$,
(#8062));
#8064=PRESENTATION_STYLE_ASSIGNMENT((#8065));
#8065=SURFACE_STYLE_USAGE(.BOTH.,#8066);
#8066=SURFACE_SIDE_STYLE('',(#8067));
#8067=SURFACE_STYLE_FILL_AREA(#8068);
#8068=FILL_AREA_STYLE('ABS(\X2\767D8272\X0\)',(#8069));
#8069=FILL_AREA_STYLE_COLOUR('ABS(\X2\767D8272\X0\)',#8070);
#8070=COLOUR_RGB('ABS(\X2\767D8272\X0\)',0.964705882352941,0.964705882352941,
0.952941176470588);
ENDSEC;
END-ISO-10303-21;
